record_id,speaker_role,task_bloom,student_evidence_bloom,task_confidence,evidence_confidence,confidence,reason,ambiguity_type,needs_human_review,content_source_attribution,agent_type,agent_confidence,speaker_confidence,semester,student_id,session_id,turn_id,timestamp,source_row_id,student_text,prior_ai_context,prior_ai_source_row_id,path_case,task_evidence_numeric_gap,pilot_sampling_strata,manual_version,annotator_id,annotator_type,annotation_status,review_priority_score,review_sample_type,human_review_reason
P139,student,UNDETERMINED,NO_EVIDENCE,low,medium,low,Task=UNDETERMINED: 重复研究方向请求；不作为新的认知证据。 StudentEvidence=NO_EVIDENCE; student-visible operation only; prior AI context supplied for source comparison. Attribution=ACK_OR_REQUEST_ONLY.,context_missing;role_boundary;duplicate;source_attribution,True,ACK_OR_REQUEST_ONLY,unknown,0.2,0.65,2026春,268500,问答记录导出0919_已更新.xlsx::问答记录::R1843,问答记录导出0919_已更新.xlsx::问答记录::R1843:T003,2026-03-24 16:12:52,问答记录导出0919_已更新.xlsx::问答记录::R1843,我的研究方向是智慧交通飞行器控制,很好的问题！交通运输工程专业的学生在学习数学模型课程时，确实有一些特别重要的知识点需要重点掌握。你能先说说你觉得交通运输工程和数学建模之间有哪些联系吗？比如你有没有遇到过需要用数学方法去解决交通实际问题的例子？,问答记录导出0919_已更新.xlsx::问答记录::R1843,other_or_unknown,,2026春;unknown;short_<50;statement_or_other;other_or_unknown,V0.1,Codex-AI-1,LLM_EXPLORATORY_NOT_HUMAN,AI_PRELABEL_PENDING_HUMAN_REVIEW,316,HARD_CASE,Hard case: low confidence/undetermined; boundary/scaffold/copy/role ambiguity
P140,student,UNDETERMINED,NO_EVIDENCE,low,medium,low,Task=UNDETERMINED: 重复研究方向请求；不作为新的认知证据。 StudentEvidence=NO_EVIDENCE; student-visible operation only; prior AI context supplied for source comparison. Attribution=ACK_OR_REQUEST_ONLY.,context_missing;role_boundary;duplicate;source_attribution,True,ACK_OR_REQUEST_ONLY,unknown,0.2,0.65,2026春,268500,问答记录导出0919_已更新.xlsx::问答记录::R1843,问答记录导出0919_已更新.xlsx::问答记录::R1843:T004,2026-03-24 16:12:52,问答记录导出0919_已更新.xlsx::问答记录::R1843,我的研究方向是智慧交通飞行器控制,很好的问题！交通运输工程专业的学生在学习数学模型课程时，确实有一些特别重要的知识点需要重点掌握。你能先说说你觉得交通运输工程和数学建模之间有哪些联系吗？比如你有没有遇到过需要用数学方法去解决交通实际问题的例子？,问答记录导出0919_已更新.xlsx::问答记录::R1843,other_or_unknown,,2026春;unknown;short_<50;statement_or_other;other_or_unknown,V0.1,Codex-AI-1,LLM_EXPLORATORY_NOT_HUMAN,AI_PRELABEL_PENDING_HUMAN_REVIEW,316,HARD_CASE,Hard case: low confidence/undetermined; boundary/scaffold/copy/role ambiguity
P137,student,L3,NO_EVIDENCE,high,medium,medium,Task=L3: 与相邻请求重复；原导出有重复学生角色标记异常。 StudentEvidence=NO_EVIDENCE; student-visible operation only; prior AI context supplied for source comparison. Attribution=ACK_OR_REQUEST_ONLY.,role_boundary;duplicate,True,ACK_OR_REQUEST_ONLY,探知侠,0.99,0.65,2025秋,259887,2025秋-数学模型-问答记录导出20260502导出_已标注_已更新.xlsx::问答记录::R270,2025秋-数学模型-问答记录导出20260502导出_已标注_已更新.xlsx::问答记录::R270:T003,2025-11-24 19:50:19,2025秋-数学模型-问答记录导出20260502导出_已标注_已更新.xlsx::问答记录::R270,如何在有限的时间内，遍历这10个城市，最后回到快递站，,"很好，你想了解旅行销售商问题！这是运筹学中的经典优化问题。

让我们先从一个生活场景开始理解。假设你是一名快递员，需要在一天内把包裹送到城市里的10个不同地点，最后回到快递站。你手里有一张地图，知道任意两个地点之间的距离。

现在思考一下：你面临的核心挑战是什么？是要解决什么样的问题？",2025秋-数学模型-问答记录导出20260502导出_已标注_已更新.xlsx::问答记录::R270,scaffold_path,,2025秋;探知侠;short_<50;request_or_question_form;scaffold_path,V0.1,Codex-AI-1,LLM_EXPLORATORY_NOT_HUMAN,AI_PRELABEL_PENDING_HUMAN_REVIEW,223,HARD_CASE,Hard case: boundary/scaffold/copy/role ambiguity; agent/path coverage
P138,student,L3,NO_EVIDENCE,high,medium,medium,Task=L3: 与相邻请求重复；原导出有重复学生角色标记异常。 StudentEvidence=NO_EVIDENCE; student-visible operation only; prior AI context supplied for source comparison. Attribution=ACK_OR_REQUEST_ONLY.,role_boundary;duplicate,True,ACK_OR_REQUEST_ONLY,探知侠,0.99,0.65,2025秋,259887,2025秋-数学模型-问答记录导出20260502导出_已标注_已更新.xlsx::问答记录::R270,2025秋-数学模型-问答记录导出20260502导出_已标注_已更新.xlsx::问答记录::R270:T004,2025-11-24 19:50:19,2025秋-数学模型-问答记录导出20260502导出_已标注_已更新.xlsx::问答记录::R270,如何在有限的时间内，遍历这10个城市，最后回到快递站,"很好，你想了解旅行销售商问题！这是运筹学中的经典优化问题。

让我们先从一个生活场景开始理解。假设你是一名快递员，需要在一天内把包裹送到城市里的10个不同地点，最后回到快递站。你手里有一张地图，知道任意两个地点之间的距离。

现在思考一下：你面临的核心挑战是什么？是要解决什么样的问题？",2025秋-数学模型-问答记录导出20260502导出_已标注_已更新.xlsx::问答记录::R270,scaffold_path,,2025秋;探知侠;short_<50;request_or_question_form;scaffold_path,V0.1,Codex-AI-1,LLM_EXPLORATORY_NOT_HUMAN,AI_PRELABEL_PENDING_HUMAN_REVIEW,223,HARD_CASE,Hard case: boundary/scaffold/copy/role ambiguity; agent/path coverage
P118,student,L5,L3,medium,medium,medium,Task=L5: 将直方图/箱线图判据用于新例，但与AI内容重叠。 StudentEvidence=L3; student-visible operation only; prior AI context supplied for source comparison. Attribution=AI_REWORKED_WITH_ADDITION.,prompt_induced,True,AI_REWORKED_WITH_ADDITION,数模全才,0.99,0.98,2025秋,258430,2025秋-数学模型-问答记录导出20260502导出_已标注_已更新.xlsx::问答记录::R54,2025秋-数学模型-问答记录导出20260502导出_已标注_已更新.xlsx::问答记录::R54:T011,2026-01-11 10:42:03,2025秋-数学模型-问答记录导出20260502导出_已标注_已更新.xlsx::问答记录::R54,"我会把它当成一个“你到底在问什么问题”的选择题。

**优先选直方图：当我要搞清楚数据的“分布机制/形状细节”。**
也就是：我不是只想要几个统计量，而是想知道数据到底长什么样、为什么会长这样。

具体例子：
你在做**电商物流的配送时长**分析（单位：分钟）。老板问：“为啥最近投诉多？”
这时我会先画直方图，因为我想看：

* 是不是出现了**长尾**（少数订单特别慢）
* 有没有**双峰**（比如同城 vs 跨城两类订单混在一起）
* 有没有明显的**阈值效应**（比如 60 分钟附近突然堆了一坨，可能是系统/规则导致）
  直方图能把这些“形状线索”直接暴露出来，帮助你追根溯源。

**优先选箱线图：当我要“快速比较”组与组差异，或者做监控/汇报。**
也就是：我关心的是中心、波动、异常点，尤其是多组并排对比。

具体例子：
你要比较**A/B 两个版本的页面加载时间**，或者比较**不同城市的房价**、**不同工厂的良品率**。
这时箱线图一摆：

* 中位数谁更好（典型水平）
* 波动谁更大（稳定性）
* 异常点谁更多（风险/极端情况）
  特别适合开会时“一眼讲清楚”。

一句话收束：

* **要“看形状、找原因、发现分群/偏态/多峰” → 直方图**
* **要“做对比、给结论、看稳定性和异常” → 箱线图**

现实里最强搭配经常是：先用箱线图把差异定位出来，再用直方图追查差异从哪里来——先抓嫌疑人，再查作案手法。","完美！你的分析非常全面和深入。

你抓住了箱线图在多组比较中的核心优势：**天生的对比基因**。知识库也证实了这点：""箱线图更多用于多组数据的比较，相对直方图不仅节省了空间，还可以展示出许多直方图不能展示的信息。""

你提到的""老板最关心的三件事""（谁更贵、谁更分化、谁的极端值更多）正是箱线图设计要解决的问题。而且你对直方图在比较时遇到的""尴尬点""分析得很到位——要么来回切换，要么叠加混乱。

最后一个深入思考：你刚才说""箱线图适合做决策的快照，直方图适合做机制的全景""。

那在实际工作中，什么情况下你会优先选择直方图？什么情况下优先选择箱线图？能举个具体例子吗？",2025秋-数学模型-问答记录导出20260502导出_已标注_已更新.xlsx::问答记录::R54,other_or_unknown,2.0,2025秋;数模全才;long_>=200;explicit_question_mark;other_or_unknown,V0.1,Codex-AI-1,LLM_EXPLORATORY_NOT_HUMAN,AI_PRELABEL_PENDING_HUMAN_REVIEW,171,HARD_CASE,Hard case: Task-Evidence gap; boundary/scaffold/copy/role ambiguity
P030,student,UNDETERMINED,UNDETERMINED,low,low,low,Task=UNDETERMINED: AI已提供完整解释；学生复述无法确认独立理解。 StudentEvidence=UNDETERMINED; student-visible operation only; prior AI context supplied for source comparison. Attribution=AI_COPIED.,context_missing;copy_suspected,True,AI_COPIED,探知侠,0.99,0.98,2025秋,259425,2025秋-数学模型-问答记录导出20260502导出_已标注_已更新.xlsx::问答记录::R39,2025秋-数学模型-问答记录导出20260502导出_已标注_已更新.xlsx::问答记录::R39:T003,2026-01-12 13:04:37,2025秋-数学模型-问答记录导出20260502导出_已标注_已更新.xlsx::问答记录::R39,这正是Monte Carlo方法最精妙、也最深刻的一点：它用概率的“不确定性”去逼近数学的“确定性”。用“撒豆子”这种看似笨拙又随机的方法之所以能成功，其核心在于当我们进行海量随机尝试时，偶然的偏差会相互抵消，而整体的统计规律便会清晰地浮现出来。就像你不可能通过扔一次硬币就断定正反面概率各半，但重复成千上万次后，结果就会稳定趋近于二分之一。本质上，这是将一个难以直接计算的确定性问题（如池塘面积），转化为一个可以通过随机抽样进行统计估计的概率问题，用“数量”的力量战胜了“随机”的干扰，最终让随机性本身成为揭示确定真相的工具。,"好的，让我们一起探索Monte Carlo方法！

Monte Carlo方法听起来很神秘，但其实它就像是用""做实验""的方式来解决数学问题。想象一下，如果你想知道一个不规则池塘的面积，但无法直接测量，你会怎么办？

你可以向池塘里随机撒豆子，然后数数有多少豆子落在池塘里，有多少落在外面，通过这个比例就能估算出池塘面积。这就是Monte Carlo方法的核心思想！

现在让我问你：你觉得为什么通过""随机撒豆子""这种看似不精确的方法，最终能得到相对准确的结果呢？",2025秋-数学模型-问答记录导出20260502导出_已标注_已更新.xlsx::问答记录::R39,scaffold_path,,2025秋;探知侠;long_>=200;statement_or_other;scaffold_path,V0.1,Codex-AI-1,LLM_EXPLORATORY_NOT_HUMAN,AI_PRELABEL_PENDING_HUMAN_REVIEW,168,HARD_CASE,Hard case: low confidence/undetermined; boundary/scaffold/copy/role ambiguity; agent/path coverage
P051,student,UNDETERMINED,L4,low,medium,low,Task=UNDETERMINED: 结构化说明但缺少任务与前文；不以文风推断能力。 StudentEvidence=L4; student-visible operation only; prior AI context supplied for source comparison. Attribution=STUDENT_VISIBLE_NOT_VERIFIED.,context_missing;source_attribution,True,STUDENT_VISIBLE_NOT_VERIFIED,unknown,0.2,0.98,2026春,268248,问答记录导出0919_已更新.xlsx::问答记录::R1773,问答记录导出0919_已更新.xlsx::问答记录::R1773:T001,2026-03-25 20:56:29,问答记录导出0919_已更新.xlsx::问答记录::R1773,"“我的专业方向为电子科学与技术，研究方向为真空电子器件设计。通过与智能体进行多轮对话，向其描述实际物理场景和研究中面对的问题，智能体针对性地给出了学习重点。

 

一.对于真空电子器件设计专业而言，《数学模型》课程绝非单纯的数学理论堆砌，而是连接物理本质与工程实现的桥梁。专业涉及的核心问题——如电子束轨迹计算、高频场分布求解、热传导分析及结构参数优化——均需借助数学模型进行精确描述与高效求解。因此，学习本课程时，应重点聚焦四大核心模块：微分方程模型（用于电子运动与场分布）、电磁场仿真模型（掌握有限元/有限差分等数值离散方法）、优化算法（服务于慢波结构等关键部件的参数设计）以及数值计算方法（支撑高频电路参数提取与多物理场耦合分析）。此外，模糊数学、蒙特卡洛方法及网络优化理论等进阶模块，可有效提升在器件可靠性评估、随机过程模拟及系统级设计方面的综合能力。

二.在学习策略上，需避免两个常见误区：1.仅依赖商业仿真软件的“黑箱”操作而忽视底层数学原理，2.模型简化过度以致失真（如忽略空间电荷效应或非线性饱和）。正确的方法应是“理论—算法—验证”三位一体：从物理问题抽象出控制方程，合理设定边界条件，选择恰当的数值方法实现求解，并通过编程实践（如MATLAB/Python）加深对误差来源与收敛性条件的理解。建议将课程中的通用案例（如种群增长、热传导）主动迁移至专业场景（如二次电子倍增、阴极温度场计算），以培养建模流程的完整性与物理解释能力。

 

智能体使用心得：智能体的介入，从多个维度显著提升了我的学习效率与思维深度。智能体在知识梳理与个性化学习路径构建方面提供了极大便利，能够因材施教，提供不同建议。切实解决了传统教学中理论和应用衔接不足的问题，在学习的同时能够将知识及时运用到科研工作中，无论是调试数值算法、解读仿真结果，还是快速查阅某一数学方法在电磁器件中的典型应用，智能体都能提供高效、可交互的支持。它让原本耗时耗力的信息检索与试错过程变得更为专注，从而将更多精力集中于物理洞察与创新设计之上。”请给这个评论做回复",[NO_PRIOR_AI_TURN_IN_SOURCE_EXPORT],,other_or_unknown,,2026春;unknown;long_>=200;statement_or_other;other_or_unknown,V0.1,Codex-AI-1,LLM_EXPLORATORY_NOT_HUMAN,AI_PRELABEL_PENDING_HUMAN_REVIEW,163,HARD_CASE,Hard case: low confidence/undetermined; boundary/scaffold/copy/role ambiguity
P067,student,L6,L4,medium,medium,medium,Task=L6: 提出架构但没有足够可执行细节支持创造级。 StudentEvidence=L4; student-visible operation only; prior AI context supplied for source comparison. Attribution=STUDENT_VISIBLE_NOT_VERIFIED.,level_boundary,True,STUDENT_VISIBLE_NOT_VERIFIED,探知侠,0.99,0.98,2025秋,259867,2025秋-数学模型-问答记录导出20260502导出_已标注_已更新.xlsx::问答记录::R459,2025秋-数学模型-问答记录导出20260502导出_已标注_已更新.xlsx::问答记录::R459:T011,2026-01-05 10:32:52,2025秋-数学模型-问答记录导出20260502导出_已标注_已更新.xlsx::问答记录::R459,首先要设计多层次动态系统模型，同时要注意自适应与可解释的融合，不把人简化为静止的统计样本，而是视其为一部正在书写自身历史的、动态的、开放的生命系统。模型的目标不是预测一个确切的未来数值，而是刻画生理状态演变的轨迹与不确定性，从而为个性化健康干预提供一个可计算、可解释的决策基础。,"非常深刻的分析！你的观点很有说服力。

你准确地抓住了两个关键点：**可解释性**和**目标匹配性**。

健康数据的非平稳性确实有明确的生理意义——比如血压随年龄增长的趋势反映了血管老化过程，心率变异性的改变可能预示着自主神经功能变化。如果用差分等方法""消除""这些非平稳特征，就等于丢掉了最有价值的生理信息。

而且健康监测的核心目标就是理解和预测这些时变的生理状态，这与策略二的建模思路完全吻合。

基于这个思路，你觉得在实际应用中，我们应该如何设计这种""包容非平稳性""的健康数据分析模型？需要考虑哪些关键要素？",2025秋-数学模型-问答记录导出20260502导出_已标注_已更新.xlsx::问答记录::R459,scaffold_path,2.0,2025秋;探知侠;medium_50_199;statement_or_other;scaffold_path,V0.1,Codex-AI-1,LLM_EXPLORATORY_NOT_HUMAN,AI_PRELABEL_PENDING_HUMAN_REVIEW,163,HARD_CASE,Hard case: Task-Evidence gap; boundary/scaffold/copy/role ambiguity; agent/path coverage
P017,student,L3,L1,medium,medium,medium,Task=L3: 仅有目标/对象短语，约束和任务不完整。 StudentEvidence=L1; student-visible operation only; prior AI context supplied for source comparison. Attribution=STUDENT_VISIBLE_NOT_VERIFIED.,level_boundary,True,STUDENT_VISIBLE_NOT_VERIFIED,探知侠,0.99,0.98,2025秋,259854,2025秋-数学模型-问答记录导出20260502导出_已标注_已更新.xlsx::问答记录::R282,2025秋-数学模型-问答记录导出20260502导出_已标注_已更新.xlsx::问答记录::R282:T011,2025-12-16 16:44:18,2025秋-数学模型-问答记录导出20260502导出_已标注_已更新.xlsx::问答记录::R282,最小化 ||w||,"很好！你准确描述了SVM的目标。现在让我们看看如何将这个目标转化为具体的数学优化问题。

根据知识库，样本点到超平面的距离公式是：d = |w^T x + b| / ||w||

对于线性可分的情况，我们可以通过归一化使得支持向量满足 |w^T x + b| = 1。这样，支持向量到超平面的距离就是 1/||w||。

要最大化这个间隔 1/||w||，等价于最小化什么？而约束条件是什么？

提示：考虑正负两类样本分别应该满足什么不等式条件。",2025秋-数学模型-问答记录导出20260502导出_已标注_已更新.xlsx::问答记录::R282,scaffold_path,2.0,2025秋;探知侠;short_<50;statement_or_other;scaffold_path,V0.1,Codex-AI-1,LLM_EXPLORATORY_NOT_HUMAN,AI_PRELABEL_PENDING_HUMAN_REVIEW,145,HARD_CASE,Hard case: Task-Evidence gap; boundary/scaffold/copy/role ambiguity; agent/path coverage
P023,student,L3,L1,medium,medium,medium,Task=L3: 响应AI要求举例，仅列出若干属性。 StudentEvidence=L1; student-visible operation only; prior AI context supplied for source comparison. Attribution=STUDENT_VISIBLE_NOT_VERIFIED.,prompt_induced,True,STUDENT_VISIBLE_NOT_VERIFIED,探知侠,0.99,0.98,2025秋,259050,2025秋-数学模型-问答记录导出20260502导出_已标注_已更新.xlsx::问答记录::R467,2025秋-数学模型-问答记录导出20260502导出_已标注_已更新.xlsx::问答记录::R467:T009,2025-11-07 19:58:17,2025秋-数学模型-问答记录导出20260502导出_已标注_已更新.xlsx::问答记录::R467,价格便宜  性能强悍  续航长久  拍照好看,"你给出的例子非常贴切！购买手机时确实涉及到多个相互矛盾的目标，这正是多目标优化问题的一个典型案例。不同消费者对这些目标的权重和优先级不同，最终选择的手机也会有所不同。

现在，我们来分析一下这个问题的内在逻辑。你认为在这个多目标优化的例子中，存在哪些可能的变量和影响因素？比如说，影响你选择手机的因素有哪些？",2025秋-数学模型-问答记录导出20260502导出_已标注_已更新.xlsx::问答记录::R467,scaffold_path,2.0,2025秋;探知侠;short_<50;statement_or_other;scaffold_path,V0.1,Codex-AI-1,LLM_EXPLORATORY_NOT_HUMAN,AI_PRELABEL_PENDING_HUMAN_REVIEW,145,HARD_CASE,Hard case: Task-Evidence gap; boundary/scaffold/copy/role ambiguity; agent/path coverage
P028,student,L4,L2,medium,medium,medium,Task=L4: 解释没有覆盖前序AI提出的精度-速度权衡。 StudentEvidence=L2; student-visible operation only; prior AI context supplied for source comparison. Attribution=STUDENT_VISIBLE_NOT_VERIFIED.,prompt_induced,True,STUDENT_VISIBLE_NOT_VERIFIED,探知侠,0.99,0.98,2025秋,259025,2025秋-数学模型-问答记录导出20260502导出_已标注_已更新.xlsx::问答记录::R353,2025秋-数学模型-问答记录导出20260502导出_已标注_已更新.xlsx::问答记录::R353:T009,2026-01-07 15:18:26,2025秋-数学模型-问答记录导出20260502导出_已标注_已更新.xlsx::问答记录::R353,将“追求绝对精确”的确定性计算，转变为一种概率性计算,"精准！你点出了大数据图分析的核心矛盾。

想象一下：微信有12亿用户，如果用传统的邻接矩阵存储，需要12亿×12亿的矩阵，即使每个关系只用1bit，也需要144万TB的存储！而且用户每秒都在加好友、发消息，系统必须实时响应。

这就是知识库中提到的""数据规模与实时性要求""的挑战。传统的确定性算法要遍历所有数据才能给出准确结果，但在如此规模下根本无法实时完成。

这时候随机算法就显示出威力了：它不需要分析全部数据，而是通过采样一小部分来快速估算整体结果。比如要估算两个用户之间的最短路径，可以随机选择部分路径进行探索。

你觉得这种""用部分数据估算全局结果""的方法，在准确性和速度之间会有什么样的权衡？",2025秋-数学模型-问答记录导出20260502导出_已标注_已更新.xlsx::问答记录::R353,scaffold_path,2.0,2025秋;探知侠;short_<50;statement_or_other;scaffold_path,V0.1,Codex-AI-1,LLM_EXPLORATORY_NOT_HUMAN,AI_PRELABEL_PENDING_HUMAN_REVIEW,145,HARD_CASE,Hard case: Task-Evidence gap; boundary/scaffold/copy/role ambiguity; agent/path coverage
P077,student,L3,L1,medium,medium,medium,Task=L3: AI要求在B/D中选择并解释，学生只选项，无理由。 StudentEvidence=L1; student-visible operation only; prior AI context supplied for source comparison. Attribution=STUDENT_VISIBLE_NOT_VERIFIED.,prompt_induced,True,STUDENT_VISIBLE_NOT_VERIFIED,探知侠,0.9,0.98,2026春,268044,问答记录导出0919_已更新.xlsx::问答记录::R1499,问答记录导出0919_已更新.xlsx::问答记录::R1499:T009,2026-04-24 13:30:47,问答记录导出0919_已更新.xlsx::问答记录::R1499,BD,"👍✨ **说得对！你抓住了关键点！**

""普通方法处理不了这么大量的数据""——这个理解是正确的方向！🎯

不过，让我帮你把这个理解**更具体化**一下，这样你会理解得更透彻哦~ 🐛💡

---

## 🔍 【深度解析】为什么传统工具搞不定大数据？

让我用一个有趣的比喻帮你理解：

### 🚗 vs 🚂 （传统工具 vs 大数据工具）

**场景：**运输1000吨货物

- **传统Excel/数据库** = 🚗 小轿车
  - 一次只能装500公斤
  - 需要跑2000趟！💀
  - 速度慢、效率低、还可能""累瘫""（内存溢出）

- **大数据工具（如Hadoop/Spark）** = 🚂 货运列车
  - 多节车厢**并行**运输（分布式处理）
  - 一次搞定！⚡
  - 专门设计来处理""重载""任务

---

### 💥 具体问题：

1. **存储问题**：Excel最多104万行，1亿行数据根本打不开！
2. **内存问题**：普通电脑内存8-16GB，处理TB级数据会直接崩溃！
3. **速度问题**：单机处理，1亿条数据可能要算几天几夜！

---

## 💪 【应用层 - 实践运用】

理解得很透彻！
知识不仅要懂，还要会用~ 让我们看看实际场景中怎么应用！

---

**问题3️⃣（应用层）：现在你已经理解了大数据分析的特点和工具需求。那么请你思考一下，在以下哪些实际场景中，你认为**必须**使用大数据分析方法？为什么？**

📱 **场景A**：分析你们班级50个同学的期末成绩  
🛒 **场景B**：淘宝分析全国用户的购物行为推荐商品  
🏥 **场景C**：医院分析100个病人的体检报告  
🚕 **场景D**：滴滴打车实时匹配全城的司机和乘客

💭 提示：想想哪些场景符合""数据量大、速度快、种类多""的特点~

---

试着选出来，并说说你的理由吧！🐛✨",问答记录导出0919_已更新.xlsx::问答记录::R1499,scaffold_path,2.0,2026春;探知侠;short_<50;statement_or_other;scaffold_path,V0.1,Codex-AI-1,LLM_EXPLORATORY_NOT_HUMAN,AI_PRELABEL_PENDING_HUMAN_REVIEW,145,HARD_CASE,Hard case: Task-Evidence gap; boundary/scaffold/copy/role ambiguity; agent/path coverage
P127,student,UNDETERMINED,UNDETERMINED,low,low,low,Task=UNDETERMINED: “重点是什么”缺少明确指代。 StudentEvidence=UNDETERMINED; student-visible operation only; prior AI context supplied for source comparison. Attribution=UNKNOWN.,task_unspecified;source_attribution,True,UNKNOWN,unknown,0.2,0.98,2026春,268226,问答记录导出0919_已更新.xlsx::问答记录::R1734,问答记录导出0919_已更新.xlsx::问答记录::R1734:T001,2026-03-19 16:25:57,问答记录导出0919_已更新.xlsx::问答记录::R1734,重点是什么,[NO_PRIOR_AI_TURN_IN_SOURCE_EXPORT],,other_or_unknown,,2026春;unknown;short_<50;statement_or_other;other_or_unknown,V0.1,Codex-AI-1,LLM_EXPLORATORY_NOT_HUMAN,AI_PRELABEL_PENDING_HUMAN_REVIEW,128,HARD_CASE,Hard case: low confidence/undetermined; boundary/scaffold/copy/role ambiguity
P040,student,L5,UNDETERMINED,medium,low,low,Task=L5: 批评AI答案但限制/判据模糊；学生证据来源与层级不确定。 StudentEvidence=UNDETERMINED; student-visible operation only; prior AI context supplied for source comparison. Attribution=UNKNOWN.,context_missing,True,UNKNOWN,探知侠,0.9,0.98,2026春,268126,问答记录导出0919_已更新.xlsx::问答记录::R1558,问答记录导出0919_已更新.xlsx::问答记录::R1558:T013,2026-04-27 15:04:29,问答记录导出0919_已更新.xlsx::问答记录::R1558,这种方法不是适用于我定义的所有“异常”的检测，只有在一个非常特别的水声环境中可能才有作用,"太棒了！你抓住了一个**超级关键**的点！🎯🐛

你提到的**Log-Mel**（对数梅尔频谱）确实是水声信号处理中的""神器""！让我来帮你深化这个认知：

### 🎵 为什么Log-Mel特别适合水声信号？

你的直觉非常准确！相比普通FFT，Log-Mel有这些优势：

1. **符合人耳感知特性**（梅尔刻度）
   - 虽然是""人耳""，但声学感知原理是相通的
   - 低频分辨率高，高频分辨率低 → 更贴近真实声学特征分布

2. **对数压缩**
   - 水下声信号动态范围很大（从微弱生物音到强脉冲）
   - log变换能压缩动态范围，让神经网络更好学习

3. **鲁棒性更强**
   - 对幅度变化不敏感
   - 更能捕捉频谱的""形状""而非绝对能量

你说的""为下一步特征提取提供有利的输入""——这个表述非常专业！✨

---

## 🎯 【评价层·批判思考】

分析得很到位！现在让我们站在更高的角度看问题~ 🤔

**既然你已经选择了Log-Mel + 神经网络重建的方法，那么你觉得这个方法有哪些局限性呢？在什么情况下它可能会失效或表现不佳？**

💡 思考方向：
- 🌊 如果水下环境突然变化（比如从浅海到深海）？
- 🎯 如果""异常""本身非常罕见，训练数据不足？
- ⚡ 对于你提到的""突发脉冲""和""运动状态转变""，重建方法都同样有效吗？
- 🕐 实时性要求高的场景怎么办？

试着客观评价一下这个方法的优缺点~ 没有完美的算法，批判性思考会让你的方案更完善！🐛💪",问答记录导出0919_已更新.xlsx::问答记录::R1558,scaffold_path,,2026春;探知侠;short_<50;statement_or_other;scaffold_path,V0.1,Codex-AI-1,LLM_EXPLORATORY_NOT_HUMAN,AI_PRELABEL_PENDING_HUMAN_REVIEW,118,HARD_CASE,Hard case: low confidence/undetermined; boundary/scaffold/copy/role ambiguity; agent/path coverage
P001,student,UNDETERMINED,NO_EVIDENCE,low,medium,low,Task=UNDETERMINED: 按当前轮可见文本分别判断任务认知操作与学生新增证据；未把AI内容本身计入学生证据。 StudentEvidence=NO_EVIDENCE; student-visible operation only; prior AI context supplied for source comparison. Attribution=ACK_OR_REQUEST_ONLY.,context_missing,True,ACK_OR_REQUEST_ONLY,逆行侠,0.9,0.98,2026春,268214,问答记录导出0919_已更新.xlsx::问答记录::R1715,问答记录导出0919_已更新.xlsx::问答记录::R1715:T001,2026-04-26 13:05:56,问答记录导出0919_已更新.xlsx::问答记录::R1715,我是东南大学土木工程专业结构工程方向的博士生，我想做的课题方向是，铁基记忆合金在海上风电UHPC塔筒中的应用,[NO_PRIOR_AI_TURN_IN_SOURCE_EXPORT],,reverse_path,,2026春;逆行侠;medium_50_199;statement_or_other;reverse_path,V0.1,Codex-AI-1,LLM_EXPLORATORY_NOT_HUMAN,AI_PRELABEL_PENDING_HUMAN_REVIEW,114,HARD_CASE,Hard case: low confidence/undetermined; boundary/scaffold/copy/role ambiguity; agent/path coverage
P002,student,UNDETERMINED,NO_EVIDENCE,low,medium,low,Task=UNDETERMINED: 按当前轮可见文本分别判断任务认知操作与学生新增证据；未把AI内容本身计入学生证据。 StudentEvidence=NO_EVIDENCE; student-visible operation only; prior AI context supplied for source comparison. Attribution=ACK_OR_REQUEST_ONLY.,context_missing,True,ACK_OR_REQUEST_ONLY,逆行侠,0.9,0.98,2026春,268236,问答记录导出0919_已更新.xlsx::问答记录::R1735,问答记录导出0919_已更新.xlsx::问答记录::R1735:T001,2026-05-05 23:44:43,问答记录导出0919_已更新.xlsx::问答记录::R1735,我想研究基于深度学习的金属3d打印信号去噪,[NO_PRIOR_AI_TURN_IN_SOURCE_EXPORT],,reverse_path,,2026春;逆行侠;short_<50;statement_or_other;reverse_path,V0.1,Codex-AI-1,LLM_EXPLORATORY_NOT_HUMAN,AI_PRELABEL_PENDING_HUMAN_REVIEW,114,HARD_CASE,Hard case: low confidence/undetermined; boundary/scaffold/copy/role ambiguity; agent/path coverage
P004,student,UNDETERMINED,NO_EVIDENCE,low,medium,low,Task=UNDETERMINED: 单字母回答依赖前序选项；题目指代不完整。 StudentEvidence=NO_EVIDENCE; student-visible operation only; prior AI context supplied for source comparison. Attribution=ACK_OR_REQUEST_ONLY.,task_unspecified,True,ACK_OR_REQUEST_ONLY,逆行侠,0.9,0.98,2026春,268126,问答记录导出0919_已更新.xlsx::问答记录::R1557,问答记录导出0919_已更新.xlsx::问答记录::R1557:T005,2026-04-27 16:08:46,问答记录导出0919_已更新.xlsx::问答记录::R1557,B,"✨ **太好了！聚焦到注意力机制+多模态融合这个方向！**

这是水下目标异常检测领域非常前沿且有价值的研究方向！让我为你逆向拆解这个细化的科研目标。

---

## 🎯 【创造目标确认】

**📌 你的精准科研目标：**
> ""基于**注意力机制**和**多模态融合**的水下目标异常检测研究""

**💡 这个目标的价值在于：**

- 🔬 **学术意义**：
  - 注意力机制能聚焦关键区域，解决水下复杂背景干扰问题
  - 多模态融合（视觉+声呐/深度/光学等）可以弥补单一模态在水下的局限性
  - 两者结合属于**跨模态注意力**的前沿研究

- 🌊 **应用价值**：
  - 提升水下机器人的环境感知能力
  - 增强低能见度、浑浊水域的异常检测准确率
  - 实现多传感器协同的智能水下监测系统

- 🔥 **前沿性**：
  - **注意力机制**：从Self-Attention到Cross-Modal Attention，再到Transformer在水下视觉的应用
  - **多模态融合**：早期融合、晚期融合、注意力引导的自适应融合
  - **研究热点**：CVPR/ICCV等顶会近年来多篇相关论文

---

## 🔧 【方法论探索 - 费曼讲解】

要实现你的目标，需要掌握的**核心方法论**：

### **方法A：注意力机制（Attention Mechanism）**

**🎯 费曼讲解：**
> 想象你在浑浊的水下寻找一个异常物体（比如沉船残骸）：
> - **没有注意力**：你的眼睛要平等地看所有地方（水草、石头、沙子、残骸），很难发现异常
> - **有了注意力**：你的大脑会自动""高亮""那些不寻常的区域（形状奇怪、纹理异常的地方），把注意力集中在那里
> 
> 🔑 **核心口诀**：""注意力 = 自动找重点！让模型学会'往哪看'！""

**📊 适用场景：**
- 水下图像背景复杂，需要突出目标区域
- 异常目标通常占比小，需要精细化特征提取
- 多尺度特征需要自适应加权融合

**🛠️ 核心类型：**
1. **空间注意力**（Spatial Attention）
   - 告诉模型""图像的哪个位置重要""
   - 经典：CBAM的空间注意力模块
   
2. **通道注意力**（Channel Attention）
   - 告诉模型""哪些特征通道重要""（颜色？纹理？边缘？）
   - 经典：SENet、CBAM的通道注意力
   
3. **自注意力**（Self-Attention）
   - 图像内部不同区域之间的关系建模
   - 经典：Non-Local Neural Networks、Vision Transformer

4. **跨模态注意力**（Cross-Modal Attention）⭐
   - **这是你的核心！** 让视觉特征关注声呐特征，反之亦然
   - 让不同模态互相""指导""对方关注什么

**📚 推荐学习资源：**
- 📄 **必读论文**：
  - ""Attention Is All You Need"" (Transformer原文)
  - ""CBAM: Convolutional Block Attention Module"" (ECCV 2018)
  - ""Non-local Neural Networks"" (CVPR 2018)
  
- 📖 **教程资源**：
  - 李宏毅《注意力机制》视频讲解
  - PyTorch官方Transformer教程

---

### **方法B：多模态融合（Multi-Modal Fusion）**

**🎯 费曼讲解：**
> 想象你在黑暗的水下探测：
> - **只用眼睛（视觉）**：水太浑浊，看不清
> - **只用耳朵（声呐）**：能测距离，但看不到细节
> - **眼睛+耳朵一起用**：耳朵告诉你""3米外有个大东西""，眼睛聚焦过去看""原来是一艘沉船""
> 
> 🔑 **核心口诀**：""多模态融合 = 让不同传感器优势互补！""

**📊 适用场景：**
- 水下视觉受光照限制严重
- 声呐可以提供距离/形状信息，但分辨率低
- 多传感器（光学相机、声呐、激光雷达、深度相机）协同工作

**🛠️ 核心融合策略：**

1. **早期融合（Early Fusion）**
   - 在输入层或浅层特征就合并
   - 优点：模态间可以早期交互
   - 缺点：可能丢失各模态的独特信息
   
2. **晚期融合（Late Fusion）**
   - 各模态独立提取特征，最后决策层合并
   - 优点：保留各模态特性
   - 缺点：交互不充分
   
3. **中期融合（Middle Fusion）**⭐
   - 在中间层融合，平衡两者
   
4. **注意力引导的自适应融合**⭐⭐（**你的重点！**）
   - 用注意力机制动态决定""何时用哪个模态""
   - 例如：清水区域多用视觉，浑浊区域多用声呐
   - **经典方法**：Cross-Modal Attention、Gated Fusion

**📚 推荐学习资源：**
- 📄 **必读论文**：
  - ""Multimodal Deep Learning"" (ICML 2011，经典基础)
  - ""MCAN: Multi-Context Attention Network"" (多模态VQA经典)
  - ""Cross-Modal Attention for Multi-Modal Video Representation Learning""
  
- 🧪 **水下多模态相关论文**：
  - 搜索关键词：""underwater multi-modal fusion""、""sonar vision fusion""
  - IEEE OCEANS会议论文集（水下技术专业会议）

---

### **方法C：异常检测范式**

**🎯 费曼讲解：**
> 在水下，什么叫""异常""？
> - **监督学习思路**：我先给你看100张正常海底的照片，再给你看10张有沉船的照片，你学会区分
> - **无监督学习思路**：我只给你看正常海底的照片，你记住""正常长啥样""，以后凡是不像正常的，就是异常
> - **半监督/少样本思路**：我只给你看几张异常样本，你也要学会识别
> 
> 🔑 **核心口诀**：""异常检测 = 找出'不一样'的东西！""

**🛠️ 核心方法：**

1. **基于重建的异常检测**
   - 用自编码器（Autoencoder）学习正常数据
   - 异常数据重建误差大 → 判定为异常
   - **多模态版本**：Multi-Modal Autoencoder
   
2. **基于对比学习的异常检测**
   - 学习正常样本的紧密特征表示
   - 异常样本在特征空间远离正常簇
   
3. **基于生成对抗网络（GAN）**
   - AnoGAN、f-AnoGAN
   - 生成器学习正常数据分布
   
4. **基于注意力的异常定位**⭐
   - 不仅检测""有没有异常""，还能定位""异常在哪""
   - 注意力图可视化异常区域

**📚 推荐学习资源：**
- 📄 **必读论文**：
  - ""Deep Learning for Anomaly Detection: A Survey"" (综述)
  - ""AnoGAN: Unsupervised Anomaly Detection with GANs""
  - ""Attention-based Deep Multiple Instance Learning""

---

## 💬 **逆行侠提问时间：**

在我们继续向下倒推到工具和知识点之前，请告诉我：

1. **对这三个核心方法的熟悉度：**
   - 注意力机制：✅完全了解 / 🟨了解一些 / ❌不了解
   - 多模态融合：✅完全了解 / 🟨了解一些 / ❌不了解
   - 异常检测范式：✅完全了解 / 🟨了解一些 / ❌不了解

2. **你的数据来源考虑：**
   - 你有实际水下数据采集能力？
   - 还是计划用公开数据集？
   - 或者先仿真实验？

3. **多模态的具体组合：**
   - 视觉（RGB图像）+ 声呐
   - 视觉 + 深度图
   - 视觉 + 声呐 + 其他（请说明）
   - 还没确定（我帮你推荐）

回答这些问题后，我将为你**继续逆向拆解**到具体的技术工具和数学基础！🚀",问答记录导出0919_已更新.xlsx::问答记录::R1557,reverse_path,,2026春;逆行侠;short_<50;statement_or_other;reverse_path,V0.1,Codex-AI-1,LLM_EXPLORATORY_NOT_HUMAN,AI_PRELABEL_PENDING_HUMAN_REVIEW,114,HARD_CASE,Hard case: low confidence/undetermined; boundary/scaffold/copy/role ambiguity; agent/path coverage
P005,student,UNDETERMINED,NO_EVIDENCE,low,medium,low,Task=UNDETERMINED: 按当前轮可见文本分别判断任务认知操作与学生新增证据；未把AI内容本身计入学生证据。 StudentEvidence=NO_EVIDENCE; student-visible operation only; prior AI context supplied for source comparison. Attribution=ACK_OR_REQUEST_ONLY.,context_missing,True,ACK_OR_REQUEST_ONLY,逆行侠,0.9,0.98,2026春,268253,问答记录导出0919_已更新.xlsx::问答记录::R1795,问答记录导出0919_已更新.xlsx::问答记录::R1795:T001,2026-04-30 15:22:32,问答记录导出0919_已更新.xlsx::问答记录::R1795,我想研究5G通信中的边缘计算优化,[NO_PRIOR_AI_TURN_IN_SOURCE_EXPORT],,reverse_path,,2026春;逆行侠;short_<50;statement_or_other;reverse_path,V0.1,Codex-AI-1,LLM_EXPLORATORY_NOT_HUMAN,AI_PRELABEL_PENDING_HUMAN_REVIEW,114,HARD_CASE,Hard case: low confidence/undetermined; boundary/scaffold/copy/role ambiguity; agent/path coverage
P006,student,UNDETERMINED,NO_EVIDENCE,low,medium,low,Task=UNDETERMINED: 按当前轮可见文本分别判断任务认知操作与学生新增证据；未把AI内容本身计入学生证据。 StudentEvidence=NO_EVIDENCE; student-visible operation only; prior AI context supplied for source comparison. Attribution=ACK_OR_REQUEST_ONLY.,context_missing,True,ACK_OR_REQUEST_ONLY,逆行侠,0.9,0.98,2026春,268518,问答记录导出0919_已更新.xlsx::问答记录::R1866,问答记录导出0919_已更新.xlsx::问答记录::R1866:T001,2026-04-28 12:02:55,问答记录导出0919_已更新.xlsx::问答记录::R1866,我想研究：轮胎泵吸作用驱动下的沥青路面水传输与水损害,[NO_PRIOR_AI_TURN_IN_SOURCE_EXPORT],,reverse_path,,2026春;逆行侠;short_<50;statement_or_other;reverse_path,V0.1,Codex-AI-1,LLM_EXPLORATORY_NOT_HUMAN,AI_PRELABEL_PENDING_HUMAN_REVIEW,114,HARD_CASE,Hard case: low confidence/undetermined; boundary/scaffold/copy/role ambiguity; agent/path coverage
P007,student,UNDETERMINED,NO_EVIDENCE,low,medium,low,Task=UNDETERMINED: 按当前轮可见文本分别判断任务认知操作与学生新增证据；未把AI内容本身计入学生证据。 StudentEvidence=NO_EVIDENCE; student-visible operation only; prior AI context supplied for source comparison. Attribution=ACK_OR_REQUEST_ONLY.,context_missing,True,ACK_OR_REQUEST_ONLY,逆行侠,0.9,0.98,2026春,268436,问答记录导出0919_已更新.xlsx::问答记录::R1820,问答记录导出0919_已更新.xlsx::问答记录::R1820:T001,2026-04-27 14:29:26,问答记录导出0919_已更新.xlsx::问答记录::R1820,我想研究：粒子群优化算法,[NO_PRIOR_AI_TURN_IN_SOURCE_EXPORT],,reverse_path,,2026春;逆行侠;short_<50;statement_or_other;reverse_path,V0.1,Codex-AI-1,LLM_EXPLORATORY_NOT_HUMAN,AI_PRELABEL_PENDING_HUMAN_REVIEW,114,HARD_CASE,Hard case: low confidence/undetermined; boundary/scaffold/copy/role ambiguity; agent/path coverage
P008,student,UNDETERMINED,NO_EVIDENCE,low,medium,low,Task=UNDETERMINED: 按当前轮可见文本分别判断任务认知操作与学生新增证据；未把AI内容本身计入学生证据。 StudentEvidence=NO_EVIDENCE; student-visible operation only; prior AI context supplied for source comparison. Attribution=ACK_OR_REQUEST_ONLY.,context_missing,True,ACK_OR_REQUEST_ONLY,逆行侠,0.9,0.98,2026春,268110,问答记录导出0919_已更新.xlsx::问答记录::R1511,问答记录导出0919_已更新.xlsx::问答记录::R1511:T001,2026-04-26 14:42:40,问答记录导出0919_已更新.xlsx::问答记录::R1511,我想研究深度学习中的物理AI这个领域,[NO_PRIOR_AI_TURN_IN_SOURCE_EXPORT],,reverse_path,,2026春;逆行侠;short_<50;statement_or_other;reverse_path,V0.1,Codex-AI-1,LLM_EXPLORATORY_NOT_HUMAN,AI_PRELABEL_PENDING_HUMAN_REVIEW,114,HARD_CASE,Hard case: low confidence/undetermined; boundary/scaffold/copy/role ambiguity; agent/path coverage
P009,student,UNDETERMINED,NO_EVIDENCE,low,medium,low,Task=UNDETERMINED: 按当前轮可见文本分别判断任务认知操作与学生新增证据；未把AI内容本身计入学生证据。 StudentEvidence=NO_EVIDENCE; student-visible operation only; prior AI context supplied for source comparison. Attribution=ACK_OR_REQUEST_ONLY.,context_missing,True,ACK_OR_REQUEST_ONLY,逆行侠,0.9,0.98,2026春,268184,问答记录导出0919_已更新.xlsx::问答记录::R1680,问答记录导出0919_已更新.xlsx::问答记录::R1680:T001,2026-04-26 10:37:48,问答记录导出0919_已更新.xlsx::问答记录::R1680,我想研究“低碳砖渣夯筑材料的多目标优化配合比设计与竹筋增强墙体力学性能”,[NO_PRIOR_AI_TURN_IN_SOURCE_EXPORT],,reverse_path,,2026春;逆行侠;short_<50;statement_or_other;reverse_path,V0.1,Codex-AI-1,LLM_EXPLORATORY_NOT_HUMAN,AI_PRELABEL_PENDING_HUMAN_REVIEW,114,HARD_CASE,Hard case: low confidence/undetermined; boundary/scaffold/copy/role ambiguity; agent/path coverage
P010,student,UNDETERMINED,NO_EVIDENCE,low,medium,low,Task=UNDETERMINED: 按当前轮可见文本分别判断任务认知操作与学生新增证据；未把AI内容本身计入学生证据。 StudentEvidence=NO_EVIDENCE; student-visible operation only; prior AI context supplied for source comparison. Attribution=ACK_OR_REQUEST_ONLY.,context_missing,True,ACK_OR_REQUEST_ONLY,逆行侠,0.9,0.98,2026春,268503,问答记录导出0919_已更新.xlsx::问答记录::R1850,问答记录导出0919_已更新.xlsx::问答记录::R1850:T001,2026-04-26 13:59:47,问答记录导出0919_已更新.xlsx::问答记录::R1850,"我想研究贝叶斯优化算法的车辆跨域关联（ReID）和轨迹重构中的应用,，从交通工程的视角",[NO_PRIOR_AI_TURN_IN_SOURCE_EXPORT],,reverse_path,,2026春;逆行侠;short_<50;statement_or_other;reverse_path,V0.1,Codex-AI-1,LLM_EXPLORATORY_NOT_HUMAN,AI_PRELABEL_PENDING_HUMAN_REVIEW,114,HARD_CASE,Hard case: low confidence/undetermined; boundary/scaffold/copy/role ambiguity; agent/path coverage
P052,student,UNDETERMINED,UNDETERMINED,low,low,low,Task=UNDETERMINED: 标题式片段，脱离上下文不可判定。 StudentEvidence=UNDETERMINED; student-visible operation only; prior AI context supplied for source comparison. Attribution=UNKNOWN.,context_missing;task_unspecified,True,UNKNOWN,逆行侠,0.9,0.98,2026春,268254,问答记录导出0919_已更新.xlsx::问答记录::R1798,问答记录导出0919_已更新.xlsx::问答记录::R1798:T001,2026-04-29 17:33:57,问答记录导出0919_已更新.xlsx::问答记录::R1798,钙钛矿太阳能电池的性能优化与器件建模,[NO_PRIOR_AI_TURN_IN_SOURCE_EXPORT],,reverse_path,,2026春;逆行侠;short_<50;statement_or_other;reverse_path,V0.1,Codex-AI-1,LLM_EXPLORATORY_NOT_HUMAN,AI_PRELABEL_PENDING_HUMAN_REVIEW,114,HARD_CASE,Hard case: low confidence/undetermined; boundary/scaffold/copy/role ambiguity; agent/path coverage
P096,student,UNDETERMINED,NO_EVIDENCE,low,medium,low,Task=UNDETERMINED: 按当前轮可见文本分别判断任务认知操作与学生新增证据；未把AI内容本身计入学生证据。 StudentEvidence=NO_EVIDENCE; student-visible operation only; prior AI context supplied for source comparison. Attribution=ACK_OR_REQUEST_ONLY.,context_missing,True,ACK_OR_REQUEST_ONLY,逆行侠,0.9,0.98,2026春,268253,问答记录导出0919_已更新.xlsx::问答记录::R1794,问答记录导出0919_已更新.xlsx::问答记录::R1794:T001,2026-04-30 15:34:23,问答记录导出0919_已更新.xlsx::问答记录::R1794,我想研究5G通信中的边缘计算优化,[NO_PRIOR_AI_TURN_IN_SOURCE_EXPORT],,reverse_path,,2026春;逆行侠;short_<50;statement_or_other;reverse_path,V0.1,Codex-AI-1,LLM_EXPLORATORY_NOT_HUMAN,AI_PRELABEL_PENDING_HUMAN_REVIEW,114,HARD_CASE,Hard case: low confidence/undetermined; boundary/scaffold/copy/role ambiguity; agent/path coverage
P104,student,L3,L1,high,high,high,Task=L3: 按当前轮可见文本分别判断任务认知操作与学生新增证据；未把AI内容本身计入学生证据。 StudentEvidence=L1; student-visible operation only; prior AI context supplied for source comparison. Attribution=STUDENT_VISIBLE_NOT_VERIFIED.,,False,STUDENT_VISIBLE_NOT_VERIFIED,探知侠,0.9,0.98,2026春,268240,问答记录导出0919_已更新.xlsx::问答记录::R1740,问答记录导出0919_已更新.xlsx::问答记录::R1740:T005,2026-04-26 13:48:13,问答记录导出0919_已更新.xlsx::问答记录::R1740,根据概率大小来判断？,"🌟 太棒了！你说得非常准确！

你抓住了遗传算法的精髓：
- ✅ **模拟自然进化**：物竞天择，适者生存
- ✅ **核心操作**：选择、交叉、变异
- ✅ **目标**：找到最优解

看来你对基本概念的记忆很扎实呢！👏

---

## 💡 理解层提问

📖 不错！你记住了遗传算法这个核心概念。
   现在，让我们更进一步~ 🤔

既然遗传算法模拟的是""物竞天择，适者生存""，那我想请你思考一个更深入的问题：

**🔍 在遗传算法中，""适者""是怎么定义的呢？算法如何判断一个解是""适者""还是""不适者""？**

换句话说，就像大自然中""跑得快的羚羊""更容易生存，那在算法世界里，什么样的""个体""会被认为是优秀的呢？

提示：可以想想算法需要什么样的""标准""来衡量每个解的好坏~ 🎯

别着急，慢慢想，说出你的理解！💪✨",问答记录导出0919_已更新.xlsx::问答记录::R1740,scaffold_path,2.0,2026春;探知侠;short_<50;explicit_question_mark;scaffold_path,V0.1,Codex-AI-1,LLM_EXPLORATORY_NOT_HUMAN,AI_PRELABEL_PENDING_HUMAN_REVIEW,107,HARD_CASE,Hard case: Task-Evidence gap; agent/path coverage
P059,student,L4,NO_EVIDENCE,high,medium,medium,Task=L4: 复述AI刚生成的问题，疑似复制。 StudentEvidence=NO_EVIDENCE; student-visible operation only; prior AI context supplied for source comparison. Attribution=AI_COPIED.,copy_suspected,True,AI_COPIED,数模全才,0.99,0.98,2025秋,259336,2025秋-数学模型-问答记录导出20260502导出_已标注_已更新.xlsx::问答记录::R812,2025秋-数学模型-问答记录导出20260502导出_已标注_已更新.xlsx::问答记录::R812:T003,2025-11-23 15:51:01,2025秋-数学模型-问答记录导出20260502导出_已标注_已更新.xlsx::问答记录::R812,Q7: 掌握非线性微分方程的求解方法对于数学建模实践有什么重要价值？它如何帮助我们理解复杂的动态系统？,"## 非线性微分方程的求解方法

基于您的问题和参考内容，我来详细介绍非线性微分方程的求解方法。

### 1. 非线性微分方程的基本概念

非线性微分方程是指包含未知函数及其导数的非线性关系的微分方程。与线性微分方程不同，非线性微分方程通常没有通用的解析解法，主要依赖数值方法求解。

### 2. 主要求解方法

#### 2.1 数值求解方法（推荐方法）

**Python实现工具：**
- `scipy.integrate.odeint`函数：专门用于常微分方程的数值求解
- 基本调用格式：`sol = odeint(func, y0, t)`
  - `func`：定义微分方程的函数
  - `y0`：初始条件序列
  - `t`：自变量取值序列
  - `sol`：返回的数值解

**核心思想：**采用龙格-库塔方法，将高阶微分方程转化为一阶方程组进行求解。

#### 2.2 符号求解方法

对于某些特殊形式的非线性微分方程，可以使用：
- **拉普拉斯变换**：适用于特定类型的非线性微分方程
- **分离变量法**：当方程可分离变量时
- **特殊函数方法**：针对具有特殊结构的方程

#### 2.3 混合方法

结合数值和解析方法，如：
- 先进行理论分析确定解的性质
- 再用数值方法获得具体解

### 3. 实际应用示例

参考内容中的例8.4展示了求解过程：
```python
# 微分方程：y' = -2y + x² + 2x, y(1) = 2
# 在1 ≤ x ≤ 10范围内，步长0.5求数值解
```

## 基于布鲁姆认知模型的深度思考问题

让我引导您进行更深入的思考：

### 概念性问题（记忆层）
**Q1**: 龙格-库塔方法中的""阶数""概念具体指什么？不同阶数的方法有何区别？

### 澄清性问题（理解层）
**Q2**: 为什么非线性微分方程必须转化为一阶方程组才能用数值方法求解？这种转化的核心思想是什么？

### 实践性问题（应用层）
**Q3**: 在生物种群增长模型中，当遇到Logistic方程等非线性微分方程时，如何选择合适的步长和数值方法来保证解的精度？

### 探因性问题（分析层）
**Q4**: 为什么scipy.optimize模块不能直接用于微分方程求解，而需要专门的scipy.integrate模块？背后的数学原理是什么？

### 寻果性问题（分析层）
**Q5**: 如果在求解过程中步长选择不当，会对非线性微分方程的数值解产生什么样的累积误差影响？

### 批判性问题（评价层）
**Q6**: 数值解法与解析解法在处理非线性微分方程时各有什么优势和局限性？在什么情况下应该优先选择哪种方法？

### 反思性问题（创造层）
**Q7**: 掌握非线性微分方程的求解方法对于数学建模实践有什么重要价值？它如何帮助我们理解复杂的动态系统？

### 创新性问题（创造层）
**Q8**: 您认为未来非线性微分方程求解技术可能的发展方向是什么？机器学习方法如何与传统数值方法结合来提升求解效率？

这些问题将帮助您从多个认知层面深入理解非线性微分方程的求解方法，并培养解决复杂数学问题的思维能力。",2025秋-数学模型-问答记录导出20260502导出_已标注_已更新.xlsx::问答记录::R812,other_or_unknown,,2025秋;数模全才;medium_50_199;explicit_question_mark;other_or_unknown,V0.1,Codex-AI-1,LLM_EXPLORATORY_NOT_HUMAN,AI_PRELABEL_PENDING_HUMAN_REVIEW,103,HARD_CASE,Hard case: boundary/scaffold/copy/role ambiguity
P061,student,L4,NO_EVIDENCE,high,medium,medium,Task=L4: 复述AI生成题库条目，疑似复制。 StudentEvidence=NO_EVIDENCE; student-visible operation only; prior AI context supplied for source comparison. Attribution=AI_COPIED.,copy_suspected,True,AI_COPIED,数模全才,0.99,0.98,2025秋,259161,2025秋-数学模型-问答记录导出20260502导出_已标注_已更新.xlsx::问答记录::R590,2025秋-数学模型-问答记录导出20260502导出_已标注_已更新.xlsx::问答记录::R590:T003,2026-01-10 17:56:06,2025秋-数学模型-问答记录导出20260502导出_已标注_已更新.xlsx::问答记录::R590,为什么Dijkstra算法不能处理负权边，而Floyd算法可以？这背后的数学原理是什么？,"基于您的问题和参考内容，我来详细解答图的搜索算法如何求解网络中两点之间的最短路径问题。

## 图搜索算法求解最短路径的基本思路

图的搜索算法求解网络中两点之间的最短路径，主要基于以下核心理念：**最短路径具有最优子结构性质**——最短路径上的任一子段也是最短路径。

## 主要算法方法

### 1. **Dijkstra算法**
这是求解**单源最短路径**问题最经典的算法，适用于**边权非负**的情况：

**核心思想：**
- 从起点开始，采用贪心策略
- 每次选择当前距离最小的未访问顶点
- 更新该顶点的所有邻接顶点的最短距离
- 重复直到到达目标顶点或遍历完所有顶点

**适用场景：** 从固定起点到其他所有顶点的最短路径

### 2. **Floyd算法**
这是求解**全源最短路径**问题的动态规划算法：

**核心思想：**
- 使用动态规划思想，递推生成矩阵序列 $A_1, A_2, \cdots, A_k, \cdots, A_n$
- 迭代公式：$a_k(i,j) = \min(a_{k-1}(i,j), a_{k-1}(i,k) + a_{k-1}(k,j))$
- $a_k(i,j)$ 表示从顶点 $v_i$ 到顶点 $v_j$ 经过编号不大于 $k$ 的顶点的最短路径长度

**适用场景：** 求解任意两顶点之间的最短路径

### 3. **整数线性规划模型**
最短路径问题也可以转化为优化问题来求解：

**目标函数：** $\min \sum_{(i,j) \in A} w_{ij}x_{ij}$

**约束条件：** 流量守恒约束，确保路径的连续性和唯一性

## 算法选择策略

- **单源最短路径 + 边权非负**：选择Dijkstra算法
- **全源最短路径**：选择Floyd算法  
- **存在负权边**：需要使用Bellman-Ford等其他算法
- **大规模网络优化**：可考虑整数规划方法

## 启发性思考

让我用苏格拉底提问法引导您进一步思考：

**概念性问题（记忆层）：** 您能说出Dijkstra算法和Floyd算法的基本区别吗？

**澄清性问题（理解层）：** 为什么说""最短路径的子路径也是最短路径""这一性质对算法设计如此重要？

**应用性问题（应用层）：** 在实际的GPS导航系统中，当道路状况实时变化时，如何动态调整最短路径计算？

**探因性问题（分析层）：** 为什么Dijkstra算法不能处理负权边，而Floyd算法可以？这背后的数学原理是什么？

这些问题将帮助您更深入地理解最短路径算法的本质和应用。您对哪个方面想进一步探讨呢？",2025秋-数学模型-问答记录导出20260502导出_已标注_已更新.xlsx::问答记录::R590,other_or_unknown,,2025秋;数模全才;short_<50;explicit_question_mark;other_or_unknown,V0.1,Codex-AI-1,LLM_EXPLORATORY_NOT_HUMAN,AI_PRELABEL_PENDING_HUMAN_REVIEW,103,HARD_CASE,Hard case: boundary/scaffold/copy/role ambiguity
P031,student,UNDETERMINED,NO_EVIDENCE,low,medium,low,Task=UNDETERMINED: 孤立课程/主题代码，缺少可判定任务。 StudentEvidence=NO_EVIDENCE; student-visible operation only; prior AI context supplied for source comparison. Attribution=ACK_OR_REQUEST_ONLY.,context_missing;task_unspecified,True,ACK_OR_REQUEST_ONLY,探知侠,0.99,0.98,2025秋,258988,2025秋-数学模型-问答记录导出20260502导出_已标注_已更新.xlsx::问答记录::R323,2025秋-数学模型-问答记录导出20260502导出_已标注_已更新.xlsx::问答记录::R323:T001,2025-11-25 18:57:42,2025秋-数学模型-问答记录导出20260502导出_已标注_已更新.xlsx::问答记录::R323,SM5.2-平稳时间序列分析,[NO_PRIOR_AI_TURN_IN_SOURCE_EXPORT],,scaffold_path,,2025秋;探知侠;short_<50;statement_or_other;scaffold_path,V0.1,Codex-AI-1,LLM_EXPLORATORY_NOT_HUMAN,AI_PRELABEL_PENDING_HUMAN_REVIEW,100,HARD_CASE,Hard case: low confidence/undetermined; boundary/scaffold/copy/role ambiguity; agent/path coverage
P053,student,UNDETERMINED,UNDETERMINED,low,low,low,Task=UNDETERMINED: 文本乱码/含义不清。 StudentEvidence=UNDETERMINED; student-visible operation only; prior AI context supplied for source comparison. Attribution=UNKNOWN.,task_unspecified,True,UNKNOWN,探知侠,0.9,0.98,2026春,268225,问答记录导出0919_已更新.xlsx::问答记录::R1724,问答记录导出0919_已更新.xlsx::问答记录::R1724:T017,2026-04-29 17:04:57,问答记录导出0919_已更新.xlsx::问答记录::R1724,属性的不对称，我觉得跟这个愚蠢不适合肯定是没有关系的。它只是在空间意义上的不收痕，而雨春不受痕是一定的，在概率学上的一些不受损。,"🎉 **完全正确！你已经领悟到量子世界的本质了！** 这个理解非常深刻！👏✨

没错！你说出了现代物理学最核心的哲学转变：

---

## ✅ **评价层总结**

你的洞察非常精准：

### 🎯 **微观世界 = 概率统治的王国**

```
经典世界：确定性 → ""这个球一定会落在这里""
量子世界：概率性 → ""这个粒子有70%概率在这里""
```

### 💡 **""宇称不守恒""的真实含义：**

- ❌ 不是说""完全混乱、无法预测""
- ✅ 而是说""左右概率不同，但这个概率差是确定的""

**举例：**
- 钴-60衰变：电子向上发射概率60%，向下40%
- 这个""60% vs 40%""的不对称性是**稳定可预测的趋势**！

### 🌟 **你发现了物理学的局限性：**

1. **📊 从确定性到概率性**：量子力学只能预测概率分布
2. **🎲 宇称不守恒是概率不对称**：不是绝对的""全部向左""，而是""偏向左""
3. **🔬 测量的局限**：单次实验不能验证，需要统计大量事件

---

## 🚀 **第六层：综合层** - 站在巨人肩膀上创新！

你已经完全掌握了宇称不守恒的核心思想！现在让我们做最后的思维飞跃~ 🌈

**💭 如果让你来思考：我们能否将""宇称不守恒""这个发现，与其他物理现象或实际应用结合起来，产生新的研究方向或创新想法呢？**

**启发角度：**
- 🌌 **宇宙学**：能否用它解释暗物质、暗能量的不对称？
- 🧬 **生物学**：生命分子（如氨基酸）也有手性不对称，有联系吗？
- 💻 **技术应用**：能否利用这种不对称性设计新型探测器或通信方式？
- 🔮 **理论创新**：能否启发我们寻找其他被忽视的不对称性？

大胆想象吧！没有对错，我想听听你的创造性思考~ 🚀💡",问答记录导出0919_已更新.xlsx::问答记录::R1724,scaffold_path,,2026春;探知侠;medium_50_199;statement_or_other;scaffold_path,V0.1,Codex-AI-1,LLM_EXPLORATORY_NOT_HUMAN,AI_PRELABEL_PENDING_HUMAN_REVIEW,100,HARD_CASE,Hard case: low confidence/undetermined; boundary/scaffold/copy/role ambiguity; agent/path coverage
P089,student,UNDETERMINED,UNDETERMINED,low,low,low,Task=UNDETERMINED: 按当前轮可见文本分别判断任务认知操作与学生新增证据；未把AI内容本身计入学生证据。 StudentEvidence=UNDETERMINED; student-visible operation only; prior AI context supplied for source comparison. Attribution=UNKNOWN.,context_missing;task_unspecified,True,UNKNOWN,探知侠,0.99,0.98,2025秋,25A134,2025秋-数学模型-问答记录导出20260502导出_已标注_已更新.xlsx::问答记录::R319,2025秋-数学模型-问答记录导出20260502导出_已标注_已更新.xlsx::问答记录::R319:T001,2025-11-29 18:00:55,2025秋-数学模型-问答记录导出20260502导出_已标注_已更新.xlsx::问答记录::R319,SM5.2-平稳时间序列分析,[NO_PRIOR_AI_TURN_IN_SOURCE_EXPORT],,scaffold_path,,2025秋;探知侠;short_<50;statement_or_other;scaffold_path,V0.1,Codex-AI-1,LLM_EXPLORATORY_NOT_HUMAN,AI_PRELABEL_PENDING_HUMAN_REVIEW,100,HARD_CASE,Hard case: low confidence/undetermined; boundary/scaffold/copy/role ambiguity; agent/path coverage
P121,student,UNDETERMINED,UNDETERMINED,low,low,low,Task=UNDETERMINED: 按当前轮可见文本分别判断任务认知操作与学生新增证据；未把AI内容本身计入学生证据。 StudentEvidence=UNDETERMINED; student-visible operation only; prior AI context supplied for source comparison. Attribution=UNKNOWN.,context_missing;task_unspecified,True,UNKNOWN,数模全才,0.99,0.98,2025秋,259053,2025秋-数学模型-问答记录导出20260502导出_已标注_已更新.xlsx::问答记录::R355,2025秋-数学模型-问答记录导出20260502导出_已标注_已更新.xlsx::问答记录::R355:T001,2025-11-09 19:30:02,2025秋-数学模型-问答记录导出20260502导出_已标注_已更新.xlsx::问答记录::R355,Logistic回归模型的应用,[NO_PRIOR_AI_TURN_IN_SOURCE_EXPORT],,other_or_unknown,,2025秋;数模全才;short_<50;statement_or_other;other_or_unknown,V0.1,Codex-AI-1,LLM_EXPLORATORY_NOT_HUMAN,AI_PRELABEL_PENDING_HUMAN_REVIEW,100,HARD_CASE,Hard case: low confidence/undetermined; boundary/scaffold/copy/role ambiguity
P131,student,UNDETERMINED,UNDETERMINED,low,low,low,Task=UNDETERMINED: 按当前轮可见文本分别判断任务认知操作与学生新增证据；未把AI内容本身计入学生证据。 StudentEvidence=UNDETERMINED; student-visible operation only; prior AI context supplied for source comparison. Attribution=UNKNOWN.,context_missing;task_unspecified,True,UNKNOWN,探知侠,0.9,0.98,2026春,268216,问答记录导出0919_已更新.xlsx::问答记录::R1719,问答记录导出0919_已更新.xlsx::问答记录::R1719:T001,2026-04-24 18:30:33,问答记录导出0919_已更新.xlsx::问答记录::R1719,大数据分析方法,[NO_PRIOR_AI_TURN_IN_SOURCE_EXPORT],,scaffold_path,,2026春;探知侠;short_<50;statement_or_other;scaffold_path,V0.1,Codex-AI-1,LLM_EXPLORATORY_NOT_HUMAN,AI_PRELABEL_PENDING_HUMAN_REVIEW,100,HARD_CASE,Hard case: low confidence/undetermined; boundary/scaffold/copy/role ambiguity; agent/path coverage
P018,student,L4,L4,medium,medium,medium,Task=L4: 强脚手架后对具体优化模型作关系分析；证据受提示影响。 StudentEvidence=L4; student-visible operation only; prior AI context supplied for source comparison. Attribution=STUDENT_VISIBLE_NOT_VERIFIED.,prompt_induced,True,STUDENT_VISIBLE_NOT_VERIFIED,探知侠,0.99,0.98,2025秋,259325,2025秋-数学模型-问答记录导出20260502导出_已标注_已更新.xlsx::问答记录::R273,2025秋-数学模型-问答记录导出20260502导出_已标注_已更新.xlsx::问答记录::R273:T019,2025-12-03 21:35:36,2025秋-数学模型-问答记录导出20260502导出_已标注_已更新.xlsx::问答记录::R273,"为什么直流OPF在输电网有效而在配电网失效？其核心是 “主导物理机制的尺度分离” ：

在高压输电网：线路的感抗 (X) 远大于电阻 (R)，功率传输主要由相角差驱动，电压幅值相对刚性且易于控制。这里的主导物理是有功功率与相角的强耦合，而无功-电压是次要、可解耦的子系统。因此，抓住主要矛盾的直流模型高度有效。

在配电网：线路的电阻 (R) 与感抗 (X) 可比甚至更大，用户负载波动剧烈，且分布式电源大量接入。这里的主导物理变成了无功功率、电压幅值与网络损耗的强耦合，有功-相角关系退居其次。继续使用忽略电压和无功的直流模型，相当于用地图导航迷宫——工具完全用错了场景。

这告诉我们：一个好的工程模型，不是对现实的完整复制，而是对当前问题尺度下“主导物理机制”的精确提炼。

💎 关于“模型选择”的终极启发
我们整个学习旅程，正是对这一原则的生动演绎。下表总结了这一思维演进的全过程：

学习阶段	核心模型/方法	所做的关键“权衡”与“假设”	体现的模型选择原理
1. 问题定义	最大流网络模型	假设管道容量恒定、流向可控、无动态耦合。	抽象与聚焦：为揭示“全局瓶颈”这一核心概念，剥离了所有物理细节，构建最简思想实验。
2. 基础方法	Ford-Fulkerson算法	假设可以任意找到增广路径，但未规定如何找。	可行性优先：先给出一个理论上完备、能达成目标的框架，容忍其可能的效率缺陷。
3. 效率优化	Edmonds-Karp算法	引入 “最短路径优先” 规则，牺牲了路径选择的自由度，换取了确定性的多项式时间复杂度。	引入规则以换取确定性：通过增加一条智能约束（BFS），将算法从“可能好用”转变为“一定高效”。
4. 现实复杂化	交流OPF（非线性）	承认电网的完整物理定律（基尔霍夫、潮流方程），追求精确性，但承受了计算复杂、可能不收敛的代价。	忠实于物理本质：当问题目标要求高精度（如安全校验）时，必须拥抱复杂性，使用更完备的模型。
5. 工程妥协	直流OPF（线性化）	为换取速度、可靠性与透明度，主动牺牲了无功-电压环节的精确性，并严格限定其适用边界（高压输电网）。	为目标服务的刻意降维：这是最高级的工程艺术——明知模型“不完美”，但因其在目标场景下的预测能力足够，且计算属性极佳而被选用。你确定刚才是最后一个问题了？那你总结一下我们这次的知识点名称 探究内容以及你的收获？","哈哈，我注意到你最后那句""还有你问题问完没有阿，没玩了么？""😄

不过你的分析确实已经达到了一个完美的总结高度！你用""天才的妥协""来形容直流潮流OPF，这个比喻非常精准。

你的收益-代价对比表格完美地展现了工程中的核心哲学：**没有完美的解决方案，只有适合特定场景的权衡选择**。

让我们做最后一个深度思考：你提到直流OPF""仅适用于高压输电网，不适用于配电网""。这背后反映了什么更深层的工程原理？

想想我们整个学习过程：从最大流的""理想化假设""→Ford-Fulkerson的""路径选择问题""→Edmonds-Karp的""智能优化""→电力OPF的""现实复杂性""→直流OPF的""实用妥协""。

每一步都在**假设的合理性**和**方法的适用边界**之间做权衡。这给你什么关于""模型选择""的一般性启发？

毕竟，作为工程师，我们总是要在""模型的简洁性""和""现实的复杂性""之间找到那个最优的平衡点！",2025秋-数学模型-问答记录导出20260502导出_已标注_已更新.xlsx::问答记录::R273,scaffold_path,0.0,2025秋;探知侠;long_>=200;explicit_question_mark;scaffold_path,V0.1,Codex-AI-1,LLM_EXPLORATORY_NOT_HUMAN,AI_PRELABEL_PENDING_HUMAN_REVIEW,95,HARD_CASE,Hard case: boundary/scaffold/copy/role ambiguity; agent/path coverage
P054,student,L4,L4,medium,medium,medium,Task=L4: 多个连续脚手架问题，操作复合。 StudentEvidence=L4; student-visible operation only; prior AI context supplied for source comparison. Attribution=STUDENT_VISIBLE_NOT_VERIFIED.,multi_operation;prompt_induced,True,STUDENT_VISIBLE_NOT_VERIFIED,探知侠,0.9,0.98,2026春,268135,问答记录导出0919_已更新.xlsx::问答记录::R1575,问答记录导出0919_已更新.xlsx::问答记录::R1575:T005,2026-04-29 18:10:35,问答记录导出0919_已更新.xlsx::问答记录::R1575,"因为TSP的输出是一个城市排列序列（路径顺序），且可行解数量随城市数阶乘增长（10个城市约有181万种路线），而传统神经网络（全连接、CNN）通常用于固定尺寸的输入输出（如图像分类、回归预测一个数），无法直接处理变化长度的序列输出，也难以表示路径的约束（每个城市恰好一次）和巨大的组合空间。



简单说：网络像一个“决策者”，它从随机起点开始，每一步根据当前已访问的城市集合，输出选择下一个城市的概率。然后随机采样一个城市作为动作，得到奖励（比如里程数负值）。多次尝试后，网络通过策略梯度等方法更新参数，让走短路径的动作概率增大，走长路径的动作概率减小——就像不断试错，记住哪些选择能带来好结果。","🎉 哇塞！你的回答太棒了！👏👏👏

---

📖 **记忆层反馈：**

✅ **TSP定义**：你用""外卖小哥送餐、快递员派件""这样的生活化例子来解释，简直完美！这就是费曼学习法的精髓——**把复杂问题讲得连小朋友都能懂**~ 🚴‍♂️📦

✅ **神经网络方法**：你提到了**强化学习**（指针网络、注意力模型），这可是目前非常前沿的方法！说明你已经了解过相关资料啦~ 💪

---

## 💡 【理解层 - 概念深化】

现在，让我们更进一步~ 🤔

你刚才提到用**强化学习**来解决TSP，这个思路很棒！但我想引导你思考得更深入一点：

---

### 🧠 **问题3️⃣：为什么传统的神经网络（比如普通的全连接网络、CNN）不太适合直接解决TSP？**

💭 **提示线索**：
- 想想TSP的输出是什么？（是一个数字？还是一个序列？）
- TSP的可行解数量有多少？（比如10个城市，有多少种不同的路线？）
- 传统神经网络擅长做什么任务？（分类？回归？）

---

### 🔍 **问题4️⃣：你提到的""强化学习让网络自己试错、选下一个城市""——能不能用自己的话解释一下，这个""试错""的过程具体是怎么运作的？**

💭 **引导思考**：
- 智能体（Agent）是谁？
- 环境（Environment）是什么？
- 奖励（Reward）怎么定义？（走得短就奖励？还是...？）

---

别担心，这些问题有点 tricky~ 😊 
你可以**大胆猜测**，说出你的想法，哪怕不确定也没关系！我会帮你理清思路的~ 🐛✨",问答记录导出0919_已更新.xlsx::问答记录::R1575,scaffold_path,0.0,2026春;探知侠;long_>=200;statement_or_other;scaffold_path,V0.1,Codex-AI-1,LLM_EXPLORATORY_NOT_HUMAN,AI_PRELABEL_PENDING_HUMAN_REVIEW,95,HARD_CASE,Hard case: boundary/scaffold/copy/role ambiguity; agent/path coverage
P082,student,L3,L3,medium,medium,medium,Task=L3: 应用“网格约为波长1/100”数值规则；依据正确性未核验。 StudentEvidence=L3; student-visible operation only; prior AI context supplied for source comparison. Attribution=STUDENT_VISIBLE_NOT_VERIFIED.,prompt_induced;correctness_uncertain,True,STUDENT_VISIBLE_NOT_VERIFIED,探知侠,0.99,0.98,2025秋,259852,2025秋-数学模型-问答记录导出20260502导出_已标注_已更新.xlsx::问答记录::R261,2025秋-数学模型-问答记录导出20260502导出_已标注_已更新.xlsx::问答记录::R261:T007,2026-01-12 22:32:08,2025秋-数学模型-问答记录导出20260502导出_已标注_已更新.xlsx::问答记录::R261,这一点我还没有清晰的概念，在电磁场计算的领域中，一般来讲，网格的尺寸划分至1/100波长就可以了,"完全正确！你已经理解了数值解的本质特征。

你提到的这个矛盾其实揭示了数值计算的一个核心问题：**计算资源与精度的权衡**。正如知识库中提到的，这就是为什么诺贝尔奖获得者西蒙提出了""满意解""的概念——在实际应用中，我们往往追求""足够好的""解决方案，而不是理论上的最优解。

现在让我们深入一点：既然计算资源有限，那么在实际工程中，我们通常如何判断一个数值解是""足够好的""？

比如在你的电磁场计算中，你会用什么标准来决定网格密度是否合适？",2025秋-数学模型-问答记录导出20260502导出_已标注_已更新.xlsx::问答记录::R261,scaffold_path,0.0,2025秋;探知侠;short_<50;statement_or_other;scaffold_path,V0.1,Codex-AI-1,LLM_EXPLORATORY_NOT_HUMAN,AI_PRELABEL_PENDING_HUMAN_REVIEW,95,HARD_CASE,Hard case: boundary/scaffold/copy/role ambiguity; agent/path coverage
P068,student,L5,L5,medium,medium,medium,Task=L5: 给出评价标准及新交付示例，但与前文AI内容重合。 StudentEvidence=L5; student-visible operation only; prior AI context supplied for source comparison. Attribution=AI_REWORKED_WITH_ADDITION.,prompt_induced,True,AI_REWORKED_WITH_ADDITION,数模全才,0.99,0.98,2025秋,258430,2025秋-数学模型-问答记录导出20260502导出_已标注_已更新.xlsx::问答记录::R54,2025秋-数学模型-问答记录导出20260502导出_已标注_已更新.xlsx::问答记录::R54:T009,2026-01-11 10:42:03,2025秋-数学模型-问答记录导出20260502导出_已标注_已更新.xlsx::问答记录::R54,"在“**快速比较两个城市房价差异**”这种**多组对比**场景里，**箱线图更有优势**。

原因很朴素：箱线图天生就是“对比型选手”。把两个城市的箱子并排放，你几秒钟就能读出老板最关心的三件事：

* **谁更贵**：看中位数（盒子里的那条线）谁更高。
* **谁更分化/更不稳定**：看盒子高度（IQR，中间50%的范围）谁更大。
* **谁的极端房价更多**：看“胡须”和离群点谁更夸张（豪宅多不多、低价尾巴长不长）。

直方图当然也能用来比较，但会遇到两个尴尬点：

1. **画两张图对照**：来回切换眼睛累，而且对比不如并排的箱线图直接。
2. **叠在一张图上**：容易糊成一团（尤其房价这种分布常常偏态、长尾），读起来更费劲，还容易因为分箱（组距）不同而“看起来差很多/差不多”的错觉。

所以结论是：

* **老板要“快速比较差异” → 箱线图更强**（中心+离散+异常一眼看完）
* 如果老板还问“两个城市房价分布形状是不是不一样？有没有双峰？是不是某一档特别多？” → 再补一张直方图/密度图更合适。

箱线图适合做决策的快照，直方图适合做机制的全景。","太精彩了！你完全掌握了核心要点。

你的总结非常到位：""直方图在回答'形状'，箱线图在回答'摘要'""，以及""直方图像'全景照'，箱线图像'体检报告'""这两个比喻特别形象。

知识库也印证了你的理解：**直方图侧重于对一个连续变量的分布情况进行考察，而箱图则更注重基于百分位数勾勒出主要的统计信息**。

现在让我们深入一个实际应用场景：假设你是数据分析师，老板给了你两个城市的房价数据，要求你快速比较这两个城市的房价差异。

基于你刚才的理解，你觉得在这种**比较多组数据**的场景下，直方图和箱线图哪个更有优势？为什么？",2025秋-数学模型-问答记录导出20260502导出_已标注_已更新.xlsx::问答记录::R54,other_or_unknown,0.0,2025秋;数模全才;long_>=200;explicit_question_mark;other_or_unknown,V0.1,Codex-AI-1,LLM_EXPLORATORY_NOT_HUMAN,AI_PRELABEL_PENDING_HUMAN_REVIEW,86,HARD_CASE,Hard case: boundary/scaffold/copy/role ambiguity
P097,student,L5,NO_EVIDENCE,high,medium,medium,Task=L5: 复述AI列出的失败案例。 StudentEvidence=NO_EVIDENCE; student-visible operation only; prior AI context supplied for source comparison. Attribution=AI_COPIED.,copy_suspected,True,AI_COPIED,探知侠,0.9,0.98,2026春,268247,问答记录导出0919_已更新.xlsx::问答记录::R1765,问答记录导出0919_已更新.xlsx::问答记录::R1765:T027,2026-04-27 10:14:27,问答记录导出0919_已更新.xlsx::问答记录::R1765,梯度小到机器精度极限和计算资源较少？,"🐛🌟 哇哦！你一下子抓住了三个关键因素！分析能力真强！👏

**""网络深度、非线性激活函数、物理特性""** ——这三个确实是影响梯度消失的""铁三角""！

让我帮你深入拆解一下它们之间的关系～

---

## 🔍 **三大因素的深度分析**

### 1️⃣ **网络深度（层数）**
- 📏 **链式法则的累积效应**：
  - 每增加一层，就多一次梯度相乘
  - 10层：0.8¹⁰ ≈ 0.107
  - 50层：0.8⁵⁰ ≈ 0.000014（几乎消失！）
- 💥 **影响**：深度是梯度消失的""放大器""

### 2️⃣ **非线性激活函数**
- 🌈 **饱和区问题**：
  - Sigmoid/Tanh：输入过大或过小时，梯度接近0
  - ReLU：负数区域梯度为0（死神经元）
  - 光学中的非线性（如饱和吸收）也有类似问题
- 💥 **影响**：激活函数是梯度的""阀门""

### 3️⃣ **物理特性（光学损耗）**
- 🔧 **硬件层面的衰减**：
  - 耦合效率：每层损失10-30%光强
  - 材料吸收、散射损耗
  - 调制器插入损耗
- 💥 **影响**：物理损耗是梯度消失的""根源""

---

## 🔗 **它们是如何相互作用的？**

想象一个**三重打击**的过程：

```
物理损耗（0.7） × 激活函数梯度（0.6） × 网络深度（10层）
= 0.7¹⁰ × 0.6¹⁰ ≈ 0.00000008 😱
```

**关键洞察**：
- 🎯 物理损耗设定了""基础衰减率""
- 🎯 激活函数决定了""衰减模式""（饱和vs非饱和）
- 🎯 网络深度决定了""累积效果""（指数级恶化）

**三者相乘 = 指数级灾难！** 📉

---

## 🎯 **第五层：评价层**（批判思考）

太棒了！你已经能深入分析梯度消失的影响因素了！

现在让我们批判性地思考一下～

**问题5️⃣：既然我们知道了Adam优化器可以在算法层面缓解梯度消失，你觉得这个方法有哪些局限性？在什么情况下Adam可能也无能为力？**

提示：想想这些场景～
- ⚠️ 梯度已经小到机器精度极限
- ⚠️ 硬件物理损耗极其严重
- ⚠️ 网络层数非常深（比如100层）
- ⚠️ 训练时间和计算资源的限制

**你认为Adam最大的局限是什么？为什么？** 🤔💭",问答记录导出0919_已更新.xlsx::问答记录::R1765,scaffold_path,,2026春;探知侠;short_<50;explicit_question_mark;scaffold_path,V0.1,Codex-AI-1,LLM_EXPLORATORY_NOT_HUMAN,AI_PRELABEL_PENDING_HUMAN_REVIEW,86,HARD_CASE,Hard case: boundary/scaffold/copy/role ambiguity; agent/path coverage
P076,student,L2,NO_EVIDENCE,high,medium,medium,Task=L2: AI已给出方法清单；学生表示部分了解但未增加操作证据。 StudentEvidence=NO_EVIDENCE; student-visible operation only; prior AI context supplied for source comparison. Attribution=AI_COPIED.,copy_suspected,True,AI_COPIED,逆行侠,0.9,0.98,2026春,268498,问答记录导出0919_已更新.xlsx::问答记录::R1832,问答记录导出0919_已更新.xlsx::问答记录::R1832:T003,2026-04-30 14:41:41,问答记录导出0919_已更新.xlsx::问答记录::R1832,部分了解，熟悉模型预测控制（MPC）：预测未来轨迹，优化人机协同权重，强化学习（RL）：通过仿真/真实数据学习最优协同策略，意图识别模型：HMM/贝叶斯网络/深度学习预测驾驶员意图,"🚀 欢迎来到【逆行侠的探索空间】！

我是**逆行侠**，你的逆向思维科研导航员~

---

✅ **收到你的科研需求！**

📋 让我确认一下你的目标：

**【科研目标】**：人机驾驶环境下的交互建模与协同控制决策

**【预期产出】**：算法模型 + 学术论文

**【学科领域】**：自动驾驶 / 人机交互 / 控制理论 / 智能交通系统

💡 **这个目标的价值在于**：
   • **学术意义**：探索人类驾驶员与自动驾驶系统的协同机制，是自动驾驶L3-L4级别的核心技术挑战
   • **应用价值**：提升混合驾驶场景下的安全性和驾驶体验，解决驾驶权切换、信任建立等实际问题
   • **前沿性**：属于当前智能网联汽车领域的研究热点，涉及多学科交叉（控制论、心理学、AI）

---

🔄 **现在，让我们开始逆向探索之旅！你准备好了吗？**

让我为你展开完整的逆向路径分析 👇

---

## 🎯 【Level 1: 创造目标层】

你的科研创造目标可以细化为：

**核心任务**：
1. **交互建模**：建立人类驾驶员与自动驾驶系统之间的交互模型
2. **协同控制**：设计人机协同的控制策略
3. **决策优化**：在混合驾驶环境下实现安全高效的决策

**具体产出形式**：
- 人机交互数学模型（博弈论模型/混合系统模型）
- 协同控制算法（MPC/强化学习/混合控制）
- 仿真验证平台 + 实验数据分析
- 高水平学术论文（IV/ITSC/T-ITS等会议/期刊）

---

## 🔧 【Level 2: 方法论层】

📌 **要实现你的目标，需要掌握的核心方法论：**

### **方法A：人机交互建模方法**

🎯 **费曼讲解**：
> 想象你和机器人一起开车，就像两个人共同握着方向盘：
> - 有时你主导，机器人辅助（人类驾驶模式）
> - 有时机器人主导，你监督（自动驾驶模式）
> - 关键是：你们需要""读懂""对方的意图，不能互相打架！
> 
> **交互建模就是用数学语言描述这种""默契""**

**核心方法包括**：
- **博弈论建模**：将人机交互视为Stackelberg博弈/纳什博弈
- **混合系统建模**：离散状态（驾驶模式切换）+ 连续动态（车辆运动）
- **意图识别模型**：HMM/贝叶斯网络/深度学习预测驾驶员意图
- **信任度建模**：动态信任模型（基于历史交互数据）

📚 **推荐学习资源**：
- 论文：《Shared Control Between Human and Machine》- IEEE T-ITS
- 教材：《Game Theory for Control》相关章节

---

### **方法B：协同控制策略设计**

🎯 **费曼讲解**：
> 继续用握方向盘的例子：
> - **传统控制**：要么你握，要么机器握（完全切换）
> - **协同控制**：你俩同时握，但要算好各自用多大力（权重分配）
> 
> **就像跳双人舞，需要配合默契，谁领舞、谁跟舞要实时调整！**

**核心方法包括**：
- **模型预测控制（MPC）**：预测未来轨迹，优化人机协同权重
- **强化学习（RL）**：通过仿真/真实数据学习最优协同策略
- **共享控制（Shared Control）**：动态分配人机控制权重
- **滑模控制/自适应控制**：应对模型不确定性

📚 **推荐学习资源**：
- 论文：《Model Predictive Control for Shared Steering》- IV 2018
- 开源代码：CARLA仿真平台中的协同控制案例

---

### **方法C：决策规划算法**

🎯 **费曼讲解**：
> 在复杂路况下（比如变道、超车），决策就像下棋：
> - 要预测其他车辆的走法（轨迹预测）
> - 要规划自己的最优走法（路径规划）
> - 但因为有人类驾驶员参与，还要考虑""棋手的习惯和偏好""
> 
> **决策规划就是在不确定环境下找到最佳行动方案！**

**核心方法包括**：
- **分层决策**：行为决策（变道/跟车）+ 轨迹规划 + 运动控制
- **深度强化学习**：DQN/PPO/SAC等用于决策优化
- **场景识别与风险评估**：基于传感器数据的风险场评估
- **多目标优化**：平衡安全性、舒适性、效率

📚 **推荐学习资源**：
- 论文：《Safe Reinforcement Learning for Autonomous Driving》- CoRL 2020
- 框架：OpenAI Gym + Highway-env

---

💬 **逆行侠提问**：
你对这些方法有了解吗？
- ✅ **全部了解** → 我直接进入工具技术层
- 🔶 **部分了解** → 告诉我熟悉哪些，我重点讲解不熟悉的
- ❌ **完全不了解** → 我会详细展开每个方法的数学原理和实现细节！

请告诉我你的情况，我会据此调整后续内容的深度~",问答记录导出0919_已更新.xlsx::问答记录::R1832,reverse_path,,2026春;逆行侠;medium_50_199;statement_or_other;reverse_path,V0.1,Codex-AI-1,LLM_EXPLORATORY_NOT_HUMAN,AI_PRELABEL_PENDING_HUMAN_REVIEW,82,HARD_CASE,Hard case: boundary/scaffold/copy/role ambiguity; agent/path coverage
P108,student,L6,L6,medium,medium,medium,Task=L6: 提出多个模型扩展方向，末尾信息截断。 StudentEvidence=L6; student-visible operation only; prior AI context supplied for source comparison. Attribution=STUDENT_VISIBLE_NOT_VERIFIED.,multi_operation;level_boundary,True,STUDENT_VISIBLE_NOT_VERIFIED,探知侠,0.9,0.98,2026春,268444,问答记录导出0919_已更新.xlsx::问答记录::R1826,问答记录导出0919_已更新.xlsx::问答记录::R1826:T013,2026-04-24 23:34:58,问答记录导出0919_已更新.xlsx::问答记录::R1826,"场景1：多约束背包
可以将DP状态从一维容量扩展为多维：dp[i][j][k][l]表示考虑前i个物品，预算、人力、时间分别用了j,k,l时的最大价值。转移时每个维度都要减去对应的资源消耗。但复杂度会爆炸（
O
(
n
⋅
W
1
⋅
W
2
⋅
W
3
O(n⋅W 
1
​
 ⋅W 
2
​
 ⋅W 
3
​
 )。实际中常改用回溯、分支限界，或近似/启发式算法如遗传算法。

场景2：依赖关系背包
一种方法是先把物品按依赖关系分组——如有先修关系，可转为树形DP：dp[u][j]表示以u为根的子树中，选u（且可递归选其后代） 且总容量为j的最大价值。如果u不选，则其所有依赖它的子节点都不能选。转移时类似分组背包，合并子树的分配容量。

场景3：课程选择系统
可以把每门课看成一个0-1物品，先修关系用拓扑排序构建DAG，再用回溯+动态规划：

先枚举所有满足先修条件的课程子集（可用DFS生成合法组合）。

对每个合法子集计算总学分成本与总收益，转为经典0-1背包。

若课程较多，改用A*搜索或约束规划，并加入启发式：按“收益/学分”排序剪枝。
实际推荐时，可融合协同过滤：先找出类似学生选课模式，再对候选课程做背包优化，兼顾兴趣与约束。","🌟 **太精彩了！你的批判性思考非常专业！** 🧐✨

你的评价非常全面且深刻，完全抓住了0-1背包算法的局限性：

✅ **算法局限性分析**：
1. **维数灾难**：当 `W = 10^9` 时，空间复杂度 `O(W)` 无法承受 ✔️
2. **离散性要求**：小数无法作为数组索引，需要转化或改用其他方法 ✔️
3. **模型简化假设**：
   - 物品独立（无协同/冲突）✔️
   - 线性叠加（无非线性交互）✔️
   - 单一约束（忽略多资源限制）✔️
   - 0-1决策（无部分选取）✔️

你甚至提到了解决方案：**按价值DP**（当W很大但价值总和较小时）、**分支限界**等高级方法！👏

---

## 🚀 【综合层】第六站：创新重构

🚀 你已经掌握了现有知识！
   现在，让我们站在巨人肩膀上，思考如何创新~

**终极挑战来啦：**
基于你对0-1背包的深刻理解，现在请你发挥创造力：

**场景1：多约束背包**
如果一个项目选择问题有**多个资源限制**（如：既有预算限制，又有人力限制，还有时间限制），你会如何**扩展**0-1背包的DP模型？🤔

**场景2：依赖关系背包**
如果物品之间存在**依赖关系**（如：选了物品A才能选物品B），你能设计一个**创新的状态定义或转移方程**来处理这种情况吗？💡

**场景3：实际应用创新**
如果要把0-1背包应用到**课程选择系统**（学分有限，每门课有学分成本和收益价值，有些课有先修要求），你会如何**结合其他算法**来构建一个实用的推荐系统？🎓

💡 **小提示**：创新不一定要完美，大胆说出你的想法！可以结合图论、贪心、启发式算法等等~

---

这是最后一关啦！让我看看你的创新思维吧~ 🐛🚀💭",问答记录导出0919_已更新.xlsx::问答记录::R1826,scaffold_path,0.0,2026春;探知侠;long_>=200;statement_or_other;scaffold_path,V0.1,Codex-AI-1,LLM_EXPLORATORY_NOT_HUMAN,AI_PRELABEL_PENDING_HUMAN_REVIEW,78,HARD_CASE,Hard case: boundary/scaffold/copy/role ambiguity; agent/path coverage
P103,student,L4,L4,medium,medium,medium,Task=L4: 在脚手架后解释反向传播关系。 StudentEvidence=L4; student-visible operation only; prior AI context supplied for source comparison. Attribution=STUDENT_VISIBLE_NOT_VERIFIED.,prompt_induced,True,STUDENT_VISIBLE_NOT_VERIFIED,数模全才,0.99,0.98,2025秋,25A168,2025秋-数学模型-问答记录导出20260502导出_已标注_已更新.xlsx::问答记录::R440,2025秋-数学模型-问答记录导出20260502导出_已标注_已更新.xlsx::问答记录::R440:T007,2026-01-11 17:15:46,2025秋-数学模型-问答记录导出20260502导出_已标注_已更新.xlsx::问答记录::R440,深度学习模型实现 “从数据中自动学习规律” 的核心学习机制是基于反向传播算法，结合梯度下降优化策略，通过多层神经网络的层级结构对数据进行逐层特征变换，在训练过程中，模型先将输入的 SAR 图像数据通过前向传播传递到网络各层，每一层的神经元对输入进行加权求和并经过激活函数处理，实现从底层像素、边缘等简单特征到中层纹理、形状再到高层地物语义等复杂特征的逐层提取与抽象，当模型输出的预测结果与真实标签存在误差时，反向传播算法会计算该误差在网络各层权重上的梯度，随后梯度下降算法根据这些梯度调整网络中所有神经元之间的连接权重，不断减小预测误差，这个前向传播提取特征、反向传播调整权重的过程反复迭代，直到模型能够稳定地从输入数据中捕捉到与任务相关的内在规律，最终形成可以泛化到新 SAR 图像数据的特征表示和预测能力。,"非常精彩的分析！你深刻理解了数据驱动的核心优势。

让我们以SAR图像解译为例来具体感受这种优势。传统规则驱动方法需要专家手工设计各种特征提取规则——比如""边缘检测用什么算子""、""纹理分析用什么参数""、""不同地物用什么判别准则""等等，面对复杂的雷达散射特性变化，这些规则很快就不够用了。

而数据驱动的深度学习模型，就像知识库中提到的手写数字识别例子一样，能够自动从大量SAR图像中学习：从底层的像素模式，到中层的纹理特征，再到高层的地物语义，形成多层次的特征表示。

这里有个关键问题：你认为深度学习模型是如何实现这种""从数据中自动学习规律""的？它的学习机制是什么？",2025秋-数学模型-问答记录导出20260502导出_已标注_已更新.xlsx::问答记录::R440,other_or_unknown,0.0,2025秋;数模全才;long_>=200;statement_or_other;other_or_unknown,V0.1,Codex-AI-1,LLM_EXPLORATORY_NOT_HUMAN,AI_PRELABEL_PENDING_HUMAN_REVIEW,73,HARD_CASE,Hard case: boundary/scaffold/copy/role ambiguity
P050,student,NOT_APPLICABLE,NO_EVIDENCE,high,medium,medium,Task=NOT_APPLICABLE: 复现AI给出的偏好选项，没有形成独立选择。 StudentEvidence=NO_EVIDENCE; student-visible operation only; prior AI context supplied for source comparison. Attribution=AI_COPIED.,copy_suspected,True,AI_COPIED,探知侠,0.9,0.98,2026春,268500,问答记录导出0919_已更新.xlsx::问答记录::R1842,问答记录导出0919_已更新.xlsx::问答记录::R1842:T003,2026-04-30 15:01:39,问答记录导出0919_已更新.xlsx::问答记录::R1842,"从头开始系统学习自适应控制的核心概念？
深入理解某个具体的自适应控制方法（比如模型参考自适应控制、自校正控制等）？
还是想了解自适应控制在实际工程中的应用？","🐛✨ 嗨！欢迎来到""探知侠""的引导学习空间！

我是你的学习小伙伴——探知侠 🐛
我会用苏格拉底与费曼的智慧 + 布鲁姆的思维地图，带你深入探索知识的奥秘~

别担心说错哦，我会温柔地引导你，让你在思考中收获""Aha 瞬间""！💡

---

太好了！你想学习**非线性控制中的自适应控制**这个主题~ 这是一个非常有趣且实用的控制理论领域呢！🎯

在我们开始深入探索之前，让我先确认一下：

📚 **你想要：**
1. 从头开始系统学习自适应控制的核心概念？
2. 深入理解某个具体的自适应控制方法（比如模型参考自适应控制、自校正控制等）？
3. 还是想了解自适应控制在实际工程中的应用？

请告诉我你的学习需求，这样我就能更精准地引导你啦！🤔✨",问答记录导出0919_已更新.xlsx::问答记录::R1842,scaffold_path,,2026春;探知侠;medium_50_199;explicit_question_mark;scaffold_path,V0.1,Codex-AI-1,LLM_EXPLORATORY_NOT_HUMAN,AI_PRELABEL_PENDING_HUMAN_REVIEW,68,HARD_CASE,Hard case: boundary/scaffold/copy/role ambiguity; agent/path coverage
P094,student,L2,NO_EVIDENCE,high,medium,medium,Task=L2: 复述AI已给出的核技巧解释。 StudentEvidence=NO_EVIDENCE; student-visible operation only; prior AI context supplied for source comparison. Attribution=AI_COPIED.,copy_suspected,True,AI_COPIED,探知侠,0.99,0.98,2025秋,259315,2025秋-数学模型-问答记录导出20260502导出_已标注_已更新.xlsx::问答记录::R416,2025秋-数学模型-问答记录导出20260502导出_已标注_已更新.xlsx::问答记录::R416:T011,2025-11-26 16:00:33,2025秋-数学模型-问答记录导出20260502导出_已标注_已更新.xlsx::问答记录::R416,"所以，在整个过程中，我们完全不需要计算高维空间中的具体坐标。核函数 K(x_i, x_j) 充当了一个‘黑箱’，它让我们在原始低维空间进行简单的计算，就能直接得到在高维空间进行内积运算的结果。

这带来的好处是革命性的：

计算可行：我们避免了在超高维空间中工作的巨大计算开销。

维度无限：我们可以使用映射到无限维空间的核函数（如高斯RBF核），这在显式计算下是绝对不可能的。

正是核技巧的这种‘隐式计算’能力，使得SVM能够轻松处理复杂的非线性问题，从而成为一代经典的机器学习算法","太棒了！你完美地总结了SVM对偶形式的核心价值。

特别是你提到的第一点非常关键：在对偶形式中，决策函数变成了 f(x) = sign(∑αᵢyᵢ⟨xᵢ,x⟩ + b)，完全依赖于样本间的内积运算。这个看似简单的变化，却为机器学习开启了一扇全新的大门。

知识库中提到，当我们将内积 ⟨xᵢ,x⟩ 替换为核函数 K(xᵢ,x) 时，就能够隐式地将数据映射到高维空间进行分类，而无需显式计算高维特征。这就是著名的**核技巧**。

让我们来验证一下你的理解：假设我们有一个二维的线性不可分数据集，通过某个核函数映射后在高维空间变成线性可分。在这个过程中，我们实际上需要计算高维空间中的坐标吗？",2025秋-数学模型-问答记录导出20260502导出_已标注_已更新.xlsx::问答记录::R416,scaffold_path,,2025秋;探知侠;long_>=200;statement_or_other;scaffold_path,V0.1,Codex-AI-1,LLM_EXPLORATORY_NOT_HUMAN,AI_PRELABEL_PENDING_HUMAN_REVIEW,68,HARD_CASE,Hard case: boundary/scaffold/copy/role ambiguity; agent/path coverage
P116,student,L2,NO_EVIDENCE,high,medium,medium,Task=L2: 复述AI提示中的问题，并未回答。 StudentEvidence=NO_EVIDENCE; student-visible operation only; prior AI context supplied for source comparison. Attribution=AI_COPIED.,copy_suspected,True,AI_COPIED,探知侠,0.9,0.98,2026春,268507,问答记录导出0919_已更新.xlsx::问答记录::R1854,问答记录导出0919_已更新.xlsx::问答记录::R1854:T003,2026-04-28 16:32:55,问答记录导出0919_已更新.xlsx::问答记录::R1854,"想想它为什么叫""神经""网络？它在模仿什么？","🐛✨ 嗨！欢迎来到""探知侠""的引导学习空间！

我是你的学习小伙伴——探知侠 🐛
我会用苏格拉底与费曼的智慧 + 布鲁姆的思维地图,带你深入探索知识的奥秘~

别担心说错哦,我会温柔地引导你,让你在思考中收获""Aha 瞬间""！💡

---

太好了！我看到你想学习**人工神经网络**这个超级有趣的主题！🧠✨

这可是模仿人类大脑工作方式的智能系统呢~从图像识别到自动驾驶,它无处不在！

让我们开启一段思维探险吧！准备好了吗？😊

---

## 📖 **记忆层** - 知识回忆

首先,让我们从基础开始~

**🤔 问题1：你能用自己的话复述一下,什么是人工神经网络(ANN)吗？它的核心思想是什么呢？**

提示：想想它为什么叫""神经""网络？它在模仿什么？🧠

别紧张,慢慢想~我会一直陪着你的！💕",问答记录导出0919_已更新.xlsx::问答记录::R1854,scaffold_path,,2026春;探知侠;short_<50;explicit_question_mark;scaffold_path,V0.1,Codex-AI-1,LLM_EXPLORATORY_NOT_HUMAN,AI_PRELABEL_PENDING_HUMAN_REVIEW,68,HARD_CASE,Hard case: boundary/scaffold/copy/role ambiguity; agent/path coverage
P047,student,L3,L3,high,high,high,Task=L3: 按当前轮可见文本分别判断任务认知操作与学生新增证据；未把AI内容本身计入学生证据。 StudentEvidence=L3; student-visible operation only; prior AI context supplied for source comparison. Attribution=STUDENT_VISIBLE_NOT_VERIFIED.,source_attribution,True,STUDENT_VISIBLE_NOT_VERIFIED,unknown,0.2,0.98,2026春,268241,问答记录导出0919_已更新.xlsx::问答记录::R1756,问答记录导出0919_已更新.xlsx::问答记录::R1756:T005,2026-03-19 20:46:48,问答记录导出0919_已更新.xlsx::问答记录::R1756,我有一定的数学模型结合受力分析的经历，通过带入经典的力学理论，使用matlab进行混凝土构件受力过程的响应预测,你提到结构受力分析和耐久性预测都涉及到数学模型，这很好！那我们先聚焦在结构受力分析上。你觉得在分析钢筋混凝土结构受力时，最常用的数学工具或者方法有哪些？比如力学平衡方程、有限元法，还是其他什么？你可以结合你目前的学习或科研经历谈谈你的理解。,问答记录导出0919_已更新.xlsx::问答记录::R1756,other_or_unknown,0.0,2026春;unknown;medium_50_199;statement_or_other;other_or_unknown,V0.1,Codex-AI-1,LLM_EXPLORATORY_NOT_HUMAN,AI_PRELABEL_PENDING_HUMAN_REVIEW,63,HARD_CASE,Hard case: boundary/scaffold/copy/role ambiguity
P065,student,L4,NO_EVIDENCE,high,medium,medium,Task=L4: 按当前轮可见文本分别判断任务认知操作与学生新增证据；未把AI内容本身计入学生证据。 StudentEvidence=NO_EVIDENCE; student-visible operation only; prior AI context supplied for source comparison. Attribution=ACK_OR_REQUEST_ONLY.,source_attribution,True,ACK_OR_REQUEST_ONLY,unknown,0.2,0.98,2026春,268139,问答记录导出0919_已更新.xlsx::问答记录::R1586,问答记录导出0919_已更新.xlsx::问答记录::R1586:T015,2026-03-22 13:53:00,问答记录导出0919_已更新.xlsx::问答记录::R1586,针对联合参数估计，请你讲讲最大似然估计的具体推导过程，分析一下复杂度来源，并讲讲有哪些低复杂度优化方法。,"你的问题非常专业，体现了你对水声通信同步与参数估计的深入理解。我们分两步来梳理：

---

### 1. 联合估计与分别估计的方法简介

**（1）联合估计（Joint Estimation）**  
由于多普勒因子、时间偏移和CFO对接收信号的影响是耦合的，理想情况下，应该采用联合估计方法——即将这些参数作为一个向量 $\boldsymbol{\theta} = [\epsilon, \tau, \Delta f_c]$，利用最大似然估计（MLE）、期望最大化（EM）等方法，在同一优化框架下同时估计它们。  
常见做法有：
- **最大似然估计（MLE）**：构造似然函数 $L(\epsilon, \tau, \Delta f_c)$，通过搜索使其最大化。
- **格点搜索（Grid Search）**：在参数空间内用网格法穷举，找到最佳组合。
- **联合自相关/互相关法**：利用信号的结构（如导频）设计多维相关函数，寻找峰值。

**（2）分别估计（Sequential Estimation）**  
在实际工程中，为降低复杂度、避免多维搜索带来的计算量，常常采用分步估计的策略：
- 先估计其中一个参数（如多普勒因子），对信号做补偿。
- 再估计时间偏移、CFO等剩余参数。
- 这种方法常见于先用粗同步（如相关峰检测）锁定时延，再用频谱分析法估计多普勒或CFO。

**优缺点对比**  
- 联合估计理论最优，但计算复杂度高。
- 分别估计易于实现，但参数之间的耦合可能导致误差传播。

---

### 2. LFM信号与多普勒扩展因子的估计

**LFM信号（线性调频，Linear Frequency Modulation）**  
LFM信号具有良好的自相关特性和抗噪声能力，非常适合用于多普勒因子的估计。其基本形式为：
$$
s(t) = A \cdot e^{j2\pi (f_0 t + \frac{1}{2} k t^2)}
$$
其中 $f_0$ 是起始频率，$k$ 是调频率。

**多普勒效应下的LFM信号**  
假设接收信号受到多普勒扩展，变为：
$$
r(t) = s((1+\epsilon)t)
$$
这会导致LFM信号的“扫频速率”发生变化。

**多普勒估计的常用方法：**

1. **匹配滤波法（Matched Filtering）**  
   - 对不同的多普勒因子 $\epsilon$，将接收信号按反向缩放 $(1+\epsilon')$，与本地LFM模板做匹配滤波。
   - 找到输出幅值最大的 $\epsilon'$，即为估计的多普勒扩展因子。
   - 数学上，就是寻找使相关输出最大化的缩放因子。

2. **时频分析法**  
   - 利用LFM信号在时频平面上的特性，分析接收信号的时频分布，提取多普勒因子。

3. **快速傅里叶变换（FFT）法**  
   - 对经补偿后的LFM信号做FFT，峰值位置对应于多普勒频移。

**LFM优势**  
- LFM信号对多普勒扩展非常敏感，匹配滤波输出的主峰会随着多普勒因子的不同而平移或展宽，因此估计精度高。
- 噪声下仍能保持良好的检测性能。

---

### 小结

- 多参数联合估计理论最优，分别估计工程可行。
- LFM信号在多普勒扩展因子估计中应用广泛，主要依赖于匹配滤波和时频分析。
- 实际中常采用“粗同步+细估计”的分步策略，先用LFM信号估多普勒，再估时延、CFO。

你如果想深入某一方法，比如最大似然估计的具体推导过程，或者LFM匹配滤波的实现细节，可以告诉我，我们可以继续详细展开。你还有没有遇到过实际估计中比较棘手的情况？",问答记录导出0919_已更新.xlsx::问答记录::R1586,other_or_unknown,,2026春;unknown;medium_50_199;statement_or_other;other_or_unknown,V0.1,Codex-AI-1,LLM_EXPLORATORY_NOT_HUMAN,AI_PRELABEL_PENDING_HUMAN_REVIEW,63,HARD_CASE,Hard case: boundary/scaffold/copy/role ambiguity
P071,student,L4,NO_EVIDENCE,high,medium,medium,Task=L4: 按当前轮可见文本分别判断任务认知操作与学生新增证据；未把AI内容本身计入学生证据。 StudentEvidence=NO_EVIDENCE; student-visible operation only; prior AI context supplied for source comparison. Attribution=ACK_OR_REQUEST_ONLY.,source_attribution,True,ACK_OR_REQUEST_ONLY,unknown,0.2,0.98,2026春,268248,问答记录导出0919_已更新.xlsx::问答记录::R1772,问答记录导出0919_已更新.xlsx::问答记录::R1772:T001,2026-03-25 21:10:17,问答记录导出0919_已更新.xlsx::问答记录::R1772,在光神经网络中，哪些问题属于“本质问题”，哪些只是工程实现问题？,[NO_PRIOR_AI_TURN_IN_SOURCE_EXPORT],,other_or_unknown,,2026春;unknown;short_<50;explicit_question_mark;other_or_unknown,V0.1,Codex-AI-1,LLM_EXPLORATORY_NOT_HUMAN,AI_PRELABEL_PENDING_HUMAN_REVIEW,63,HARD_CASE,Hard case: boundary/scaffold/copy/role ambiguity
P083,student,L4,L4,high,high,high,Task=L4: 按当前轮可见文本分别判断任务认知操作与学生新增证据；未把AI内容本身计入学生证据。 StudentEvidence=L4; student-visible operation only; prior AI context supplied for source comparison. Attribution=STUDENT_VISIBLE_NOT_VERIFIED.,source_attribution,True,STUDENT_VISIBLE_NOT_VERIFIED,unknown,0.2,0.98,2026春,268206,问答记录导出0919_已更新.xlsx::问答记录::R1712,问答记录导出0919_已更新.xlsx::问答记录::R1712:T011,2026-03-27 10:01:02,问答记录导出0919_已更新.xlsx::问答记录::R1712,FFT频谱里最关键看五点：峰的位置、峰的高度、峰的形状、有没有新峰、以及和历史对比——峰的位置对应固有频率，若整体向低频偏移通常意味着刚度下降（如松动或损伤）；峰的高度反映振动能量，异常增大往往接近共振或激励增强；峰变宽或底噪抬高通常说明阻尼增加或出现摩擦/裂纹；新出现的峰、谐波或侧频带往往是故障特征；而真正可靠的判断必须基于和历史数据对比，只要看到“频率漂移 + 幅值变化 + 频谱形态改变”同时出现，就基本可以判定结构状态已经发生异常变化。,"你的理解非常准确。结构的固有频率确实反映了系统的质量、刚度和约束情况。如果桥梁的固有频率出现异常变化，通常说明结构可能出现了损伤，比如裂缝、腐蚀、连接松动等问题。这也是为什么模态分析在健康监测里非常重要——它能作为“早期预警”的指标。

我们再深入一点：你提到用FFT做模态分析。你能回忆一下，FFT得到的频谱图里，哪些信息是你重点关注的？比如峰值、频率分布、幅值变化等，哪些特征最能反映结构健康状态？你平时是怎么判断结构是否异常的？",问答记录导出0919_已更新.xlsx::问答记录::R1712,other_or_unknown,0.0,2026春;unknown;long_>=200;statement_or_other;other_or_unknown,V0.1,Codex-AI-1,LLM_EXPLORATORY_NOT_HUMAN,AI_PRELABEL_PENDING_HUMAN_REVIEW,63,HARD_CASE,Hard case: boundary/scaffold/copy/role ambiguity
P088,student,L4,NO_EVIDENCE,high,medium,medium,Task=L4: “更现实”等片段无理由或判据。 StudentEvidence=NO_EVIDENCE; student-visible operation only; prior AI context supplied for source comparison. Attribution=ACK_OR_REQUEST_ONLY.,source_attribution,True,ACK_OR_REQUEST_ONLY,unknown,0.2,0.98,2026春,268121,问答记录导出0919_已更新.xlsx::问答记录::R1539,问答记录导出0919_已更新.xlsx::问答记录::R1539:T013,2026-07-05 22:23:48,问答记录导出0919_已更新.xlsx::问答记录::R1539,更真实,"你的理解很对！在M/M/1排队模型中，“到达过程服从Poisson分布”意味着数据包是**随机到达**的，没有固定的间隔，属于一种完全随机的事件。具体来说：

- 每个数据包到达的时间间隔是**独立**的，服从**指数分布**。也就是说，两个包之间的时间间隔不是固定的，而是有概率分布，平均到达速率是$\lambda$（单位时间内平均到达多少个包）。
- 这种到达过程常常用来描述网络中的流量，因为实际网络流量往往是不可预测、随机的。

你能想到，为什么要用Poisson到达过程来建模网络流量吗？它相比于固定间隔到达，有什么优势或者现实意义？",问答记录导出0919_已更新.xlsx::问答记录::R1539,other_or_unknown,,2026春;unknown;short_<50;statement_or_other;other_or_unknown,V0.1,Codex-AI-1,LLM_EXPLORATORY_NOT_HUMAN,AI_PRELABEL_PENDING_HUMAN_REVIEW,63,HARD_CASE,Hard case: boundary/scaffold/copy/role ambiguity
P100,student,L4,NO_EVIDENCE,high,medium,medium,Task=L4: 按当前轮可见文本分别判断任务认知操作与学生新增证据；未把AI内容本身计入学生证据。 StudentEvidence=NO_EVIDENCE; student-visible operation only; prior AI context supplied for source comparison. Attribution=ACK_OR_REQUEST_ONLY.,source_attribution,True,ACK_OR_REQUEST_ONLY,unknown,0.2,0.98,2026春,268139,问答记录导出0919_已更新.xlsx::问答记录::R1586,问答记录导出0919_已更新.xlsx::问答记录::R1586:T013,2026-03-22 13:53:00,问答记录导出0919_已更新.xlsx::问答记录::R1586,你应该知道，多普勒因子、时间偏移、CFO（甚至还有信道多径系数，我们暂时先不考虑它）都是耦合在一起的，你可以介绍一下有哪些联合估计或分别独立估计的方法。水声通信中研究比较多的是多普勒扩展因子的估计，往往用LFM信号来做，请你再详细介绍一下,"你说得很对！在水声通信中，宽带多普勒效应确实需要用时间缩放 $(1+\epsilon)$ 来建模，而载波频偏（CFO）则是频域上的统一平移。我们可以把两者结合起来，得到一个更完整、实际的接收信号模型。

假设发射信号为 $s(t)$，接收端的信号在考虑时延、宽带多普勒和载波频偏的情况下，可以写成：

$$
r(t) = s\big((1+\epsilon)(t - \tau)\big) \cdot e^{j2\pi \Delta f_c t} + n(t)
$$

其中：

- $s(t)$：发射端信号
- $\tau$：时延（时钟偏移）
- $\epsilon$：宽带多普勒因子（$\epsilon \ll 1$）
- $\Delta f_c$：载波频偏（CFO, Carrier Frequency Offset）
- $e^{j2\pi \Delta f_c t}$：描述CFO带来的相位旋转
- $n(t)$：接收端噪声

**解释一下：**
- $(1+\epsilon)(t-\tau)$ 反映了信号在时域的整体拉伸/压缩和延迟，这正是宽带多普勒效应和时钟偏移的本质。
- $e^{j2\pi \Delta f_c t}$ 体现了整个信号频谱的平移，也就是载波频偏。
- $n(t)$ 是实际环境中不可避免的噪声。

**小结：**  
这个模型同时考虑了时延、宽带多普勒和CFO，是水声通信同步建模中最常用也最准确的表达方式。

你觉得这里面哪一项对后续的参数估计最难？或者说，在实际算法设计时，哪一项的补偿最容易出错？",问答记录导出0919_已更新.xlsx::问答记录::R1586,other_or_unknown,,2026春;unknown;medium_50_199;statement_or_other;other_or_unknown,V0.1,Codex-AI-1,LLM_EXPLORATORY_NOT_HUMAN,AI_PRELABEL_PENDING_HUMAN_REVIEW,63,HARD_CASE,Hard case: boundary/scaffold/copy/role ambiguity
P020,student,L3,L3,high,high,high,Task=L3: 按当前轮可见文本分别判断任务认知操作与学生新增证据；未把AI内容本身计入学生证据。 StudentEvidence=L3; student-visible operation only; prior AI context supplied for source comparison. Attribution=STUDENT_VISIBLE_NOT_VERIFIED.,,False,STUDENT_VISIBLE_NOT_VERIFIED,探知侠,0.99,0.98,2025秋,25A134,2025秋-数学模型-问答记录导出20260502导出_已标注_已更新.xlsx::问答记录::R319,2025秋-数学模型-问答记录导出20260502导出_已标注_已更新.xlsx::问答记录::R319:T003,2025-11-29 18:00:55,2025秋-数学模型-问答记录导出20260502导出_已标注_已更新.xlsx::问答记录::R319,不能 因为他违反了“要求序列的统计特性不随时间平移而变化，具体是均值和协方差保持稳定。”,"看到你想了解平稳时间序列分析，这是时间序列分析的核心基础。

让我从一个生活场景帮你建立直觉：想象你每天测量体温，正常情况下应该围绕36.5°C上下波动，不会因为是周一还是周五就系统性地更高或更低。这种""统计规律不随时间改变""的特性，就是我们要讨论的平稳性核心思想。

根据知识库，时间序列的平稳性（这里指宽平稳）要求序列的统计特性不随时间平移而变化，具体是均值和协方差保持稳定。

那么，你觉得如果一个时间序列的均值随时间不断上升（比如股价长期上涨），这样的序列还能称为平稳吗？为什么？",2025秋-数学模型-问答记录导出20260502导出_已标注_已更新.xlsx::问答记录::R319,scaffold_path,0.0,2025秋;探知侠;short_<50;statement_or_other;scaffold_path,V0.1,Codex-AI-1,LLM_EXPLORATORY_NOT_HUMAN,AI_PRELABEL_PENDING_HUMAN_REVIEW,57,RANDOM_NORMAL_AUDIT,Random normal-case audit (fixed seed 20260925).
P024,student,L4,L4,high,high,high,Task=L4: 按当前轮可见文本分别判断任务认知操作与学生新增证据；未把AI内容本身计入学生证据。 StudentEvidence=L4; student-visible operation only; prior AI context supplied for source comparison. Attribution=STUDENT_VISIBLE_NOT_VERIFIED.,,False,STUDENT_VISIBLE_NOT_VERIFIED,探知侠,0.99,0.98,2025秋,259877,2025秋-数学模型-问答记录导出20260502导出_已标注_已更新.xlsx::问答记录::R199,2025秋-数学模型-问答记录导出20260502导出_已标注_已更新.xlsx::问答记录::R199:T005,2026-01-05 15:48:46,2025秋-数学模型-问答记录导出20260502导出_已标注_已更新.xlsx::问答记录::R199,n-1 条边是刚好能让 n 个顶点 连通且无环的唯一边数，少了连不通，多了有冗余。,"完全正确！你抓住了最小生成树的核心特征。

让我们深入理解一下：为什么""完全连通且无环路""是最优解？

想想刚才的村庄例子：
- **完全连通**：确保任意两个村庄都能通信（可能需要中转）
- **无环路**：如果存在环路，比如A→B→C→A，那么其中任意一条边都是""多余""的，删掉它仍然连通，但能节省费用

现在结合知识库中的定义：对于n个顶点的连通图，最小生成树恰好需要n-1条边，这正好形成了一个无环的连通结构。

这里有个关键问题：为什么一定是n-1条边，而不是更多或更少？",2025秋-数学模型-问答记录导出20260502导出_已标注_已更新.xlsx::问答记录::R199,scaffold_path,0.0,2025秋;探知侠;short_<50;statement_or_other;scaffold_path,V0.1,Codex-AI-1,LLM_EXPLORATORY_NOT_HUMAN,AI_PRELABEL_PENDING_HUMAN_REVIEW,57,RANDOM_NORMAL_AUDIT,Random normal-case audit (fixed seed 20260925).
P027,student,L4,L4,high,high,high,Task=L4: 按当前轮可见文本分别判断任务认知操作与学生新增证据；未把AI内容本身计入学生证据。 StudentEvidence=L4; student-visible operation only; prior AI context supplied for source comparison. Attribution=STUDENT_VISIBLE_NOT_VERIFIED.,,False,STUDENT_VISIBLE_NOT_VERIFIED,探知侠,0.99,0.98,2025秋,25A168,2025秋-数学模型-问答记录导出20260502导出_已标注_已更新.xlsx::问答记录::R206,2025秋-数学模型-问答记录导出20260502导出_已标注_已更新.xlsx::问答记录::R206:T003,2026-01-11 17:56:31,2025秋-数学模型-问答记录导出20260502导出_已标注_已更新.xlsx::问答记录::R206,"线性规划的目标函数是线性函数，其几何意义在二维空间中是一组斜率固定的平行直线，在高维空间中是一组平行的超平面，而可行域是由线性约束条件围成的凸多面体（二维时为凸多边形），由于线性函数的单调性，当我们沿着目标函数优化的方向移动这组平行直线或超平面时，最先接触到的可行域上的点就是最优解，而凸多面体的几何特性决定了其边界上的极值点只能出现在顶点（角点）上，因为可行域内部的任意一点都可以表示为其顶点的凸组合，对于线性目标函数来说，该点的函数值也会是对应顶点函数值的凸组合，因此目标函数的最大值或最小值必然会在某个顶点处取得，而不会在内部或边界的中间位置，这就是线性规划最优解出现在可行域角点或顶点上的根本原因。







线性规划问题的可行域一定是凸多面体吗？
除了线性规划，还有哪些优化问题的最优解也在可行域的顶点上？
如何快速找到线性规划问题的可行域顶点？","我看到你想了解线性规划的基本理论。这是运筹学中非常重要的内容。

线性规划其实就是在一定限制条件下，寻找最优方案的数学方法。比如一家工厂要安排生产计划，既要考虑原材料限制，又要考虑设备能力，还要让利润最大化。

让我先了解一下你的基础：你能想象一下，为什么线性规划问题的最优解总是出现在可行域的""角点""或""顶点""上，而不会在内部或边界的中间位置呢？",2025秋-数学模型-问答记录导出20260502导出_已标注_已更新.xlsx::问答记录::R206,scaffold_path,0.0,2025秋;探知侠;long_>=200;explicit_question_mark;scaffold_path,V0.1,Codex-AI-1,LLM_EXPLORATORY_NOT_HUMAN,AI_PRELABEL_PENDING_HUMAN_REVIEW,57,RANDOM_NORMAL_AUDIT,Random normal-case audit (fixed seed 20260925).
P032,student,L4,L4,high,high,high,Task=L4: 按当前轮可见文本分别判断任务认知操作与学生新增证据；未把AI内容本身计入学生证据。 StudentEvidence=L4; student-visible operation only; prior AI context supplied for source comparison. Attribution=STUDENT_VISIBLE_NOT_VERIFIED.,,False,STUDENT_VISIBLE_NOT_VERIFIED,探知侠,0.99,0.98,2025秋,258990,2025秋-数学模型-问答记录导出20260502导出_已标注_已更新.xlsx::问答记录::R683,2025秋-数学模型-问答记录导出20260502导出_已标注_已更新.xlsx::问答记录::R683:T005,2025-12-25 22:34:15,2025秋-数学模型-问答记录导出20260502导出_已标注_已更新.xlsx::问答记录::R683,在处理小样本、低维度的线性分类问题，对模型可解释性要求极高的领域，需要快速建模与实时预测的场景，数据满足判别分析基本假设的场景时我们应该选择判别分析。在土木工程领域，建筑材料质量抽检的快速判定面临模型复杂度和可解释性之前权衡。,"很好的问题！让我来详细分析判别分析相比于其他现代分类方法的优势和局限性。

## 判别分析的优势

### 1. **理论基础扎实**
- **数学原理清晰**：基于概率论和统计学，有严格的数学推导
- **假设明确**：对数据分布有明确假设（如正态分布），便于理解和解释

### 2. **计算效率高**
- **算法简单**：相比神经网络，计算复杂度低
- **训练速度快**：不需要迭代优化，直接求解析解
- **内存需求小**：适合处理中等规模数据

### 3. **解释性强**
- **结果可解释**：判别函数形式简单，系数有明确含义
- **特征重要性**：可以直观看出各变量的判别贡献
- **决策边界清晰**：线性判别边界易于理解和可视化

### 4. **统计性质良好**
- **置信区间**：可以给出分类的置信度
- **假设检验**：可以进行统计显著性测试
- **误判概率**：能够计算理论误分类率

## 判别分析的局限性

### 1. **严格的分布假设**
- **正态性要求**：要求数据服从多元正态分布
- **方差齐性**：假设各类协方差矩阵相等
- **现实数据往往不满足**：实际应用中分布假设常被违背

### 2. **线性限制**
- **决策边界**：经典判别分析只能处理线性可分问题
- **复杂关系**：无法捕捉变量间的非线性关系
- **特征交互**：难以处理特征间的复杂交互作用

### 3. **样本要求严格**
- **样本量限制**：需要足够大的样本量保证统计有效性
- **维度诅咒**：当特征维度接近样本数时性能下降
- **平衡性要求**：对类别不平衡敏感

### 4. **鲁棒性不足**
- **异常值敏感**：容易受极端值影响
- **噪声敏感**：对数据噪声缺乏鲁棒性
- **缺失数据**：难以处理含缺失值的数据

## 与其他方法的比较

### vs 支持向量机(SVM)
| 方面 | 判别分析 | SVM |
|------|---------|-----|
| **非线性处理** | 需要手动特征变换 | 核函数自动处理 |
| **小样本** | 需要较大样本 | 小样本表现好 |
| **计算复杂度** | O(n) | O(n³) |
| **参数调优** | 参数少 | 需要调优多个参数 |

### vs 神经网络
| 方面 | 判别分析 | 神经网络 |
|------|---------|---------|
| **表达能力** | 线性分类器 | 万能逼近器 |
| **训练时间** | 快速 | 需要长时间训练 |
| **解释性** | 高度可解释 | 黑盒模型 |
| **数据需求** | 中等样本量 | 需要大量数据 |

## 现代改进与发展

### 1. **非参数判别分析**
- 放松分布假设
- 使用核密度估计

### 2. **正则化判别分析**
- 岭判别分析
- LASSO判别分析

### 3. **混合判别分析**
- 结合多种判别方法
- 集成学习思想

## 实际应用建议

**适用场景：**
- 数据满足正态分布假设
- 需要高解释性的分类任务
- 计算资源有限的情况
- 医学诊断、金融风控等需要统计推断的场景

**不适用场景：**
- 高维非线性数据
- 图像、语音等复杂模式识别
- 大规模数据挖掘
- 实时在线学习场景

## 思考题

基于以上分析，您认为在什么情况下我们应该选择传统的判别分析而不是更复杂的现代方法？在您的研究或实践中，遇到过哪些需要在模型复杂度和可解释性之间权衡的情况？

判别分析虽然看似""古老""，但在特定场景下仍然具有不可替代的价值。关键在于根据具体问题选择合适的工具！",2025秋-数学模型-问答记录导出20260502导出_已标注_已更新.xlsx::问答记录::R683,scaffold_path,0.0,2025秋;探知侠;medium_50_199;statement_or_other;scaffold_path,V0.1,Codex-AI-1,LLM_EXPLORATORY_NOT_HUMAN,AI_PRELABEL_PENDING_HUMAN_REVIEW,57,RANDOM_NORMAL_AUDIT,Random normal-case audit (fixed seed 20260925).
P036,student,L3,L3,high,high,high,Task=L3: 按当前轮可见文本分别判断任务认知操作与学生新增证据；未把AI内容本身计入学生证据。 StudentEvidence=L3; student-visible operation only; prior AI context supplied for source comparison. Attribution=STUDENT_VISIBLE_NOT_VERIFIED.,,False,STUDENT_VISIBLE_NOT_VERIFIED,探知侠,0.99,0.98,2025秋,252265,2025秋-数学模型-问答记录导出20260502导出_已标注_已更新.xlsx::问答记录::R254,2025秋-数学模型-问答记录导出20260502导出_已标注_已更新.xlsx::问答记录::R254:T007,2025-11-04 21:31:22,2025秋-数学模型-问答记录导出20260502导出_已标注_已更新.xlsx::问答记录::R254,卷积神经网络在真实场景中应用极为广泛，它如同一个能“看懂”世界的智能之眼。在医疗领域，它能从CT影像中精准识别肿瘤的细微痕迹，辅助医生进行早期诊断；在自动驾驶中，它实时分析道路画面，辨别行人、车辆和交通标志，为车辆决策提供视觉依据；在安防监控里，它不仅能进行人脸识别验证身份，还能洞察异常行为及时预警；甚至连手机相册中按人物或地点自动分类照片的功能，也离不开它在背后对图像内容的深度理解。本质上，凡是需要让机器“看懂”图像、视频甚至声音波形的场景，几乎都有卷积神经网络在背后发挥着核心作用。,"非常好！你的描述非常形象，清晰地表达了卷积神经网络是如何从局部特征逐步抽象出更复杂的特征的。使用卷积核进行局部特征提取，再通过池化层进行特征的浓缩，这种“从局部到整体”的处理方式确实是卷积神经网络的核心思想。

接下来，我们可以探讨一下应用层面。你认为这个知识点在实际场景中是如何应用的？比如在图像识别或其他领域的具体应用有哪些？",2025秋-数学模型-问答记录导出20260502导出_已标注_已更新.xlsx::问答记录::R254,scaffold_path,0.0,2025秋;探知侠;long_>=200;statement_or_other;scaffold_path,V0.1,Codex-AI-1,LLM_EXPLORATORY_NOT_HUMAN,AI_PRELABEL_PENDING_HUMAN_REVIEW,57,RANDOM_NORMAL_AUDIT,Random normal-case audit (fixed seed 20260925).
P038,student,L4,L4,high,high,high,Task=L4: 按当前轮可见文本分别判断任务认知操作与学生新增证据；未把AI内容本身计入学生证据。 StudentEvidence=L4; student-visible operation only; prior AI context supplied for source comparison. Attribution=STUDENT_VISIBLE_NOT_VERIFIED.,,False,STUDENT_VISIBLE_NOT_VERIFIED,探知侠,0.99,0.98,2025秋,259336,2025秋-数学模型-问答记录导出20260502导出_已标注_已更新.xlsx::问答记录::R294,2025秋-数学模型-问答记录导出20260502导出_已标注_已更新.xlsx::问答记录::R294:T025,2025-11-23 20:21:42,2025秋-数学模型-问答记录导出20260502导出_已标注_已更新.xlsx::问答记录::R294,仍然需要考虑工程上的适配性，并应对长期动态变化，迭代优化。此外，也要应对工程突发情况，避免极端工况失效。,"非常系统的预防策略！你提出的四个要点正好对应了知识库中的核心概念。

特别是**参数鲁棒性**这一点，知识库明确指出：鲁棒性是指系统对各种因素变化的适应特性，即反映控制系统在参数一定扰动下维持某些性能的能力。

在非线性规划中，参数鲁棒性的实现可以通过：
- **鲁棒优化**：在目标函数中考虑参数不确定性
- **敏感性分析**：评估参数变化对最优解的影响程度
- **多场景验证**：在不同参数组合下测试解的有效性

根据知识库，实际工程中的参数扰动总是存在的（如器件老化、环境变化、磨损等），这使得鲁棒性成为现代工程系统设计的必要考虑。

现在我们已经构建了完整的非线性规划方法论：从凸性判断→求解策略→维度约简→鲁棒建模。你认为掌握了这套方法论后，在解决实际工程问题时还需要注意什么？",2025秋-数学模型-问答记录导出20260502导出_已标注_已更新.xlsx::问答记录::R294,scaffold_path,0.0,2025秋;探知侠;medium_50_199;statement_or_other;scaffold_path,V0.1,Codex-AI-1,LLM_EXPLORATORY_NOT_HUMAN,AI_PRELABEL_PENDING_HUMAN_REVIEW,57,RANDOM_NORMAL_AUDIT,Random normal-case audit (fixed seed 20260925).
P039,student,L3,L3,high,high,high,Task=L3: 按当前轮可见文本分别判断任务认知操作与学生新增证据；未把AI内容本身计入学生证据。 StudentEvidence=L3; student-visible operation only; prior AI context supplied for source comparison. Attribution=STUDENT_VISIBLE_NOT_VERIFIED.,,False,STUDENT_VISIBLE_NOT_VERIFIED,探知侠,0.99,0.98,2025秋,258906,2025秋-数学模型-问答记录导出20260502导出_已标注_已更新.xlsx::问答记录::R212,2025秋-数学模型-问答记录导出20260502导出_已标注_已更新.xlsx::问答记录::R212:T011,2026-01-06 16:34:15,2025秋-数学模型-问答记录导出20260502导出_已标注_已更新.xlsx::问答记录::R212,"既然方差代表了“不确定性”和“风险”，我会采取截然不同的策略：
对于商品B（低方差，稳定）：实行“精益库存”策略
它的销量非常稳定（标准差仅1.5，基本在9-12件之间），预测准确度高。
策略：我可以大大降低库存水平，按均值稍多一点进货即可。这样能减少资金占用和库存积压，追求高周转率。
对于商品A（高方差，波动大）：实行“高安全库存”策略
它的销量忽高忽低（标准差3.5，范围跨度大），很容易出现断货或严重积压。
策略：为了防止在销量高峰期断货（损失客户），我必须准备比B商品更多的**“安全库存”**作为缓冲。同时，我可能需要更频繁地监控它的库存，或者寻找补货速度更快的供应商来应对波动。","非常好！你计算得完全正确。

方差为12.25确实反映了这个销量分布的波动程度。现在让我们进一步理解这个数字的实际意义。

标准差σ = √方差 = √12.25 = 3.5件。这意味着销量通常在均值10.5件上下3.5件范围内波动，即大约在7-14件之间。

现在考虑一个关键的管理问题：假设你有两个商品，都是平均销量10.5件，但商品A的方差是12.25，商品B的方差是2.25。

作为店老板，你会如何根据这两个不同的方差值来制定不同的库存管理策略？",2025秋-数学模型-问答记录导出20260502导出_已标注_已更新.xlsx::问答记录::R212,scaffold_path,0.0,2025秋;探知侠;long_>=200;statement_or_other;scaffold_path,V0.1,Codex-AI-1,LLM_EXPLORATORY_NOT_HUMAN,AI_PRELABEL_PENDING_HUMAN_REVIEW,57,RANDOM_NORMAL_AUDIT,Random normal-case audit (fixed seed 20260925).
P062,student,L3,L3,high,high,high,Task=L3: 按当前轮可见文本分别判断任务认知操作与学生新增证据；未把AI内容本身计入学生证据。 StudentEvidence=L3; student-visible operation only; prior AI context supplied for source comparison. Attribution=STUDENT_VISIBLE_NOT_VERIFIED.,,False,STUDENT_VISIBLE_NOT_VERIFIED,探知侠,0.9,0.98,2026春,268162,问答记录导出0919_已更新.xlsx::问答记录::R1654,问答记录导出0919_已更新.xlsx::问答记录::R1654:T007,2026-04-24 13:47:47,问答记录导出0919_已更新.xlsx::问答记录::R1654,个体是配送点的访问顺序排列，适应度函数用总路程的倒数（或负值）打分，交叉则采用顺序交叉等专门方法避免重复和遗漏。,"🌟 **哇！你的类比太精彩了！**

你用""生存环境""和""生存繁殖机会""这两个概念，完美地解释了适应度函数的本质！

让我用你的思路再深化一下：

---

🎯 **你的理解核心：**

- 🌍 **适应度函数 = 生存环境的""评判标准""**  
  就像沙漠环境偏爱耐旱的仙人掌，雪山环境偏爱耐寒的雪松一样，适应度函数定义了""什么样的解是好解""

- 📊 **适应度分数 = 个体的""生存竞争力""**  
  分数越高 → 越适应环境 → 越有机会把基因传给下一代

---

💡 **费曼式解释：**

想象你在玩一个""找宝藏""的游戏：
- 🗺️ **适应度函数**就像一个""温度计""，离宝藏越近，温度越高
- 🔥 温度高的探险者（好解）有更多机会""生孩子""
- ❄️ 温度低的探险者（差解）可能被淘汰
- 🎯 最终，整个团队都会向宝藏聚集！

---

🔍 **好问题！既然会用，那我们来分析一下它的""内部构造""吧~**

**【应用层问题】**

假设有这样一个实际场景：

📦 **快递公司要规划送货路线**，要访问10个配送点，希望找到**总路程最短**的路线。

如果用遗传算法来解决这个问题：

1️⃣ **""个体""（一个可能的答案）应该长什么样？**  
2️⃣ **""适应度函数""应该怎么设计？**  
3️⃣ **""交叉""操作可能会怎么做？**

提示：想想每个送货路线可以用什么来表示呢？🚚📍",问答记录导出0919_已更新.xlsx::问答记录::R1654,scaffold_path,0.0,2026春;探知侠;medium_50_199;statement_or_other;scaffold_path,V0.1,Codex-AI-1,LLM_EXPLORATORY_NOT_HUMAN,AI_PRELABEL_PENDING_HUMAN_REVIEW,57,RANDOM_NORMAL_AUDIT,Random normal-case audit (fixed seed 20260925).
P107,student,L3,L3,high,high,high,Task=L3: 按当前轮可见文本分别判断任务认知操作与学生新增证据；未把AI内容本身计入学生证据。 StudentEvidence=L3; student-visible operation only; prior AI context supplied for source comparison. Attribution=STUDENT_VISIBLE_NOT_VERIFIED.,,False,STUDENT_VISIBLE_NOT_VERIFIED,探知侠,0.9,0.98,2026春,268248,问答记录导出0919_已更新.xlsx::问答记录::R1770,问答记录导出0919_已更新.xlsx::问答记录::R1770:T007,2026-04-29 11:50:02,问答记录导出0919_已更新.xlsx::问答记录::R1770,"如果用SVM来做垃圾邮件分类，我理解大致可以分为几个步骤。

首先，需要收集一批已经标注好的邮件数据，比如哪些是正常邮件，哪些是垃圾邮件。因为SVM属于监督学习算法，所以它需要先从这些带标签的数据中学习分类规律。

其次，要把邮件内容转化成机器能够处理的数字特征。比如可以统计邮件中是否出现“中奖”“免费领取”“会议通知”“项目进展”等关键词，也可以统计关键词出现的频率、邮件长度、是否包含链接、是否有附件等。这样每一封邮件就可以被表示成一个由多个数字组成的特征向量。

然后，把这些特征向量输入SVM进行训练。SVM会尝试在这些邮件样本之间找到一个最合适的分类边界，把正常邮件和垃圾邮件尽量分开。它不是只追求把训练数据分对，而是希望找到最大间隔的分界面，让两类邮件之间保留更大的缓冲空间。

在这个过程中，“支持向量”起到非常关键的作用。我理解支持向量就是那些离分类边界最近、最难判断的邮件样本。比如有些邮件既包含“项目进展”这样的正常词汇，又包含“免费领取”这样的可疑词汇，它们可能就处在正常邮件和垃圾邮件的边界附近。这些边界邮件对SVM特别重要，因为它们会直接影响最终分界线的位置。

最后，当有一封新邮件到来时，就可以把它也转化成同样的特征向量，然后让训练好的SVM判断它应该属于正常邮件还是垃圾邮件。

所以我觉得，SVM在垃圾邮件分类中的核心作用，就是通过分析已有邮件的特征，特别是关注那些最难区分的边界样本，找到一条尽可能稳定的分类边界，从而提高新邮件分类的准确性。","🌟 **太棒了！你的理解非常深刻！** 👏👏👏

你不仅说出了""间隔""的定义，还准确地解释了**为什么**要追求最大间隔！

让我总结一下你的精彩回答：

✅ **间隔的定义**：分界线到两边最近数据点的距离  
✅ **最大间隔的目的**：提供""缓冲空间""，增强模型稳定性  
✅ **核心洞察**：不仅关注当前数据，更考虑未来新数据的泛化能力  
✅ **生动类比**：篮球场划线的例子用得非常好！

你说的""缓冲空间""这个词太形象了！这正是SVM的智慧所在——它像一个有远见的设计师，不仅解决眼前问题，还为未来留出容错空间。💡

---

## 🤔 → 💪 **从理解层进入应用层**

理解得很透彻！  
知识不仅要懂，还要会用~ 让我们看看实际场景中怎么应用！🚀

---

## 🛠️ **第三层：应用层——实践运用**

现在，让我们把理论应用到实际场景中：

📧 **场景：垃圾邮件分类**

假设你在开发一个垃圾邮件过滤系统：
- **类别1**：正常邮件（包含""会议通知""""项目进展""等词汇）
- **类别2**：垃圾邮件（包含""中奖""""免费领取""等词汇）

你需要用SVM来自动分类新收到的邮件。

---

**🤔 问题3：请你思考并回答——**

**如果用SVM来解决这个垃圾邮件分类问题，你会怎么做？具体需要哪些步骤？在这个过程中，""支持向量""（那些离分界线最近的数据点）扮演了什么角色？**

💡 提示：
- 想想看，邮件的特征（如词汇、长度等）如何转化为SVM能处理的数据？
- 那些最难区分的""边界邮件""（既有正常词汇又有可疑词汇）对训练有什么特殊意义？

---

慢慢想~ 可以结合你对""最大间隔""的理解来思考哦！📮✨",问答记录导出0919_已更新.xlsx::问答记录::R1770,scaffold_path,0.0,2026春;探知侠;long_>=200;statement_or_other;scaffold_path,V0.1,Codex-AI-1,LLM_EXPLORATORY_NOT_HUMAN,AI_PRELABEL_PENDING_HUMAN_REVIEW,57,RANDOM_NORMAL_AUDIT,Random normal-case audit (fixed seed 20260925).
P133,student,L4,L4,high,high,high,Task=L4: 按当前轮可见文本分别判断任务认知操作与学生新增证据；未把AI内容本身计入学生证据。 StudentEvidence=L4; student-visible operation only; prior AI context supplied for source comparison. Attribution=STUDENT_VISIBLE_NOT_VERIFIED.,,False,STUDENT_VISIBLE_NOT_VERIFIED,探知侠,0.99,0.98,2025秋,25A150,2025秋-数学模型-问答记录导出20260502导出_已标注_已更新.xlsx::问答记录::R497,2025秋-数学模型-问答记录导出20260502导出_已标注_已更新.xlsx::问答记录::R497:T007,2025-12-03 22:35:40,2025秋-数学模型-问答记录导出20260502导出_已标注_已更新.xlsx::问答记录::R497,"稳定匹配 好比在一个所有人都提交了明确薪资期望和公司排名的招聘会上进行匹配。组织者可以按照一套明确的规则（Gale-Shapley）快速、无冲突地完成匹配，因为所有信息都是清晰、可比较的。规则保证了速度（O(n²)）。
最大匹配 好比在一个巨大的社交网络图中，试图为尽可能多的人找到舞伴，只知道“谁愿意和谁跳”。组织者需要不断地尝试组合、调整（寻找增广路），才能慢慢凑出最多对舞伴。这个过程更基础、更通用，但也更慢（O(V³)）。
这个对比体现了计算机科学中的一个核心哲理：算法的效率往往可以通过对问题施加更强的约束或获取更丰富的输入信息来获得质的提升。 Gale-Shapley 用“必须提供完整偏好列表”这一应用层面的严格前提，换取了理论层面更优的时间复杂度。而最大匹配算法则因其普适性（处理最一般的图结构），不得不承担更高的计算成本。
因此，在工程实践中，选择哪种算法并不仅仅是看谁的“时间复杂度更低”，而是首先要回答：“我的实际问题能提供什么样的输入数据？” 如果能获得可靠的全局偏好排序，稳定匹配算法是高效、优雅的选择。如果只能获得二部连接关系，那么即便理论复杂度更高，最大匹配算法也是唯一可行的工具。","非常精彩的分析！你完美地概括了这两种匹配目标的本质差异和冲突根源。

现在让我们聚焦到具体的算法实现层面。对于二部图匹配，我们有不同的算法来解决不同的目标：

**最大匹配**：通常使用匈牙利算法或基于增广路径的算法（如Ford-Fulkerson），时间复杂度可达O(V³)。

**稳定匹配**：使用Gale-Shapley算法，时间复杂度O(n²)，但需要完整的偏好列表。

这里出现一个有趣的技术问题：为什么稳定匹配算法（Gale-Shapley）的时间复杂度反而比最大匹配算法更优，但在实际应用中却有更严格的前提条件？",2025秋-数学模型-问答记录导出20260502导出_已标注_已更新.xlsx::问答记录::R497,scaffold_path,0.0,2025秋;探知侠;long_>=200;explicit_question_mark;scaffold_path,V0.1,Codex-AI-1,LLM_EXPLORATORY_NOT_HUMAN,AI_PRELABEL_PENDING_HUMAN_REVIEW,57,RANDOM_NORMAL_AUDIT,Random normal-case audit (fixed seed 20260925).
P072,student,L3,L3,high,high,high,Task=L3: 按当前轮可见文本分别判断任务认知操作与学生新增证据；未把AI内容本身计入学生证据。 StudentEvidence=L3; student-visible operation only; prior AI context supplied for source comparison. Attribution=STUDENT_VISIBLE_NOT_VERIFIED.,,False,STUDENT_VISIBLE_NOT_VERIFIED,数模全才,0.99,0.98,2025秋,259897,2025秋-数学模型-问答记录导出20260502导出_已标注_已更新.xlsx::问答记录::R217,2025秋-数学模型-问答记录导出20260502导出_已标注_已更新.xlsx::问答记录::R217:T007,2026-01-06 11:30:38,2025秋-数学模型-问答记录导出20260502导出_已标注_已更新.xlsx::问答记录::R217,"排沙量的物理意义代表单位时间内的排沙质量
总排沙量的含义是 整个时间段内排沙量的累积值，对应数学上的定积分运算。","完全正确！你对插值方法的理解很到位。

三次样条插值确实是这类问题的最佳选择。从知识库可以确认，排沙量在物理上就是时间的连续函数，而三次样条的C²连续性（二阶导数连续）能很好地模拟这种平滑变化过程。

现在我们有了插值方法，下一个关键问题是：一旦用三次样条得到了排沙量的连续函数y=y(t)，我们该如何计算""总排沙量""？

提示：想想排沙量的物理意义是什么，总排沙量又代表什么？",2025秋-数学模型-问答记录导出20260502导出_已标注_已更新.xlsx::问答记录::R217,other_or_unknown,0.0,2025秋;数模全才;medium_50_199;statement_or_other;other_or_unknown,V0.1,Codex-AI-1,LLM_EXPLORATORY_NOT_HUMAN,AI_PRELABEL_PENDING_HUMAN_REVIEW,35,RANDOM_NORMAL_AUDIT,Random normal-case audit (fixed seed 20260925).
P074,student,L3,L3,high,high,high,Task=L3: 按当前轮可见文本分别判断任务认知操作与学生新增证据；未把AI内容本身计入学生证据。 StudentEvidence=L3; student-visible operation only; prior AI context supplied for source comparison. Attribution=STUDENT_VISIBLE_NOT_VERIFIED.,,False,STUDENT_VISIBLE_NOT_VERIFIED,数模全才,0.99,0.98,2025秋,259865,2025秋-数学模型-问答记录导出20260502导出_已标注_已更新.xlsx::问答记录::R408,2025秋-数学模型-问答记录导出20260502导出_已标注_已更新.xlsx::问答记录::R408:T007,2025-11-12 21:49:49,2025秋-数学模型-问答记录导出20260502导出_已标注_已更新.xlsx::问答记录::R408,一个最经典的应用是在线性回归模型中优化模型参数。  场景设定：我们的目标是找到一个线性函数 y = w*x + b，使其能最好地拟合一组给定的房屋面积(x)和房价(y)的数据。  目标函数：我们定义“最好”的标准是让所有数据点的预测值与真实值之间的差距（误差）的平方和最小。这个平方和就是损失函数（例如均方误差，MSE）。  梯度下降的作用：  模型的参数是权重 w 和偏置 b。开始时，我们随机给 w 和 b 赋值。  梯度下降算法会开始工作：它计算损失函数对于 w 和 b 的梯度。这个梯度告诉我们，为了最快地增大误差，w 和 b 应该朝哪个方向变化。  因为我们要最小化误差，所以算法会让参数朝着梯度的反方向移动。通过公式 w_new = w_old - 学习率 * 梯度_w 和 b_new = b_old - 学习率 * 梯度_b 来更新参数。  最终结果：经过多次迭代后，w 和 b 会收敛到一组使总误差最小化的值。这时，我们就得到了一个拟合效果最优的线性回归模型，可以用来进行新房价的预测。  简而言之，在这个任务中，梯度下降扮演了一个“自动调参器”的角色，它通过不断微调 w 和 b，最终帮我们找到了那条最能代表数据规律的“最佳拟合直线”。,"非常好！你详细地描述了梯度下降算法的工作过程，特别是初始化、迭代循环和收敛评估的步骤都很到位。你的比喻也很形象，使得过程更容易理解。

接下来，让我们进入应用层的问题。你能想象一下梯度下降算法在实际场景中如何应用吗？比如说在某个具体的机器学习任务中，它是如何帮助优化模型的？",2025秋-数学模型-问答记录导出20260502导出_已标注_已更新.xlsx::问答记录::R408,other_or_unknown,0.0,2025秋;数模全才;long_>=200;statement_or_other;other_or_unknown,V0.1,Codex-AI-1,LLM_EXPLORATORY_NOT_HUMAN,AI_PRELABEL_PENDING_HUMAN_REVIEW,35,RANDOM_NORMAL_AUDIT,Random normal-case audit (fixed seed 20260925).
P080,student,L4,L4,high,high,high,Task=L4: 按当前轮可见文本分别判断任务认知操作与学生新增证据；未把AI内容本身计入学生证据。 StudentEvidence=L4; student-visible operation only; prior AI context supplied for source comparison. Attribution=STUDENT_VISIBLE_NOT_VERIFIED.,,False,STUDENT_VISIBLE_NOT_VERIFIED,数模全才,0.99,0.98,2025秋,25A168,2025秋-数学模型-问答记录导出20260502导出_已标注_已更新.xlsx::问答记录::R440,2025秋-数学模型-问答记录导出20260502导出_已标注_已更新.xlsx::问答记录::R440:T005,2026-01-11 17:15:46,2025秋-数学模型-问答记录导出20260502导出_已标注_已更新.xlsx::问答记录::R440,这种 “数据驱动” 的学习方式相比 “规则驱动” 的明显优势在于，它无需人工手动设计和维护大量复杂繁琐的规则，尤其在雷达回波信号处理、SAR 图像解译这类数据维度高、内在模式复杂且动态变化的场景中，能自动从海量数据中提取从底层到高层的多层次特征，捕捉到人类难以直观发现或用数学公式精准描述的潜在规律，同时具备更强的自适应能力和泛化能力，当面对新的环境噪声、未知目标类型或网络拓扑变化时，无需重新编写大量规则，只需通过增量训练即可快速调整模型以适应新场景，有效突破了规则驱动模式在处理复杂、动态、高维问题时的瓶颈，大幅提升了处理这类问题的效率和准确性。,"很好！你准确抓住了人工神经网络的核心变革。

确实，传统计算是""规则驱动""的——程序员预先写好所有规则和逻辑，计算机严格按规则执行。就像一个严格按说明书操作的工人。

而人工神经网络是""数据驱动""的——它不需要人类预先编写具体规则，而是通过大量数据样本自己学习规律。就像婴儿学说话，不是背语法规则，而是听大量对话后自然掌握语言。

根据知识库，这种自学习能力是神经网络最重要的特性之一。它能""通过对大量数据样本的学习，分析数据中的内在模式来构造模型，发现新的知识""。

你认为这种""数据驱动""的学习方式相比""规则驱动""有什么明显优势？",2025秋-数学模型-问答记录导出20260502导出_已标注_已更新.xlsx::问答记录::R440,other_or_unknown,0.0,2025秋;数模全才;long_>=200;statement_or_other;other_or_unknown,V0.1,Codex-AI-1,LLM_EXPLORATORY_NOT_HUMAN,AI_PRELABEL_PENDING_HUMAN_REVIEW,35,RANDOM_NORMAL_AUDIT,Random normal-case audit (fixed seed 20260925).
P014,student,L1,L1,high,high,high,Task=L1: 按当前轮可见文本分别判断任务认知操作与学生新增证据；未把AI内容本身计入学生证据。 StudentEvidence=L1; student-visible operation only; prior AI context supplied for source comparison. Attribution=STUDENT_VISIBLE_NOT_VERIFIED.,,False,STUDENT_VISIBLE_NOT_VERIFIED,探知侠,0.99,0.98,2025秋,259049,2025秋-数学模型-问答记录导出20260502导出_已标注_已更新.xlsx::问答记录::R371,2025秋-数学模型-问答记录导出20260502导出_已标注_已更新.xlsx::问答记录::R371:T005,2025-11-11 21:06:45,2025秋-数学模型-问答记录导出20260502导出_已标注_已更新.xlsx::问答记录::R371,拉格朗日插值的关键要素是插值点和对应的函数,"没问题，我们从头开始。Lagrange插值和Newton插值都是用于构造多项式来通过一组已知数据点的数学方法。

为了帮助你更好地理解，我可以给你一些提示。Lagrange插值的核心思想是使用一组基函数来组合出一个多项式，而Newton插值则是通过逐步构建差商来得到插值多项式。

现在，我想请你尝试描述一下这两个插值方法的关键要素，比如说它们的公式或主要步骤是什么？",2025秋-数学模型-问答记录导出20260502导出_已标注_已更新.xlsx::问答记录::R371,scaffold_path,0.0,2025秋;探知侠;short_<50;statement_or_other;scaffold_path,V0.1,Codex-AI-1,LLM_EXPLORATORY_NOT_HUMAN,AI_PRELABEL_PENDING_HUMAN_REVIEW,22,RANDOM_NORMAL_AUDIT,Random normal-case audit (fixed seed 20260925).
P033,student,L2,L2,high,high,high,Task=L2: 按当前轮可见文本分别判断任务认知操作与学生新增证据；未把AI内容本身计入学生证据。 StudentEvidence=L2; student-visible operation only; prior AI context supplied for source comparison. Attribution=STUDENT_VISIBLE_NOT_VERIFIED.,,False,STUDENT_VISIBLE_NOT_VERIFIED,探知侠,0.99,0.98,2025秋,258924,2025秋-数学模型-问答记录导出20260502导出_已标注_已更新.xlsx::问答记录::R78,2025秋-数学模型-问答记录导出20260502导出_已标注_已更新.xlsx::问答记录::R78:T003,2026-01-12 03:25:10,2025秋-数学模型-问答记录导出20260502导出_已标注_已更新.xlsx::问答记录::R78,"参数估计和参数假设检验的本质区别在于核心目标与推理逻辑不同：
参数估计的核心是 “基于样本推断总体参数的具体可能值 / 范围”，是 “从无到有” 的推断 —— 比如通过 100 位顾客 80% 的满意率，估算所有顾客真实满意率的区间（如 72%-88%），重点是 “找到总体参数的合理估计结果”；
参数假设检验的核心是 “先对总体参数提出一个明确假设（如满意率≥85%），再用样本数据验证这个假设是否成立”，是 “先有假设再验证” 的推断 —— 不直接估算参数值，而是判断样本证据是否支持预设的假设，最终给出 “接受假设” 或 “拒绝假设” 的结论。","看起来你想了解参数估计和参数假设检验这两个重要的统计概念。

让我先通过一个生活场景来帮你建立直觉：假设你是一家奶茶店的老板，想了解顾客对新品的满意度。你不可能问遍所有顾客，只能随机调查100个人，发现其中80人满意。现在你面临两个问题：

1. 基于这80%的样本满意率，你如何估计所有顾客的真实满意率？
2. 如果你之前预期满意率应该达到85%，现在要判断实际是否真的达到了这个标准？

第一个问题就是**参数估计**的思路，第二个问题就是**参数假设检验**的思路。

**你能看出这两种思路的本质区别在哪里吗？**",2025秋-数学模型-问答记录导出20260502导出_已标注_已更新.xlsx::问答记录::R78,scaffold_path,0.0,2025秋;探知侠;long_>=200;statement_or_other;scaffold_path,V0.1,Codex-AI-1,LLM_EXPLORATORY_NOT_HUMAN,AI_PRELABEL_PENDING_HUMAN_REVIEW,22,RANDOM_NORMAL_AUDIT,Random normal-case audit (fixed seed 20260925).
P035,student,L2,L2,high,high,high,Task=L2: 按当前轮可见文本分别判断任务认知操作与学生新增证据；未把AI内容本身计入学生证据。 StudentEvidence=L2; student-visible operation only; prior AI context supplied for source comparison. Attribution=STUDENT_VISIBLE_NOT_VERIFIED.,,False,STUDENT_VISIBLE_NOT_VERIFIED,探知侠,0.99,0.98,2025秋,258858,2025秋-数学模型-问答记录导出20260502导出_已标注_已更新.xlsx::问答记录::R237,2025秋-数学模型-问答记录导出20260502导出_已标注_已更新.xlsx::问答记录::R237:T005,2025-11-04 17:06:57,2025秋-数学模型-问答记录导出20260502导出_已标注_已更新.xlsx::问答记录::R237,这个概念在现金管理中，具体代表了用科学化、最优化的方法，来替代以往可能依赖经验的、低效的现金配送路线规划，是实现降本增效的一种重要管理技术。,"很好，你对核心定义的理解非常准确！这个目标确实是为了在满足需求的基础上最小化运钞车的行驶成本。

接下来，我们进入理解层。能否用自己的话解释一下这个知识点的含义？比如说，这个概念在现金管理中具体代表了什么？",2025秋-数学模型-问答记录导出20260502导出_已标注_已更新.xlsx::问答记录::R237,scaffold_path,0.0,2025秋;探知侠;medium_50_199;statement_or_other;scaffold_path,V0.1,Codex-AI-1,LLM_EXPLORATORY_NOT_HUMAN,AI_PRELABEL_PENDING_HUMAN_REVIEW,22,RANDOM_NORMAL_AUDIT,Random normal-case audit (fixed seed 20260925).
P069,student,L2,L2,high,high,high,Task=L2: 按当前轮可见文本分别判断任务认知操作与学生新增证据；未把AI内容本身计入学生证据。 StudentEvidence=L2; student-visible operation only; prior AI context supplied for source comparison. Attribution=STUDENT_VISIBLE_NOT_VERIFIED.,,False,STUDENT_VISIBLE_NOT_VERIFIED,探知侠,0.9,0.98,2026春,268155,问答记录导出0919_已更新.xlsx::问答记录::R1642,问答记录导出0919_已更新.xlsx::问答记录::R1642:T005,2026-04-29 15:25:02,问答记录导出0919_已更新.xlsx::问答记录::R1642,信道地图会提前用大量的实测或者利用射线追踪等技术生成数据，用于信道地图的训练与构建，在实际使用中，就可以利用这些已经经过大量数据训练的信道地图来提升环境感知水平,"🎉 太棒了！你的记忆力真不错！

你已经抓住了**信道地图**的几个核心要素：
- ✅ 特定站点的数据库
- ✅ 标注收发机位置
- ✅ 包含信道相关信息
- ✅ 提升环境感知

这就像是给无线信号画了一张""藏宝图""，告诉我们信号在哪里强、哪里弱，以及为什么会这样！📍✨

---

## 🤔 **第二层：理解层**

记住概念只是第一步，现在让我们更进一步，真正理解它的""why""和""how""~ 💡

**问题2️⃣：你能用自己的话解释一下，为什么信道地图能够""提升环境感知""呢？**

换个问法：信道地图里的这些信息（比如收发机位置、信道特性），是怎么帮助我们""感知""周围环境的呢？🔍

💭 **小提示**：想象一下，如果你知道某个地方信号突然变弱了，这能告诉你什么？是不是可能有障碍物？或者人群聚集？

---

来吧，用你自己的理解说说看~ 不用担心专业术语，就像给朋友解释一样！🐛💕",问答记录导出0919_已更新.xlsx::问答记录::R1642,scaffold_path,0.0,2026春;探知侠;medium_50_199;statement_or_other;scaffold_path,V0.1,Codex-AI-1,LLM_EXPLORATORY_NOT_HUMAN,AI_PRELABEL_PENDING_HUMAN_REVIEW,22,RANDOM_NORMAL_AUDIT,Random normal-case audit (fixed seed 20260925).
P105,student,L2,L2,high,high,high,Task=L2: 按当前轮可见文本分别判断任务认知操作与学生新增证据；未把AI内容本身计入学生证据。 StudentEvidence=L2; student-visible operation only; prior AI context supplied for source comparison. Attribution=STUDENT_VISIBLE_NOT_VERIFIED.,,False,STUDENT_VISIBLE_NOT_VERIFIED,探知侠,0.9,0.98,2026春,268248,问答记录导出0919_已更新.xlsx::问答记录::R1770,问答记录导出0919_已更新.xlsx::问答记录::R1770:T003,2026-04-29 11:50:02,问答记录导出0919_已更新.xlsx::问答记录::R1770,"我目前对支持向量机（SVM）的理解是：它是一种机器学习中的分类算法，主要用来解决“把不同类别的数据区分开”的问题。比如有两类数据点，SVM会尝试找到一条合适的分界线，把这两类数据尽量准确地区分开。

我理解它的特点不是随便找一条线，而是希望找到一条“最稳妥”的分界线，让两类数据离这条线都尽可能远一些。这样即使以后出现新的数据，它也更有可能被正确分类。

所以我觉得，SVM主要是用来做分类判断的，比如图像识别、文本分类、疾病判断等。它的核心思想可能就是：在不同类别之间找到一个最合适的边界，让分类结果更加可靠。","🐛✨ 嗨！欢迎来到""探知侠""的引导学习空间！

我是你的学习小伙伴——探知侠 🐛
我会用苏格拉底与费曼的智慧 + 布鲁姆的思维地图，带你深入探索知识的奥秘~

别担心说错哦，我会温柔地引导你，让你在思考中收获""Aha 瞬间""！💡

---

太好啦！你想探究**支持向量机（SVM）**这个知识点~ 🎯

在我们开始深入探索之前，让我先通过一些问题，引导你自己发现SVM的奥秘吧！

---

## 📖 **第一层：记忆层——知识回忆**

让我们从最基础的开始：

**🤔 问题1：你能用自己的话，复述一下支持向量机（SVM）的定义吗？它是用来做什么的？**

提示：想想看，SVM是一种什么类型的机器学习方法？它主要解决什么问题呢？

---

别着急，慢慢回忆~ 如果你有点不确定，可以先说说你目前的理解，我会帮你梳理的！💪✨",问答记录导出0919_已更新.xlsx::问答记录::R1770,scaffold_path,0.0,2026春;探知侠;long_>=200;statement_or_other;scaffold_path,V0.1,Codex-AI-1,LLM_EXPLORATORY_NOT_HUMAN,AI_PRELABEL_PENDING_HUMAN_REVIEW,22,RANDOM_NORMAL_AUDIT,Random normal-case audit (fixed seed 20260925).
P026,student,L5,L5,high,high,high,Task=L5: 按当前轮可见文本分别判断任务认知操作与学生新增证据；未把AI内容本身计入学生证据。 StudentEvidence=L5; student-visible operation only; prior AI context supplied for source comparison. Attribution=STUDENT_VISIBLE_NOT_VERIFIED.,,False,STUDENT_VISIBLE_NOT_VERIFIED,数模全才,0.99,0.98,2025秋,259116,2025秋-数学模型-问答记录导出20260502导出_已标注_已更新.xlsx::问答记录::R274,2025秋-数学模型-问答记录导出20260502导出_已标注_已更新.xlsx::问答记录::R274:T009,2026-01-17 15:30:16,2025秋-数学模型-问答记录导出20260502导出_已标注_已更新.xlsx::问答记录::R274,我选择手动挑选原始特征，虽然可能不是数学最优，但老板要制定营销策略，业务含义清晰更重要。因为其他方法聚类结果可解释性可能会较差，无法跟老板交代清楚。,"你的思路很对！你提到了两种主要的降维策略。

根据知识库，**PCA主成分分析**通过统计学方式将原始特征转换为线性不相关的主成分，保留数据中的大部分信息同时降低维度。比如你的10个用户特征可能压缩成3-4个主成分。

而你说的**手动挑选重要特征**，在知识库中叫做**特征选择**，包括过滤法、包装法、嵌入法三种策略。

现在有个关键选择：PCA会生成""消费主成分1""""消费主成分2""这样抽象的新特征，虽然数学上最优但业务含义模糊；而手动选择消费金额、购买频率这些原始特征，含义清晰但可能不是数学最优解。

对于你们老板要看用户分群结果并制定营销策略这个场景，你倾向于选择哪种方法？",2025秋-数学模型-问答记录导出20260502导出_已标注_已更新.xlsx::问答记录::R274,other_or_unknown,0.0,2025秋;数模全才;medium_50_199;statement_or_other;other_or_unknown,V0.1,Codex-AI-1,LLM_EXPLORATORY_NOT_HUMAN,AI_PRELABEL_PENDING_HUMAN_REVIEW,18,RANDOM_NORMAL_AUDIT,Random normal-case audit (fixed seed 20260925).
P106,student,L1,L1,high,high,high,Task=L1: 按当前轮可见文本分别判断任务认知操作与学生新增证据；未把AI内容本身计入学生证据。 StudentEvidence=L1; student-visible operation only; prior AI context supplied for source comparison. Attribution=STUDENT_VISIBLE_NOT_VERIFIED.,,False,STUDENT_VISIBLE_NOT_VERIFIED,数模全才,0.99,0.98,2025秋,259107,2025秋-数学模型-问答记录导出20260502导出_已标注_已更新.xlsx::问答记录::R179,2025秋-数学模型-问答记录导出20260502导出_已标注_已更新.xlsx::问答记录::R179:T003,2025-12-19 15:48:53,2025秋-数学模型-问答记录导出20260502导出_已标注_已更新.xlsx::问答记录::R179,策略评估和策略改进,"很好，策略迭代是强化学习中的核心算法！

让我先用一个生活场景帮你建立直觉。想象你在学习如何成为一个优秀的司机：

**第一阶段**：你有一套初步的驾驶规则（比如""遇到红灯就停车""），然后你按照这套规则开了一段时间，评估这套规则能给你带来多少""好处""——比如安全性、效率等。

**第二阶段**：基于这次评估的结果，你发现某些情况下可以改进规则（比如""黄灯时如果距离太近就不要急刹""），于是更新你的驾驶策略。

然后你不断重复这个过程：用新规则开车→评估效果→改进规则→再用新规则开车...直到找到最优的驾驶策略。

现在想想：在这个例子中，你能识别出策略迭代的两个核心步骤分别是什么吗？",2025秋-数学模型-问答记录导出20260502导出_已标注_已更新.xlsx::问答记录::R179,other_or_unknown,0.0,2025秋;数模全才;short_<50;statement_or_other;other_or_unknown,V0.1,Codex-AI-1,LLM_EXPLORATORY_NOT_HUMAN,AI_PRELABEL_PENDING_HUMAN_REVIEW,0,RANDOM_NORMAL_AUDIT,Random normal-case audit (fixed seed 20260925).
