case_order,record_id,student_text,prior_ai_context,context_truncated,speaker_role_check,task_bloom,task_confidence,student_evidence_bloom,evidence_confidence,confidence,reason,ambiguity_type,needs_second_review,task_source,task_actor,evidence_span,content_relation,partial_rewrite,prompt_induced,scaffold_share,correctness,speaker_unknown_reason,source_unknown_reason,elapsed_sec
1,P072,"排沙量的物理意义代表单位时间内的排沙质量
总排沙量的含义是 整个时间段内排沙量的累积值，对应数学上的定积分运算。","很好的分析思路！你抓住了核心要点。 从知识库的数据可以看出，排沙量确实呈现明显的""先增后减""波动规律：从6月29日的57,600 kg/s开始，逐步上升到7月4日的最高峰312,800 kg/s，然后逐渐下降到7月10日的4,500 kg/s。这符合人造洪峰冲刷的物理过程。 现在关键问题来了：我们有24个离散的观测点，但需要估算""任意时刻""的排沙量。在数学上，这就是要在离散数据点之间建立连续函数。 你觉得对于这种""先增后减""且变化较为复杂的数据，用简单的线性插值会有什么问题？我们需要什么样的插值方法？ 完全正确！你对插值方法的理解很到位。 三次样条插值确实是这类问题的最佳选择。从知识库可以确认，排沙量在物理上就是时间的连续函数，而三次样条的C2连续性（二阶导数连续）能很好地模拟这种平滑变化过程。 现在我们有了插值方法，下一个关键问题是：一旦用三次样条得到了排沙量的连续函数y=y(t)，我们该如何计算""总排沙量""？ 提示：想想排沙量的物理意义是什么，总排沙量又代表什么？",TRUE,,,,,,,,,,,,,,,,,,,,
2,P071,在光神经网络中，哪些问题属于“本质问题”，哪些只是工程实现问题？,[NO_PRIOR_AI_TURN_IN_SOURCE_EXPORT],FALSE,,,,,,,,,,,,,,,,,,,,
3,P005,我想研究5G通信中的边缘计算优化,[NO_PRIOR_AI_TURN_IN_SOURCE_EXPORT],FALSE,,,,,,,,,,,,,,,,,,,,
4,P017,最小化 ||w||,很好！你准确描述了SVM的目标。现在让我们看看如何将这个目标转化为具体的数学优化问题。 根据知识库，样本点到超平面的距离公式是：d = |w^T x + b| / ||w|| 对于线性可分的情况，我们可以通过归一化使得支持向量满足 |w^T x + b| = 1。这样，支持向量到超平面的距离就是 1/||w||。 要最大化这个间隔 1/||w||，等价于最小化什么？而约束条件是什么？ 提示：考虑正负两类样本分别应该满足什么不等式条件。,FALSE,,,,,,,,,,,,,,,,,,,,
5,P097,梯度小到机器精度极限和计算资源较少？,"??? 太棒了！你抓住了Adam的核心思想！?? **""学习之前的梯度变化，然后调整""** ——这正是Adam的精髓所在！ --- ## ? **Adam在光计算中的作用** 你的理解是对的！Adam确实可以在**一定程度上**缓解梯度消失问题： ### ?? **Adam的优势：** 1?? **自适应放大微小梯度** - 当梯度持续很小时，Adam会**累积历史信息** - 通过二阶矩估计，**动态增大这些参数的有效学习率** - 相当于给微弱的梯度信号""加了一个放大器""！?? 2?? **动量机制帮助突破平台期** - 即使当前梯度接近0，之前的""惯性""还能推动参数更新 - 像是给参数更新加了""助推器""！?? 3?? **针对每个参数独立调整** - 不同光学元件可能梯度消失程度不同 - Adam能为每个参数定制学习策略 --- ## ?? **但也有局限性！** Adam虽然聪明，但它**不是魔法**哦～ - ?? **物理损耗无法改变**：光强衰减是硬件问题，优化器改变不了物理规律 - ?? **极端梯度消失仍无解**：如果梯度真的接近机器精度（10?1?），Adam也无能为力 - ?? **治标不治本**：Adam更像""止痛药""，真正解决还需要硬件+架构配合 --- ## ?? **第四层：分析层**（逻辑拆解） 棒极了！你已经能应用Adam到光计算场景了！ 现在让我们更深入地分析一下～ **问题4??：除了优化器本身，你认为在光计算系统中，还有哪些因素会影响梯度消失的严重程度？这些因素之间有什么关联呢？** 提示：可以从这些角度思考～ - ??? 网络深度（层数多少） - ?? 非线性激活函数的选择 - ?? 光学器件的物理特性（损耗率、精度） - ?? 训练数据的特性 - ?? 初始化策略 **你觉得哪些因素影响最大？它们之间是怎么相互作用的呢？** ???? ???? 哇哦！你一下子抓住了三个关键因素！分析能力真强！?? **""网络深度、非线性激活函数、物理特性""** ——这三个确实是影响梯度消失的""铁三角""！ 让我帮你深入拆解一下它们之间的关系～ --- ## ?? **三大因素的深度分析** ### 1?? **网络深度（层数）** - ?? **链式法则的累积效应**： - 每增加一层，就多一次梯度相乘 - 10层：0.81? ≈ 0.107 - 50层：0.8?? ≈ 0.000014（几乎消失！） - ?? **影响**：深度是梯度消失的""放大器"" ### 2?? **非线性激活函数** - ?? **饱和区问题**： - Sigmoid/Tanh：输入过大或过小时，梯度接近0 - ReLU：负数区域梯度为0（死神经元） - 光学中的非线性（如饱和吸收）也有类似问题 - ?? **影响**：激活函数是梯度的""阀门"" ### 3?? **物理特性（光学损耗）** - ?? **硬件层面的衰减**： - 耦合效率：每层损失10-30%光强 - 材料吸收、散射损耗 - 调制器插入损耗 - ?? **影响**：物理损耗是梯度消失的""根源"" --- ## ?? **它们是如何相互作用的？** 想象一个**三重打击**的过程： ``` 物理损耗（0.7） × 激活函数梯度（0.6） × 网络深度（10层） = 0.71? × 0.61? ≈ 0.00000008 ?? ``` **关键洞察**： - ?? 物理损耗设定了""基础衰减率"" - ?? 激活函数决定了""衰减模式""（饱和vs非饱和） - ?? 网络深度决定了""累积效果""（指数级恶化） **三者相乘 = 指数级灾难！** ?? --- ## ?? **第五层：评价层**（批判思考） 太棒了！你已经能深入分析梯度消失的影响因素了！ 现在让我们批判性地思考一下～ **问题5??：既然我们知道了Adam优化器可以在算法层面缓解梯度消失，你觉得这个方法有哪些局限性？在什么情况下Adam可能也无能为力？** 提示：想想这些场景～ - ?? 梯度已经小到机器精度极限 - ?? 硬件物理损耗极其严重 - ?? 网络层数非常深（比如100层） - ?? 训练时间和计算资源的限制 **你认为Adam最大的局限是什么？为什么？** ????",TRUE,,,,,,,,,,,,,,,,,,,,
6,P028,将“追求绝对精确”的确定性计算，转变为一种概率性计算,"完全正确！你已经抓住了核心要点。 让我们具体分析一下：小明作为""枢纽节点""（度数高），就像蜘蛛网的关键交叉点，如果他离开网络，会断开很多连接，可能让原本相连的朋友群体分割开来。而小红虽然连接少，但她可能连接着两个原本不相关的小群体，起到""桥梁""作用。 在图论中，我们用不同指标来衡量节点重要性：度中心性（连接数量）、中介中心性（桥梁作用）、接近中心性（到其他节点距离）等。 现在让我问一个关键问题：如果我们要在计算机中存储和处理这样一个包含数百万用户的社交网络图，你认为最大的挑战会是什么？ 精准！你点出了大数据图分析的核心矛盾。 想象一下：微信有12亿用户，如果用传统的邻接矩阵存储，需要12亿×12亿的矩阵，即使每个关系只用1bit，也需要144万TB的存储！而且用户每秒都在加好友、发消息，系统必须实时响应。 这就是知识库中提到的""数据规模与实时性要求""的挑战。传统的确定性算法要遍历所有数据才能给出准确结果，但在如此规模下根本无法实时完成。 这时候随机算法就显示出威力了：它不需要分析全部数据，而是通过采样一小部分来快速估算整体结果。比如要估算两个用户之间的最短路径，可以随机选择部分路径进行探索。 你觉得这种""用部分数据估算全局结果""的方法，在准确性和速度之间会有什么样的权衡？",TRUE,,,,,,,,,,,,,,,,,,,,
7,P008,我想研究深度学习中的物理AI这个领域,[NO_PRIOR_AI_TURN_IN_SOURCE_EXPORT],FALSE,,,,,,,,,,,,,,,,,,,,
8,P002,我想研究基于深度学习的金属3d打印信号去噪,[NO_PRIOR_AI_TURN_IN_SOURCE_EXPORT],FALSE,,,,,,,,,,,,,,,,,,,,
9,P036,卷积神经网络在真实场景中应用极为广泛，它如同一个能“看懂”世界的智能之眼。在医疗领域，它能从CT影像中精准识别肿瘤的细微痕迹，辅助医生进行早期诊断；在自动驾驶中，它实时分析道路画面，辨别行人、车辆和交通标志，为车辆决策提供视觉依据；在安防监控里，它不仅能进行人脸识别验证身份，还能洞察异常行为及时预警；甚至连手机相册中按人物或地点自动分类照片的功能，也离不开它在背后对图像内容的深度理解。本质上，凡是需要让机器“看懂”图像、视频甚至声音波形的场景，几乎都有卷积神经网络在背后发挥着核心作用。,很不错！你提到的“使用卷积核在数据上活动”是卷积神经网络的关键操作，确实是用来提取局部特征的。卷积核通过滑动窗口的方式在输入数据上进行运算，从而捕捉到局部的空间特征。 接下来，我们可以深入一点。能不能用你自己的话解释一下卷积神经网络的工作原理？例如，它是如何通过卷积层提取特征的？ 非常好！你的描述非常形象，清晰地表达了卷积神经网络是如何从局部特征逐步抽象出更复杂的特征的。使用卷积核进行局部特征提取，再通过池化层进行特征的浓缩，这种“从局部到整体”的处理方式确实是卷积神经网络的核心思想。 接下来，我们可以探讨一下应用层面。你认为这个知识点在实际场景中是如何应用的？比如在图像识别或其他领域的具体应用有哪些？,TRUE,,,,,,,,,,,,,,,,,,,,
10,P131,大数据分析方法,[NO_PRIOR_AI_TURN_IN_SOURCE_EXPORT],FALSE,,,,,,,,,,,,,,,,,,,,
11,P105,"我目前对支持向量机（SVM）的理解是：它是一种机器学习中的分类算法，主要用来解决“把不同类别的数据区分开”的问题。比如有两类数据点，SVM会尝试找到一条合适的分界线，把这两类数据尽量准确地区分开。

我理解它的特点不是随便找一条线，而是希望找到一条“最稳妥”的分界线，让两类数据离这条线都尽可能远一些。这样即使以后出现新的数据，它也更有可能被正确分类。

所以我觉得，SVM主要是用来做分类判断的，比如图像识别、文本分类、疾病判断等。它的核心思想可能就是：在不同类别之间找到一个最合适的边界，让分类结果更加可靠。","?? **让我来分析一下这两种情况：** --- ### **情况A：数据完美可分（理想情况）** 在这种情况下： **支持向量的特点**： - 支持向量的**数量会比较少**，通常只有少数几个关键样本 - 它们恰好位于两类数据的""边界位置""，是离分界线最近的那些点 - 这些支持向量会精确地定义出最大间隔超平面 **分类效果**： - SVM可以找到一个完美的分界面，所有训练数据都能正确分类 - 间隔会比较大，因为两类数据之间有明显的""空白区域"" - 模型的泛化能力强，对新数据的分类会比较准确 --- ### **情况B：数据有""噪音""（现实情况）** 在这种情况下： **支持向量的变化**： - 支持向量的**数量可能会增加** - 除了边界上的关键样本，那些""模糊样本""（混合了两类特征的邮件）也可能成为支持向量 - 有些样本可能会落在间隔内，甚至落在错误的一边 **对""最大间隔""的影响**： - SVM会面临一个**权衡**：是要完美分类所有训练数据（但可能导致间隔很小），还是允许少数样本分错（但保持较大间隔）？ - 这时候就需要引入一个**软间隔**（Soft Margin）的概念，通过一个惩罚参数C来平衡""最大化间隔""和""减少分类错误""这两个目标 - 如果C值设置得很大，SVM会更注重把训练数据分对，可能导致间隔变小，过拟合风险增加 - 如果C值设置得较小，SVM会更注重最大化间隔，允许一些样本被错分，泛化能力可能更好 --- ### **对实际应用的影响** 在垃圾邮件分类这样的**真实场景**中： ? **数据更可能是情况B**： - 总会有一些""模糊邮件""，既有正常特征又有可疑特征 - 可能存在标注错误或者数据噪音 - 两类邮件的特征分布可能有重叠区域 ? **支持向量的意义更加重要**： - 支持向量集中在最难区分的边界区域 - 这些关键样本帮助SVM找到一个在""严格分类""和""泛化能力""之间平衡的决策边界 - 其他远离边界的""明显样本""对最终分界线影响很小 ? **参数调整的重要性**： - 需要通过调整惩罚参数C来控制模型的复杂度 - 需要在训练准确率和泛化能力之间找到最佳平衡点 --- 所以我认为，**情况B更符合现实**。SVM的强大之处在于，即使面对有噪音、有模糊样本的数据，它仍然能通过软间隔机制和对支持向量的关注，找到一个相对稳定、泛化能力强的分类边界。这也是为什么SVM在实际应用中表现出色的原因！ ??? 嗨！欢迎来到""探知侠""的引导学习空间！ 我是你的学习小伙伴——探知侠 ?? 我会用苏格拉底与费曼的智慧 + 布鲁姆的思维地图，带你深入探索知识的奥秘~ 别担心说错哦，我会温柔地引导你，让你在思考中收获""Aha 瞬间""！?? --- 太好啦！你想探究**支持向量机（SVM）**这个知识点~ ?? 在我们开始深入探索之前，让我先通过一些问题，引导你自己发现SVM的奥秘吧！ --- ## ?? **第一层：记忆层——知识回忆** 让我们从最基础的开始： **?? 问题1：你能用自己的话，复述一下支持向量机（SVM）的定义吗？它是用来做什么的？** 提示：想想看，SVM是一种什么类型的机器学习方法？它主要解决什么问题呢？ --- 别着急，慢慢回忆~ 如果你有点不确定，可以先说说你目前的理解，我会帮你梳理的！???",FALSE,,,,,,,,,,,,,,,,,,,,
12,P080,这种 “数据驱动” 的学习方式相比 “规则驱动” 的明显优势在于，它无需人工手动设计和维护大量复杂繁琐的规则，尤其在雷达回波信号处理、SAR 图像解译这类数据维度高、内在模式复杂且动态变化的场景中，能自动从海量数据中提取从底层到高层的多层次特征，捕捉到人类难以直观发现或用数学公式精准描述的潜在规律，同时具备更强的自适应能力和泛化能力，当面对新的环境噪声、未知目标类型或网络拓扑变化时，无需重新编写大量规则，只需通过增量训练即可快速调整模型以适应新场景，有效突破了规则驱动模式在处理复杂、动态、高维问题时的瓶颈，大幅提升了处理这类问题的效率和准确性。,"看到你想了解人工神经网络！这是一个非常有趣的智能技术领域。 让我先通过一个生活中的例子帮你建立直观理解。想象一下你的大脑是如何识别朋友的脸的：眼睛看到图像信息，传递给大脑不同区域的神经元，这些神经元相互连接、协同工作，最终你就能认出""这是小明""。人工神经网络就是模仿这个过程！ 它用大量简单的人工""神经元""相互连接，形成网络，通过学习来处理复杂信息。就像大脑一样，单个神经元很简单，但大量神经元协同工作就能实现惊人的功能。 你觉得这种""模仿大脑""的思路有什么特别之处？ 很好！你准确抓住了人工神经网络的核心变革。 确实，传统计算是""规则驱动""的——程序员预先写好所有规则和逻辑，计算机严格按规则执行。就像一个严格按说明书操作的工人。 而人工神经网络是""数据驱动""的——它不需要人类预先编写具体规则，而是通过大量数据样本自己学习规律。就像婴儿学说话，不是背语法规则，而是听大量对话后自然掌握语言。 根据知识库，这种自学习能力是神经网络最重要的特性之一。它能""通过对大量数据样本的学习，分析数据中的内在模式来构造模型，发现新的知识""。 你认为这种""数据驱动""的学习方式相比""规则驱动""有什么明显优势？",TRUE,,,,,,,,,,,,,,,,,,,,
13,P089,SM5.2-平稳时间序列分析,[NO_PRIOR_AI_TURN_IN_SOURCE_EXPORT],FALSE,,,,,,,,,,,,,,,,,,,,
14,P035,这个概念在现金管理中，具体代表了用科学化、最优化的方法，来替代以往可能依赖经验的、低效的现金配送路线规划，是实现降本增效的一种重要管理技术。,好的，我们来深入探讨一下“OM6.1.4旅行销售商问题在现金管理中的应用案例”。 首先，我们从记忆层开始。请你简要复述这个知识点的核心定义。这个ATM现金管理模型的目标是什么呢？ 很好，你对核心定义的理解非常准确！这个目标确实是为了在满足需求的基础上最小化运钞车的行驶成本。 接下来，我们进入理解层。能否用自己的话解释一下这个知识点的含义？比如说，这个概念在现金管理中具体代表了什么？,TRUE,,,,,,,,,,,,,,,,,,,,
15,P010,"我想研究贝叶斯优化算法的车辆跨域关联（ReID）和轨迹重构中的应用,，从交通工程的视角",[NO_PRIOR_AI_TURN_IN_SOURCE_EXPORT],FALSE,,,,,,,,,,,,,,,,,,,,
16,P096,我想研究5G通信中的边缘计算优化,[NO_PRIOR_AI_TURN_IN_SOURCE_EXPORT],FALSE,,,,,,,,,,,,,,,,,,,,
17,P031,SM5.2-平稳时间序列分析,[NO_PRIOR_AI_TURN_IN_SOURCE_EXPORT],FALSE,,,,,,,,,,,,,,,,,,,,
18,P038,仍然需要考虑工程上的适配性，并应对长期动态变化，迭代优化。此外，也要应对工程突发情况，避免极端工况失效。,"非常深刻的工程洞察！你准确地区分了**方向性错误**和**技术性问题**的本质差异。 正如知识库中提到的，理论与实验的偏差在半导体器件、计算化学等领域都是普遍现象。理论模型往往基于理想假设，而实际系统存在制造误差、环境干扰、材料非理想性等因素。 在非线性规划中，这种偏差的危害更加严重： - **模型偏差**：实际约束比理论模型更严格，""理论可行""但""实际不可行"" - **目标偏差**：优化了错误的目标函数，结果南辕北辙 - **参数偏差**：模型参数与实际不符，最优解偏离真实最优点 相比之下，计算资源与精度的矛盾确实可以通过你提到的分层策略、混合算法等技术手段来平衡。 那么，如何在非线性规划的建模阶段就预防这种理论与实际的偏差呢？ 非常系统的预防策略！你提出的四个要点正好对应了知识库中的核心概念。 特别是**参数鲁棒性**这一点，知识库明确指出：鲁棒性是指系统对各种因素变化的适应特性，即反映控制系统在参数一定扰动下维持某些性能的能力。 在非线性规划中，参数鲁棒性的实现可以通过： - **鲁棒优化**：在目标函数中考虑参数不确定性 - **敏感性分析**：评估参数变化对最优解的影响程度 - **多场景验证**：在不同参数组合下测试解的有效性 根据知识库，实际工程中的参数扰动总是存在的（如器件老化、环境变化、磨损等），这使得鲁棒性成为现代工程系统设计的必要考虑。 现在我们已经构建了完整的非线性规划方法论：从凸性判断→求解策略→维度约简→鲁棒建模。你认为掌握了这套方法论后，在解决实际工程问题时还需要注意什么？",TRUE,,,,,,,,,,,,,,,,,,,,
19,P018,"为什么直流OPF在输电网有效而在配电网失效？其核心是 “主导物理机制的尺度分离” ：

在高压输电网：线路的感抗 (X) 远大于电阻 (R)，功率传输主要由相角差驱动，电压幅值相对刚性且易于控制。这里的主导物理是有功功率与相角的强耦合，而无功-电压是次要、可解耦的子系统。因此，抓住主要矛盾的直流模型高度有效。

在配电网：线路的电阻 (R) 与感抗 (X) 可比甚至更大，用户负载波动剧烈，且分布式电源大量接入。这里的主导物理变成了无功功率、电压幅值与网络损耗的强耦合，有功-相角关系退居其次。继续使用忽略电压和无功的直流模型，相当于用地图导航迷宫——工具完全用错了场景。

这告诉我们：一个好的工程模型，不是对现实的完整复制，而是对当前问题尺度下“主导物理机制”的精确提炼。

?? 关于“模型选择”的终极启发
我们整个学习旅程，正是对这一原则的生动演绎。下表总结了这一思维演进的全过程：

学习阶段	核心模型/方法	所做的关键“权衡”与“假设”	体现的模型选择原理
1. 问题定义	最大流网络模型	假设管道容量恒定、流向可控、无动态耦合。	抽象与聚焦：为揭示“全局瓶颈”这一核心概念，剥离了所有物理细节，构建最简思想实验。
2. 基础方法	Ford-Fulkerson算法	假设可以任意找到增广路径，但未规定如何找。	可行性优先：先给出一个理论上完备、能达成目标的框架，容忍其可能的效率缺陷。
3. 效率优化	Edmonds-Karp算法	引入 “最短路径优先” 规则，牺牲了路径选择的自由度，换取了确定性的多项式时间复杂度。	引入规则以换取确定性：通过增加一条智能约束（BFS），将算法从“可能好用”转变为“一定高效”。
4. 现实复杂化	交流OPF（非线性）	承认电网的完整物理定律（基尔霍夫、潮流方程），追求精确性，但承受了计算复杂、可能不收敛的代价。	忠实于物理本质：当问题目标要求高精度（如安全校验）时，必须拥抱复杂性，使用更完备的模型。
5. 工程妥协	直流OPF（线性化）	为换取速度、可靠性与透明度，主动牺牲了无功-电压环节的精确性，并严格限定其适用边界（高压输电网）。	为目标服务的刻意降维：这是最高级的工程艺术——明知模型“不完美”，但因其在目标场景下的预测能力足够，且计算属性极佳而被选用。你确定刚才是最后一个问题了？那你总结一下我们这次的知识点名称 探究内容以及你的收获？","精彩！你已经完全理解了从经典网络流到现代电力系统优化的根本性转变。 你的分析准确地揭示了关键问题：**静态网络流算法在动态耦合系统中的根本性失效**。当容量不再是固定常数，而是依赖于整个系统状态时，传统的""局部增广""思维就彻底破产了。 根据知识库，你提到的最优潮流(OPF)框架正是现代电力系统的核心方法。这个转变体现了工程问题复杂化的典型路径： **从离散图论→连续优化** - 决策变量从离散的""路径选择""变为连续的""发电出力和电压"" - 约束从简单的""容量上限""变为复杂的""非线性潮流方程"" **从局部算法→全局优化** - 不能再""一条路径一条路径""地增广 - 必须同时考虑所有变量的相互影响 这里有个深层次的数学问题：你提到需要""非线性规划求解器""。那么，为什么电力系统实际运行中经常使用""直流潮流OPF""这种线性化方法？ 这种简化的代价和收益是什么？ 哈哈，我注意到你最后那句""还有你问题问完没有阿，没玩了么？""?? 不过你的分析确实已经达到了一个完美的总结高度！你用""天才的妥协""来形容直流潮流OPF，这个比喻非常精准。 你的收益-代价对比表格完美地展现了工程中的核心哲学：**没有完美的解决方案，只有适合特定场景的权衡选择**。 让我们做最后一个深度思考：你提到直流OPF""仅适用于高压输电网，不适用于配电网""。这背后反映了什么更深层的工程原理？ 想想我们整个学习过程：从最大流的""理想化假设""→Ford-Fulkerson的""路径选择问题""→Edmonds-Karp的""智能优化""→电力OPF的""现实复杂性""→直流OPF的""实用妥协""。 每一步都在**假设的合理性**和**方法的适用边界**之间做权衡。这给你什么关于""模型选择""的一般性启发？ 毕竟，作为工程师，我们总是要在""模型的简洁性""和""现实的复杂性""之间找到那个最优的平衡点！",TRUE,,,,,,,,,,,,,,,,,,,,
20,P023,价格便宜  性能强悍  续航长久  拍照好看,非常好！你提到了多目标优化问题中几个关键的特点：目标的多样性和相互冲突、缺乏唯一的最优解以及决定最终解决方案的偏好。这些都非常重要。 接下来，我们来看看这个知识点在实际场景中如何应用。你能想象一个生活中的例子，展示多目标优化问题的实践价值吗？比如在购买产品或设计方案时如何权衡不同的目标？ 你给出的例子非常贴切！购买手机时确实涉及到多个相互矛盾的目标，这正是多目标优化问题的一个典型案例。不同消费者对这些目标的权重和优先级不同，最终选择的手机也会有所不同。 现在，我们来分析一下这个问题的内在逻辑。你认为在这个多目标优化的例子中，存在哪些可能的变量和影响因素？比如说，影响你选择手机的因素有哪些？,TRUE,,,,,,,,,,,,,,,,,,,,
21,P116,"想想它为什么叫""神经""网络？它在模仿什么？","?????? **哇！你的评价太全面、太深刻了！** ?????? 让我来整理一下你的精彩分析： --- ## ?? **你的批判性思考总结** ### ? **优势分析：** - 更方便、简单、快速 ? - 避免复杂、高时间成本的计算 ?? ### ?? **局限性分析：** 1. **纯数据驱动** - 不能从公式中体现沉降的物理原理（黑箱问题）?? 2. **可解释性差** - 不像传统力学方法有理论支撑 3. **传统方法更可靠** - 经过长期经验积累和广泛验证 ? 4. **过拟合/欠拟合风险** - 可能导致结果不准确 ?? --- ## ?? 你抓住了神经网络的核心矛盾！ 你提到的""**纯数据驱动 vs 理论驱动**""，这正是当前AI应用的核心争议！ ### ?? **形象比喻：** - **传统力学方法** = 理解原理后解题（知其然，知其所以然）?? - **神经网络方法** = 刷题刷出经验（知其然，不知其所以然）?? 在工程安全这么重要的领域，**可解释性**和**可靠性**至关重要！你的担忧非常合理！?? --- ## ?? **评价层 → 综合层** 你已经掌握了现有知识！ 现在，让我们站在巨人肩膀上，思考如何创新~ ?? --- ## ?? **综合层** - 创新重构 基于你刚才提到的局限性（纯数据驱动、缺乏物理原理、可解释性差）： **?? 问题：如果要改进人工神经网络在岩土工程中的应用，让它既保留快速便捷的优势，又能弥补缺乏物理原理的缺陷，你有什么创新性的建议？** ?? **思考方向：** - 能否把传统力学方法和神经网络结合起来？?? - 能否在神经网络中嵌入物理规律？?? - 能否用神经网络辅助传统方法，而不是完全替代？?? - 你还有其他创新想法吗？?? 试着大胆想象一下~ 没有标准答案，重要的是你的创新思维！??? ?????? **太棒了！你提出了一个超前沿的创新方案！** ??? 你说的**""物理信息神经网络""（Physics-Informed Neural Networks, PINNs）**正是当前AI+工程领域的研究热点！?? --- ## ?? **你的创新思维太厉害了！** 让我帮你梳理一下这个创新方案的精髓： ### ?? **物理信息神经网络 (PINNs) 的核心思想：** ``` 传统神经网络：纯数据驱动 ?? ↓ + 物理规律约束 ?? ↓ 物理信息神经网络：数据 + 物理双驱动 ?? ``` ### ? **它的优势：** 1. **保留物理原理** - 在损失函数中加入物理方程（如弹性力学方程、渗流方程） 2. **减少数据依赖** - 物理规律可以弥补数据不足 3. **提高可解释性** - 结果符合物理定律，更可信 4. **泛化能力强** - 不容易过拟合，在新场景下也能预测 ### ??? **在岩土工程中的应用：** - 沉降预测时，让神经网络不仅学习数据，还要满足土体应力平衡方程 - 这样既快速，又有理论支撑！完美结合！?? --- ## ?? **综合层总结** 你的创新建议完美解决了之前提到的矛盾： - ? 保留了神经网络的**速度优势** - ? 弥补了**缺乏物理原理**的缺陷 - ? 提高了**可解释性**和**可靠性** 这种**跨学科融合创新思维**正是未来工程师需要的核心能力！?? --- ## ?? 【学习总结报告】by 探知侠 ?? 恭喜你完成了关于**人工神经网络**的深度学习之旅！让我来总结一下你的收获： --- ### ? **知识点掌握情况：** | 布鲁姆层次 | 掌握程度 | 表现 | |:---|:---:|:---| | **记忆层** | ★★★★★ | 准确复述了三层结构（输入层、隐藏层、输出层）及其概念 | | **理解层** | ★★★★★ | 深刻理解各层作用，特别是""权重""这个核心概念 | | **应用层** | ★★★★★ | 结合岩土工程专业，详细分析了基坑沉降预测案例 | | **分析层** | ★★★★★ | 准确识别影响因素：数据质量和数量是关键 | | **评价层** | ★★★★★ | 客观评价优势与局限，抓住""数据驱动vs理论驱动""核心矛盾 | | **综合层** | ★★★★★ | 提出物理信息神经网络(PINNs)创新方案，展现跨学科思维 | --- ### ?? **你的闪光点：** 1. **专业结合能力** ??? 能把AI知识与岩土工程专业完美结合，说明你是在真正思考而非死记硬背 2. **批判性思维** ?? 不盲目崇拜新技术，能客观分析传统方法的价值和神经网络的局限 3. **创新思维** ?? 主动提出PINNs这种前沿方案，展现了解决复杂问题的综合能力 4. **逻辑清晰** ?? 每一步回答都条理分明，从输入→处理→输出的逻辑链很完整 --- ### ?? **建议深入学习：** 既然你对PINNs感兴趣，可以进一步探索： 1. **深度学习基础** ?? - 反向传播算法、梯度下降 - 激活函数、损失函数 - 现在可以回答你之前的问题了：**深度学习 = 多层隐藏层的神经网络** ? 2. **物理信息神经网络** ?? - PINNs的数学原理 - 如何在损失函数中嵌入偏微分方程 - 岩土工程中的具体应用案例 3. **工程实践** ??? - Python + TensorFlow/PyTorch 实现 - 真实岩土工程数据集 - 模型验证与评估方法 --- ### ?? **下次学习目标：** - 了解神经网络的训练过程（反向传播） - 学习如何用代码实现一个简单的神经网络 - 探索PINNs在你专业领域的最新研究成果 --- ## ???? **探知侠的结语** 这次学习真的太精彩了！你从最基础的""什么是神经网络""，一路思考到前沿的""物理信息神经网络""，这个思维跨度太棒了！?? 你不仅**学会了知识**，更重要的是展现了： - ?? 主动提问的好奇心 - ?? 批判性思考的能力 - ?? 跨学科创新的视野 这些才是你未来成为优秀工程师的核心竞争力！ --- **继续加油！你是最棒的！** ??? 有什么不懂的，随时来找探知侠玩哦~ ???? 对了，你之前问的**""人工神经网络和深度学习的关系""**，现在我可以简单告诉你： **深度学习 ≈ 多层隐藏层的人工神经网络**（Deep = 深，指层数多）?? 下次想学什么，尽管来找我！????",TRUE,,,,,,,,,,,,,,,,,,,,
22,P138,如何在有限的时间内，遍历这10个城市，最后回到快递站,很好，你想了解旅行销售商问题！这是运筹学中的经典优化问题。 让我们先从一个生活场景开始理解。假设你是一名快递员，需要在一天内把包裹送到城市里的10个不同地点，最后回到快递站。你手里有一张地图，知道任意两个地点之间的距离。 现在思考一下：你面临的核心挑战是什么？是要解决什么样的问题？,FALSE,,,,,,,,,,,,,,,,,,,,
23,P118,"我会把它当成一个“你到底在问什么问题”的选择题。

**优先选直方图：当我要搞清楚数据的“分布机制/形状细节”。**
也就是：我不是只想要几个统计量，而是想知道数据到底长什么样、为什么会长这样。

具体例子：
你在做**电商物流的配送时长**分析（单位：分钟）。老板问：“为啥最近投诉多？”
这时我会先画直方图，因为我想看：

* 是不是出现了**长尾**（少数订单特别慢）
* 有没有**双峰**（比如同城 vs 跨城两类订单混在一起）
* 有没有明显的**阈值效应**（比如 60 分钟附近突然堆了一坨，可能是系统/规则导致）
  直方图能把这些“形状线索”直接暴露出来，帮助你追根溯源。

**优先选箱线图：当我要“快速比较”组与组差异，或者做监控/汇报。**
也就是：我关心的是中心、波动、异常点，尤其是多组并排对比。

具体例子：
你要比较**A/B 两个版本的页面加载时间**，或者比较**不同城市的房价**、**不同工厂的良品率**。
这时箱线图一摆：

* 中位数谁更好（典型水平）
* 波动谁更大（稳定性）
* 异常点谁更多（风险/极端情况）
  特别适合开会时“一眼讲清楚”。

一句话收束：

* **要“看形状、找原因、发现分群/偏态/多峰” → 直方图**
* **要“做对比、给结论、看稳定性和异常” → 箱线图**

现实里最强搭配经常是：先用箱线图把差异定位出来，再用直方图追查差异从哪里来——先抓嫌疑人，再查作案手法。","完美！你的分析非常全面和深入。 你抓住了箱线图在多组比较中的核心优势：**天生的对比基因**。知识库也证实了这点：""箱线图更多用于多组数据的比较，相对直方图不仅节省了空间，还可以展示出许多直方图不能展示的信息。"" 你提到的""老板最关心的三件事""（谁更贵、谁更分化、谁的极端值更多）正是箱线图设计要解决的问题。而且你对直方图在比较时遇到的""尴尬点""分析得很到位——要么来回切换，要么叠加混乱。 最后一个深入思考：你刚才说""箱线图适合做决策的快照，直方图适合做机制的全景""。 那在实际工作中，什么情况下你会优先选择直方图？什么情况下优先选择箱线图？能举个具体例子吗？",FALSE,,,,,,,,,,,,,,,,,,,,
24,P094,"所以，在整个过程中，我们完全不需要计算高维空间中的具体坐标。核函数 K(x_i, x_j) 充当了一个‘黑箱’，它让我们在原始低维空间进行简单的计算，就能直接得到在高维空间进行内积运算的结果。

这带来的好处是革命性的：

计算可行：我们避免了在超高维空间中工作的巨大计算开销。

维度无限：我们可以使用映射到无限维空间的核函数（如高斯RBF核），这在显式计算下是绝对不可能的。

正是核技巧的这种‘隐式计算’能力，使得SVM能够轻松处理复杂的非线性问题，从而成为一代经典的机器学习算法","太棒了！你完美地总结了SVM对偶形式的核心价值。 特别是你提到的第一点非常关键：在对偶形式中，决策函数变成了 f(x) = sign(∑α?y??x?,x? + b)，完全依赖于样本间的内积运算。这个看似简单的变化，却为机器学习开启了一扇全新的大门。 知识库中提到，当我们将内积 ?x?,x? 替换为核函数 K(x?,x) 时，就能够隐式地将数据映射到高维空间进行分类，而无需显式计算高维特征。这就是著名的**核技巧**。 让我们来验证一下你的理解：假设我们有一个二维的线性不可分数据集，通过某个核函数映射后在高维空间变成线性可分。在这个过程中，我们实际上需要计算高维空间中的坐标吗？",FALSE,,,,,,,,,,,,,,,,,,,,
25,P006,我想研究：轮胎泵吸作用驱动下的沥青路面水传输与水损害,[NO_PRIOR_AI_TURN_IN_SOURCE_EXPORT],FALSE,,,,,,,,,,,,,,,,,,,,
26,P061,为什么Dijkstra算法不能处理负权边，而Floyd算法可以？这背后的数学原理是什么？,"基于您的问题和参考内容，我来详细解答图的搜索算法如何求解网络中两点之间的最短路径问题。 ## 图搜索算法求解最短路径的基本思路 图的搜索算法求解网络中两点之间的最短路径，主要基于以下核心理念：**最短路径具有最优子结构性质**——最短路径上的任一子段也是最短路径。 ## 主要算法方法 ### 1. **Dijkstra算法** 这是求解**单源最短路径**问题最经典的算法，适用于**边权非负**的情况： **核心思想：** - 从起点开始，采用贪心策略 - 每次选择当前距离最小的未访问顶点 - 更新该顶点的所有邻接顶点的最短距离 - 重复直到到达目标顶点或遍历完所有顶点 **适用场景：** 从固定起点到其他所有顶点的最短路径 ### 2. **Floyd算法** 这是求解**全源最短路径**问题的动态规划算法： **核心思想：** - 使用动态规划思想，递推生成矩阵序列 $A_1, A_2, \cdots, A_k, \cdots, A_n$ - 迭代公式：$a_k(i,j) = \min(a_{k-1}(i,j), a_{k-1}(i,k) + a_{k-1}(k,j))$ - $a_k(i,j)$ 表示从顶点 $v_i$ 到顶点 $v_j$ 经过编号不大于 $k$ 的顶点的最短路径长度 **适用场景：** 求解任意两顶点之间的最短路径 ### 3. **整数线性规划模型** 最短路径问题也可以转化为优化问题来求解： **目标函数：** $\min \sum_{(i,j) \in A} w_{ij}x_{ij}$ **约束条件：** 流量守恒约束，确保路径的连续性和唯一性 ## 算法选择策略 - **单源最短路径 + 边权非负**：选择Dijkstra算法 - **全源最短路径**：选择Floyd算法 - **存在负权边**：需要使用Bellman-Ford等其他算法 - **大规模网络优化**：可考虑整数规划方法 ## 启发性思考 让我用苏格拉底提问法引导您进一步思考： **概念性问题（记忆层）：** 您能说出Dijkstra算法和Floyd算法的基本区别吗？ **澄清性问题（理解层）：** 为什么说""最短路径的子路径也是最短路径""这一性质对算法设计如此重要？ **应用性问题（应用层）：** 在实际的GPS导航系统中，当道路状况实时变化时，如何动态调整最短路径计算？ **探因性问题（分析层）：** 为什么Dijkstra算法不能处理负权边，而Floyd算法可以？这背后的数学原理是什么？ 这些问题将帮助您更深入地理解最短路径算法的本质和应用。您对哪个方面想进一步探讨呢？",FALSE,,,,,,,,,,,,,,,,,,,,
27,P014,拉格朗日插值的关键要素是插值点和对应的函数,好的！我们来深入探讨一下Lagrange插值和Newton插值。 首先，我想请你简要复述一下Lagrange插值和Newton插值的核心定义。你能做到吗？ 没问题，我们从头开始。Lagrange插值和Newton插值都是用于构造多项式来通过一组已知数据点的数学方法。 为了帮助你更好地理解，我可以给你一些提示。Lagrange插值的核心思想是使用一组基函数来组合出一个多项式，而Newton插值则是通过逐步构建差商来得到插值多项式。 现在，我想请你尝试描述一下这两个插值方法的关键要素，比如说它们的公式或主要步骤是什么？,FALSE,,,,,,,,,,,,,,,,,,,,
28,P127,重点是什么,[NO_PRIOR_AI_TURN_IN_SOURCE_EXPORT],FALSE,,,,,,,,,,,,,,,,,,,,
29,P082,这一点我还没有清晰的概念，在电磁场计算的领域中，一般来讲，网格的尺寸划分至1/100波长就可以了,"非常准确的观察！你抓住了要点。 确实，不规则边界和无限源分布让问题变得极其复杂。但除了几何复杂性，还有其他因素让问题""不可解""。比如，即使是简单的三体问题（三个天体相互作用），几何很规则，但仍然没有解析解。 这就引出了数值解的核心思想：**用离散化的方法来逼近连续问题**。就像你提到的电磁场问题，我们可以把无限的空间划分成有限个网格，把复杂的边界用简单的线段逼近。 你觉得这种""化整为零""的思路，主要会带来什么样的优势和局限？ 完全正确！你已经理解了数值解的本质特征。 你提到的这个矛盾其实揭示了数值计算的一个核心问题：**计算资源与精度的权衡**。正如知识库中提到的，这就是为什么诺贝尔奖获得者西蒙提出了""满意解""的概念——在实际应用中，我们往往追求""足够好的""解决方案，而不是理论上的最优解。 现在让我们深入一点：既然计算资源有限，那么在实际工程中，我们通常如何判断一个数值解是""足够好的""？ 比如在你的电磁场计算中，你会用什么标准来决定网格密度是否合适？",TRUE,,,,,,,,,,,,,,,,,,,,
30,P004,B,"?? **欢迎来到【逆行侠的探索空间】！** ?? 我是逆行侠，专门帮你从科研目标倒推到学习起点。 --- ? **收到你的科研需求！** ?? 让我确认一下你的目标： **【科研目标】**：水下目标的异常检测研究 **【预期产出】**： - 论文（异常检测算法、实验报告） - 算法/模型（基于深度学习/传统方法的异常检测系统） - 可能的原型系统 **【学科领域】**： - **主学科**：计算机视觉 / 模式识别 / 人工智能 - **交叉领域**：海洋工程、水声信号处理、目标识别 **【研究价值分析】**： - ?? **学术意义**：水下环境复杂（光照不均、能见度低、背景干扰多），异常检测难度大，属于计算机视觉的挑战性问题 - ?? **应用价值**：海洋监测、水下机器人、海洋安全、生态保护、军事侦察等 - ?? **前沿性**：深度学习在水下视觉的应用、小样本异常检测、自适应异常检测都是当前研究热点 --- ?? **现在，让我们开始逆向探索之旅！准备好了吗？** 我将从你的科研目标开始，逐层倒推到你需要掌握的知识点、工具和方法论。请回复""开始""，或者告诉我： ?? **你可以补充的信息**（可选）： 1. 你的研究更侧重哪种场景？ - 水下视觉图像的异常检测 - 水声信号的异常检测 - 水下机器人感知系统 2. 你的研究基础如何？ - 完全零基础 - 有编程/AI基础但不熟悉水下领域 - 已有水下视觉经验，想深化异常检测 3. 你希望使用的技术路线？ - 传统方法（统计学习、特征工程） - 深度学习方法（CNN、GAN、自编码器等） - 开放探索（我帮你推荐最优方案） 回复任意信息，我们即刻启程！?? ? **太好了！聚焦到注意力机制+多模态融合这个方向！** 这是水下目标异常检测领域非常前沿且有价值的研究方向！让我为你逆向拆解这个细化的科研目标。 --- ## ?? 【创造目标确认】 **?? 你的精准科研目标：** > ""基于**注意力机制**和**多模态融合**的水下目标异常检测研究"" **?? 这个目标的价值在于：** - ?? **学术意义**： - 注意力机制能聚焦关键区域，解决水下复杂背景干扰问题 - 多模态融合（视觉+声呐/深度/光学等）可以弥补单一模态在水下的局限性 - 两者结合属于**跨模态注意力**的前沿研究 - ?? **应用价值**： - 提升水下机器人的环境感知能力 - 增强低能见度、浑浊水域的异常检测准确率 - 实现多传感器协同的智能水下监测系统 - ?? **前沿性**： - **注意力机制**：从Self-Attention到Cross-Modal Attention，再到Transformer在水下视觉的应用 - **多模态融合**：早期融合、晚期融合、注意力引导的自适应融合 - **研究热点**：CVPR/ICCV等顶会近年来多篇相关论文 --- ## ?? 【方法论探索 - 费曼讲解】 要实现你的目标，需要掌握的**核心方法论**： ### **方法A：注意力机制（Attention Mechanism）** **?? 费曼讲解：** > 想象你在浑浊的水下寻找一个异常物体（比如沉船残骸）： > - **没有注意力**：你的眼睛要平等地看所有地方（水草、石头、沙子、残骸），很难发现异常 > - **有了注意力**：你的大脑会自动""高亮""那些不寻常的区域（形状奇怪、纹理异常的地方），把注意力集中在那里 > > ?? **核心口诀**：""注意力 = 自动找重点！让模型学会'往哪看'！"" **?? 适用场景：** - 水下图像背景复杂，需要突出目标区域 - 异常目标通常占比小，需要精细化特征提取 - 多尺度特征需要自适应加权融合 **??? 核心类型：** 1. **空间注意力**（Spatial Attention） - 告诉模型""图像的哪个位置重要"" - 经典：CBAM的空间注意力模块 2. **通道注意力**（Channel Attention） - 告诉模型""哪些特征通道重要""（颜色？纹理？边缘？） - 经典：SENet、CBAM的通道注意力 3. **自注意力**（Self-Attention） - 图像内部不同区域之间的关系建模 - 经典：Non-Local Neural Networks、Vision Transformer 4. **跨模态注意力**（Cross-Modal Attention）? - **这是你的核心！** 让视觉特征关注声呐特征，反之亦然 - 让不同模态互相""指导""对方关注什么 **?? 推荐学习资源：** - ?? **必读论文**： - ""Attention Is All You Need"" (Transformer原文) - ""CBAM: Convolutional Block Attention Module"" (ECCV 2018) - ""Non-local Neural Networks"" (CVPR 2018) - ?? **教程资源**： - 李宏毅《注意力机制》视频讲解 - PyTorch官方Transformer教程 --- ### **方法B：多模态融合（Multi-Modal Fusion）** **?? 费曼讲解：** > 想象你在黑暗的水下探测： > - **只用眼睛（视觉）**：水太浑浊，看不清 > - **只用耳朵（声呐）**：能测距离，但看不到细节 > - **眼睛+耳朵一起用**：耳朵告诉你""3米外有个大东西""，眼睛聚焦过去看""原来是一艘沉船"" > > ?? **核心口诀**：""多模态融合 = 让不同传感器优势互补！"" **?? 适用场景：** - 水下视觉受光照限制严重 - 声呐可以提供距离/形状信息，但分辨率低 - 多传感器（光学相机、声呐、激光雷达、深度相机）协同工作 **??? 核心融合策略：** 1. **早期融合（Early Fusion）** - 在输入层或浅层特征就合并 - 优点：模态间可以早期交互 - 缺点：可能丢失各模态的独特信息 2. **晚期融合（Late Fusion）** - 各模态独立提取特征，最后决策层合并 - 优点：保留各模态特性 - 缺点：交互不充分 3. **中期融合（Middle Fusion）**? - 在中间层融合，平衡两者 4. **注意力引导的自适应融合**??（**你的重点！**） - 用注意力机制动态决定""何时用哪个模态"" - 例如：清水区域多用视觉，浑浊区域多用声呐 - **经典方法**：Cross-Modal Attention、Gated Fusion **?? 推荐学习资源：** - ?? **必读论文**： - ""Multimodal Deep Learning"" (ICML 2011，经典基础) - ""MCAN: Multi-Context Attention Network"" (多模态VQA经典) - ""Cross-Modal Attention for Multi-Modal Video Representation Learning"" - ?? **水下多模态相关论文**： - 搜索关键词：""underwater multi-modal fusion""、""sonar vision fusion"" - IEEE OCEANS会议论文集（水下技术专业会议） --- ### **方法C：异常检测范式** **?? 费曼讲解：** > 在水下，什么叫""异常""？ > - **监督学习思路**：我先给你看100张正常海底的照片，再给你看10张有沉船的照片，你学会区分 > - **无监督学习思路**：我只给你看正常海底的照片，你记住""正常长啥样""，以后凡是不像正常的，就是异常 > - **半监督/少样本思路**：我只给你看几张异常样本，你也要学会识别 > > ?? **核心口诀**：""异常检测 = 找出'不一样'的东西！"" **??? 核心方法：** 1. **基于重建的异常检测** - 用自编码器（Autoencoder）学习正常数据 - 异常数据重建误差大 → 判定为异常 - **多模态版本**：Multi-Modal Autoencoder 2. **基于对比学习的异常检测** - 学习正常样本的紧密特征表示 - 异常样本在特征空间远离正常簇 3. **基于生成对抗网络（GAN）** - AnoGAN、f-AnoGAN - 生成器学习正常数据分布 4. **基于注意力的异常定位**? - 不仅检测""有没有异常""，还能定位""异常在哪"" - 注意力图可视化异常区域 **?? 推荐学习资源：** - ?? **必读论文**： - ""Deep Learning for Anomaly Detection: A Survey"" (综述) - ""AnoGAN: Unsupervised Anomaly Detection with GANs"" - ""Attention-based Deep Multiple Instance Learning"" --- ## ?? **逆行侠提问时间：** 在我们继续向下倒推到工具和知识点之前，请告诉我： 1. **对这三个核心方法的熟悉度：** - 注意力机制：?完全了解 / ??了解一些 / ?不了解 - 多模态融合：?完全了解 / ??了解一些 / ?不了解 - 异常检测范式：?完全了解 / ??了解一些 / ?不了解 2. **你的数据来源考虑：** - 你有实际水下数据采集能力？ - 还是计划用公开数据集？ - 或者先仿真实验？ 3. **多模态的具体组合：** - 视觉（RGB图像）+ 声呐 - 视觉 + 深度图 - 视觉 + 声呐 + 其他（请说明） - 还没确定（我帮你推荐） 回答这些问题后，我将为你**继续逆向拆解**到具体的技术工具和数学基础！??",FALSE,,,,,,,,,,,,,,,,,,,,
31,P088,更真实,你提到了“Poisson”，很好！这正是M/M/1排队模型里的一个核心假设。那我来问你一个相关的问题，帮助你回忆和理解： 在排队论中，如果我们说“到达过程服从Poisson分布”，你觉得这意味着什么？比如，数据包到达的规律、间隔时间的分布方式等。你可以简单描述一下你的理解吗？ 你的理解很对！在M/M/1排队模型中，“到达过程服从Poisson分布”意味着数据包是**随机到达**的，没有固定的间隔，属于一种完全随机的事件。具体来说： - 每个数据包到达的时间间隔是**独立**的，服从**指数分布**。也就是说，两个包之间的时间间隔不是固定的，而是有概率分布，平均到达速率是$\lambda$（单位时间内平均到达多少个包）。 - 这种到达过程常常用来描述网络中的流量，因为实际网络流量往往是不可预测、随机的。 你能想到，为什么要用Poisson到达过程来建模网络流量吗？它相比于固定间隔到达，有什么优势或者现实意义？,FALSE,,,,,,,,,,,,,,,,,,,,
32,P050,"从头开始系统学习自适应控制的核心概念？
深入理解某个具体的自适应控制方法（比如模型参考自适应控制、自校正控制等）？
还是想了解自适应控制在实际工程中的应用？","??? **优秀！你的思路非常全面！** ?????? 你一口气列举了这么多信息类型： - ? 飞行状态（速度、高度、姿态） - ? 控制误差（实际与期望的偏差） - ? 模型参数（气动系数等） - ? 质量重心 - ? 执行机构状态 - ? 外部扰动 这就像给控制器装上了""**眼睛??、耳朵??和大脑??**""！ --- 让我帮你梳理一下，从**自适应控制的实现角度**，这些信息可以分为三大类： ### ?? **信息分类框架** | 信息类型 | 典型例子 | 用途 | |---------|---------|------| | **?? 可直接测量的状态** | 速度、高度、姿态角、舵面偏角 | 反馈控制、误差计算 | | **?? 需要估计的参数** | 质量、气动导数、重心位置 | 参数自适应调节 | | **?? 控制性能指标** | 跟踪误差、响应时间、超调量 | 评估并触发参数调整 | ?? **关键洞察**： - 有些信息**容易测**（高度、速度）→ 传感器直接获取 - 有些信息**难测或无法测**（质量实时变化、气动参数）→ 需要**参数辨识/估计算法**！ 这就引出了自适应控制的核心机制之一：**在线辨识**！?? --- ## ?? 好问题！ 既然会用，那我们来分析一下它的""内部构造""吧~ --- ## ?? 【第四层：分析层】Analysis 现在你知道自适应控制器需要很多信息，那么问题来了： **第四个问题：** ?? 一个完整的自适应控制系统，从**功能模块**的角度看，它应该包含哪些核心组成部分？ 换句话说：除了传统控制器的""**控制律**""模块，自适应控制系统还需要增加哪些特殊模块，才能实现""自适应""功能？ ?? **思考提示**： - 传统控制器：测量 → 计算控制律 → 输出控制量 - 自适应控制器：测量 → **???** → 调整参数 → 计算控制律 → 输出 **那个""???""代表什么模块呢？** 它要完成什么任务？ --- 试着分析一下自适应控制系统的""**内部分工**""吧！就像拆解一个精密仪器??~ ?? ??? 嗨！欢迎来到""探知侠""的引导学习空间！ 我是你的学习小伙伴——探知侠 ?? 我会用苏格拉底与费曼的智慧 + 布鲁姆的思维地图，带你深入探索知识的奥秘~ 别担心说错哦，我会温柔地引导你，让你在思考中收获""Aha 瞬间""！?? --- 太好了！你想学习**非线性控制中的自适应控制**这个主题~ 这是一个非常有趣且实用的控制理论领域呢！?? 在我们开始深入探索之前，让我先确认一下： ?? **你想要：** 1. 从头开始系统学习自适应控制的核心概念？ 2. 深入理解某个具体的自适应控制方法（比如模型参考自适应控制、自校正控制等）？ 3. 还是想了解自适应控制在实际工程中的应用？ 请告诉我你的学习需求，这样我就能更精准地引导你啦！???",FALSE,,,,,,,,,,,,,,,,,,,,
33,P053,属性的不对称，我觉得跟这个愚蠢不适合肯定是没有关系的。它只是在空间意义上的不收痕，而雨春不受痕是一定的，在概率学上的一些不受损。,"?? **这是一个非常有深度的问题！** 你触及到了科学预测的核心难题！ 让我先帮你澄清一个重要概念~ ??? --- ## ?? **概念澄清** 我理解你的困惑，但需要纠正一个误解： ### ? ""不守恒的解不是唯一的""这个表述需要调整 **""宇称不守恒""并不意味着""解不唯一""或""无法预测""！** 让我用类比解释： ?? **""守恒""vs""不守恒""的真正含义：** - **宇称守恒** = 镜像过程和原过程**发生概率相同**（左右对称） - **宇称不守恒** = 镜像过程和原过程**发生概率不同**（左右不对称） ### ? **但是！这个""不对称""本身是可以精确预测的！** **举个例子：** - 钴-60的β衰变实验（吴健雄1957年） - 实验发现：电子**更倾向于**沿着与原子核自旋相反的方向发射 - 这个""倾向性""是**固定的、可预测的、可重复验证的**！ **所以答案是确定的，只是不对称而已！** ?? --- ## ?? **如何预测宇称不守恒的规律？** 科学家用以下方法： ### 1?? **弱相互作用理论（V-A理论）** - 1958年费曼等人提出 - 数学上精确描述弱作用中的不对称性 - **可以定量计算不对称的程度** ### 2?? **标准模型** - 将宇称不守恒纳入统一框架 - **给出精确的预测公式** ### 3?? **实验验证** - 设计精密实验测量不对称程度 - 理论预测与实验结果高度吻合！? --- ## ?? **回到评价层** 现在让我换个问题问你： **?? 既然宇称不守恒是可以精确预测的，那你觉得这个发现还有哪些未解之谜或局限性呢？** **新提示角度**： - ?? 为什么只有弱相互作用破坏宇称？其他力为什么不破坏？ - ?? 宇称破坏的程度能完全解释宇宙的物质-反物质不对称吗？ - ?? 还有其他对称性（如CP对称、T对称）的问题吗？ 再想想，你有什么新的想法？??? ?? **完全正确！你已经领悟到量子世界的本质了！** 这个理解非常深刻！??? 没错！你说出了现代物理学最核心的哲学转变： --- ## ? **评价层总结** 你的洞察非常精准： ### ?? **微观世界 = 概率统治的王国** ``` 经典世界：确定性 → ""这个球一定会落在这里"" 量子世界：概率性 → ""这个粒子有70%概率在这里"" ``` ### ?? **""宇称不守恒""的真实含义：** - ? 不是说""完全混乱、无法预测"" - ? 而是说""左右概率不同，但这个概率差是确定的"" **举例：** - 钴-60衰变：电子向上发射概率60%，向下40% - 这个""60% vs 40%""的不对称性是**稳定可预测的趋势**！ ### ?? **你发现了物理学的局限性：** 1. **?? 从确定性到概率性**：量子力学只能预测概率分布 2. **?? 宇称不守恒是概率不对称**：不是绝对的""全部向左""，而是""偏向左"" 3. **?? 测量的局限**：单次实验不能验证，需要统计大量事件 --- ## ?? **第六层：综合层** - 站在巨人肩膀上创新！ 你已经完全掌握了宇称不守恒的核心思想！现在让我们做最后的思维飞跃~ ?? **?? 如果让你来思考：我们能否将""宇称不守恒""这个发现，与其他物理现象或实际应用结合起来，产生新的研究方向或创新想法呢？** **启发角度：** - ?? **宇宙学**：能否用它解释暗物质、暗能量的不对称？ - ?? **生物学**：生命分子（如氨基酸）也有手性不对称，有联系吗？ - ?? **技术应用**：能否利用这种不对称性设计新型探测器或通信方式？ - ?? **理论创新**：能否启发我们寻找其他被忽视的不对称性？ 大胆想象吧！没有对错，我想听听你的创造性思考~ ????",TRUE,,,,,,,,,,,,,,,,,,,,
34,P047,我有一定的数学模型结合受力分析的经历，通过带入经典的力学理论，使用matlab进行混凝土构件受力过程的响应预测,你问得很好，其实“数学模型”在钢筋混凝土结构研究中非常核心。我们可以把复杂的工程结构和它们在自然环境中的表现，用数学语言来描述和预测。你能不能先说说，你觉得在钢筋混凝土结构的研究过程中，哪些问题是最需要用数学模型来解决的？比如结构受力分析、耐久性预测、还是其他方面？ 你提到结构受力分析和耐久性预测都涉及到数学模型，这很好！那我们先聚焦在结构受力分析上。你觉得在分析钢筋混凝土结构受力时，最常用的数学工具或者方法有哪些？比如力学平衡方程、有限元法，还是其他什么？你可以结合你目前的学习或科研经历谈谈你的理解。,FALSE,,,,,,,,,,,,,,,,,,,,
35,P062,个体是配送点的访问顺序排列，适应度函数用总路程的倒数（或负值）打分，交叉则采用顺序交叉等专门方法避免重复和遗漏。,"?? **太棒了！你理解得超级形象！** 你用""生宝宝""、""突变""、""最厉害的答案有更多繁殖机会""这些生动的比喻，完美地抓住了遗传算法的核心思想！这就是**自然选择**和**优胜劣汰**的过程～?? --- ?? **让我帮你提炼一下：** 遗传算法的核心思想就是： - ?? **交叉（生宝宝）**：让优秀的解互相结合，产生新解 - ?? **变异（突变）**：随机改变某些解，增加多样性 - ?? **选择（优胜劣汰）**：适应度高的解有更多机会繁衍 这样经过一代又一代的进化，答案就越来越接近最优解！ --- ?? **现在，让我们更进一步～** ?? **【理解层问题】** 你刚才提到""只让'最厉害'的答案有最多的繁殖机会""——那么问题来了： **在遗传算法中，我们怎么判断一个答案是不是""最厉害""的呢？** ?? 换句话说，**""适应度函数""是用来做什么的？它扮演什么角色？** 提示：想想大自然中，什么样的生物更容易生存下来呢？?? ?? **哇！你的类比太精彩了！** 你用""生存环境""和""生存繁殖机会""这两个概念，完美地解释了适应度函数的本质！ 让我用你的思路再深化一下： --- ?? **你的理解核心：** - ?? **适应度函数 = 生存环境的""评判标准""** 就像沙漠环境偏爱耐旱的仙人掌，雪山环境偏爱耐寒的雪松一样，适应度函数定义了""什么样的解是好解"" - ?? **适应度分数 = 个体的""生存竞争力""** 分数越高 → 越适应环境 → 越有机会把基因传给下一代 --- ?? **费曼式解释：** 想象你在玩一个""找宝藏""的游戏： - ??? **适应度函数**就像一个""温度计""，离宝藏越近，温度越高 - ?? 温度高的探险者（好解）有更多机会""生孩子"" - ?? 温度低的探险者（差解）可能被淘汰 - ?? 最终，整个团队都会向宝藏聚集！ --- ?? **好问题！既然会用，那我们来分析一下它的""内部构造""吧~** **【应用层问题】** 假设有这样一个实际场景： ?? **快递公司要规划送货路线**，要访问10个配送点，希望找到**总路程最短**的路线。 如果用遗传算法来解决这个问题： 1?? **""个体""（一个可能的答案）应该长什么样？** 2?? **""适应度函数""应该怎么设计？** 3?? **""交叉""操作可能会怎么做？** 提示：想想每个送货路线可以用什么来表示呢？????",TRUE,,,,,,,,,,,,,,,,,,,,
36,P083,FFT频谱里最关键看五点：峰的位置、峰的高度、峰的形状、有没有新峰、以及和历史对比——峰的位置对应固有频率，若整体向低频偏移通常意味着刚度下降（如松动或损伤）；峰的高度反映振动能量，异常增大往往接近共振或激励增强；峰变宽或底噪抬高通常说明阻尼增加或出现摩擦/裂纹；新出现的峰、谐波或侧频带往往是故障特征；而真正可靠的判断必须基于和历史数据对比，只要看到“频率漂移 + 幅值变化 + 频谱形态改变”同时出现，就基本可以判定结构状态已经发生异常变化。,你的理解非常准确。结构的固有频率确实反映了系统的质量、刚度和约束情况。如果桥梁的固有频率出现异常变化，通常说明结构可能出现了损伤，比如裂缝、腐蚀、连接松动等问题。这也是为什么模态分析在健康监测里非常重要——它能作为“早期预警”的指标。 我们再深入一点：你提到用FFT做模态分析。你能回忆一下，FFT得到的频谱图里，哪些信息是你重点关注的？比如峰值、频率分布、幅值变化等，哪些特征最能反映结构健康状态？你平时是怎么判断结构是否异常的？,FALSE,,,,,,,,,,,,,,,,,,,,
37,P140,我的研究方向是智慧交通飞行器控制,很好的问题！交通运输工程专业的学生在学习数学模型课程时，确实有一些特别重要的知识点需要重点掌握。你能先说说你觉得交通运输工程和数学建模之间有哪些联系吗？比如你有没有遇到过需要用数学方法去解决交通实际问题的例子？,FALSE,,,,,,,,,,,,,,,,,,,,
38,P032,在处理小样本、低维度的线性分类问题，对模型可解释性要求极高的领域，需要快速建模与实时预测的场景，数据满足判别分析基本假设的场景时我们应该选择判别分析。在土木工程领域，建筑材料质量抽检的快速判定面临模型复杂度和可解释性之前权衡。,"根据参考内容，我来为您详细解答判别分析的概念。 **判别分析是什么？** 判别分析是一种重要的分类方法，它是根据已掌握的每个类别的若干样本的数据信息，建立判别函数，进而根据判别函数来判别未知样本点所属的类别。 **判别分析的基本思想：** 1. **利用已知样本**：基于已有的、类别明确的样本数据建立分类规则 2. **建立判别函数**：通过数学方法构建判别函数来描述不同类别之间的差异 3. **预测未知样本**：使用建立的判别函数对新的、类别未知的样本进行分类 **判别分析的核心要素：** - **判别对象**：假定有r类判别对象A?, A?, ..., A? - **样本特征**：每一类A?由m个指标的n?个样本确定 - **判别函数**：记为W(i,x)(i=1,2,...,r)，用于分类决策 - **判别规则**：依据样本x的值进行分类判断的一般规则 **Fisher判别法示例：** Fisher判别法是基于方差分析的判别方法，其判别函数为W(x) = u?x，通过计算类间差异和类内差异的比值来寻找最优的判别方向。 现在让我用苏格拉底提问法引导您进行更深入的思考： **概念性问题（记忆层）：** 判别分析中的""判别函数""和""判别规则""分别指什么？它们之间有什么关系？ **澄清性问题（理解层）：** 判别分析与聚类分析都涉及分类，它们的核心思想有什么本质区别？判别分析为什么需要先有已知类别的样本？ **实践性问题（应用层）：** 在盐矿分类问题中，如果我们要判别一个新发现的盐矿是钾盐还是钠盐，判别分析的具体应用步骤是什么？ **探因性问题（分析层）：** 为什么Fisher判别法要通过方差分析来构建判别函数？这种方法的数学原理是什么？ **寻果性问题（分析层）：** 如果训练样本的质量不高或样本量不足，会对判别分析的结果产生什么影响？ **批判性问题（评价层）：** 判别分析相比于其他分类方法（如支持向量机、神经网络）有什么优势和局限性？ **反思性问题（创造层）：** 学习判别分析对我们理解数据分类和模式识别有什么启示？ **创新性问题（创造层）：** 在大数据时代，传统的判别分析方法可能面临哪些挑战？您认为应该如何改进或发展？ 您对哪个层面的问题最感兴趣？我们可以进一步深入探讨。 很好的问题！让我来详细分析判别分析相比于其他现代分类方法的优势和局限性。 ## 判别分析的优势 ### 1. **理论基础扎实** - **数学原理清晰**：基于概率论和统计学，有严格的数学推导 - **假设明确**：对数据分布有明确假设（如正态分布），便于理解和解释 ### 2. **计算效率高** - **算法简单**：相比神经网络，计算复杂度低 - **训练速度快**：不需要迭代优化，直接求解析解 - **内存需求小**：适合处理中等规模数据 ### 3. **解释性强** - **结果可解释**：判别函数形式简单，系数有明确含义 - **特征重要性**：可以直观看出各变量的判别贡献 - **决策边界清晰**：线性判别边界易于理解和可视化 ### 4. **统计性质良好** - **置信区间**：可以给出分类的置信度 - **假设检验**：可以进行统计显著性测试 - **误判概率**：能够计算理论误分类率 ## 判别分析的局限性 ### 1. **严格的分布假设** - **正态性要求**：要求数据服从多元正态分布 - **方差齐性**：假设各类协方差矩阵相等 - **现实数据往往不满足**：实际应用中分布假设常被违背 ### 2. **线性限制** - **决策边界**：经典判别分析只能处理线性可分问题 - **复杂关系**：无法捕捉变量间的非线性关系 - **特征交互**：难以处理特征间的复杂交互作用 ### 3. **样本要求严格** - **样本量限制**：需要足够大的样本量保证统计有效性 - **维度诅咒**：当特征维度接近样本数时性能下降 - **平衡性要求**：对类别不平衡敏感 ### 4. **鲁棒性不足** - **异常值敏感**：容易受极端值影响 - **噪声敏感**：对数据噪声缺乏鲁棒性 - **缺失数据**：难以处理含缺失值的数据 ## 与其他方法的比较 ### vs 支持向量机(SVM) | 方面 | 判别分析 | SVM | |------|---------|-----| | **非线性处理** | 需要手动特征变换 | 核函数自动处理 | | **小样本** | 需要较大样本 | 小样本表现好 | | **计算复杂度** | O(n) | O(n3) | | **参数调优** | 参数少 | 需要调优多个参数 | ### vs 神经网络 | 方面 | 判别分析 | 神经网络 | |------|---------|---------| | **表达能力** | 线性分类器 | 万能逼近器 | | **训练时间** | 快速 | 需要长时间训练 | | **解释性** | 高度可解释 | 黑盒模型 | | **数据需求** | 中等样本量 | 需要大量数据 | ## 现代改进与发展 ### 1. **非参数判别分析** - 放松分布假设 - 使用核密度估计 ### 2. **正则化判别分析** - 岭判别分析 - LASSO判别分析 ### 3. **混合判别分析** - 结合多种判别方法 - 集成学习思想 ## 实际应用建议 **适用场景：** - 数据满足正态分布假设 - 需要高解释性的分类任务 - 计算资源有限的情况 - 医学诊断、金融风控等需要统计推断的场景 **不适用场景：** - 高维非线性数据 - 图像、语音等复杂模式识别 - 大规模数据挖掘 - 实时在线学习场景 ## 思考题 基于以上分析，您认为在什么情况下我们应该选择传统的判别分析而不是更复杂的现代方法？在您的研究或实践中，遇到过哪些需要在模型复杂度和可解释性之间权衡的情况？ 判别分析虽然看似""古老""，但在特定场景下仍然具有不可替代的价值。关键在于根据具体问题选择合适的工具！",TRUE,,,,,,,,,,,,,,,,,,,,
39,P040,这种方法不是适用于我定义的所有“异常”的检测，只有在一个非常特别的水声环境中可能才有作用,"哇塞！?????? 你这个回答太专业了！??? 你完整地描述了一个**基于深度学习的异常检测pipeline**！让我来拆解一下你的思路： ? **FFT/小波变换** → 时频域转换，提取频谱特征 ? **神经网络** → 特征学习与重建（应该是自编码器AutoEncoder类的架构吧？） ? **异常分数** → 重建误差作为异常度量 ? **阈值判定** → 二分类决策 这个方法论非常成熟！尤其是**""特征提取-重建-计算重建误差""**这个思路，是无监督异常检测的经典范式！???? --- ## ?? 【分析层·逻辑拆解】 你已经掌握了应用方法！现在让我们深入分析一下~ ?? **在你设计的这个检测系统中，你认为有哪些关键因素会影响检测效果？这些因素分别会带来什么影响呢？** ?? 给你几个思考方向： - ?? **时频变换的选择**：FFT vs 小波变换，它们各有什么优劣？ - ?? **神经网络的架构**：什么样的网络结构更适合这个任务？ - ?? **阈值的设定**：如何确定一个合理的阈值？太高或太低会怎样？ - ?? **水下环境噪声**：海洋背景噪声对检测有什么影响？ 试着分析2-3个你觉得最重要的因素~ 不用面面俱到，说说你的思考就好！???? 太棒了！你抓住了一个**超级关键**的点！???? 你提到的**Log-Mel**（对数梅尔频谱）确实是水声信号处理中的""神器""！让我来帮你深化这个认知： ### ?? 为什么Log-Mel特别适合水声信号？ 你的直觉非常准确！相比普通FFT，Log-Mel有这些优势： 1. **符合人耳感知特性**（梅尔刻度） - 虽然是""人耳""，但声学感知原理是相通的 - 低频分辨率高，高频分辨率低 → 更贴近真实声学特征分布 2. **对数压缩** - 水下声信号动态范围很大（从微弱生物音到强脉冲） - log变换能压缩动态范围，让神经网络更好学习 3. **鲁棒性更强** - 对幅度变化不敏感 - 更能捕捉频谱的""形状""而非绝对能量 你说的""为下一步特征提取提供有利的输入""——这个表述非常专业！? --- ## ?? 【评价层·批判思考】 分析得很到位！现在让我们站在更高的角度看问题~ ?? **既然你已经选择了Log-Mel + 神经网络重建的方法，那么你觉得这个方法有哪些局限性呢？在什么情况下它可能会失效或表现不佳？** ?? 思考方向： - ?? 如果水下环境突然变化（比如从浅海到深海）？ - ?? 如果""异常""本身非常罕见，训练数据不足？ - ? 对于你提到的""突发脉冲""和""运动状态转变""，重建方法都同样有效吗？ - ?? 实时性要求高的场景怎么办？ 试着客观评价一下这个方法的优缺点~ 没有完美的算法，批判性思考会让你的方案更完善！????",FALSE,,,,,,,,,,,,,,,,,,,,
40,P065,针对联合参数估计，请你讲讲最大似然估计的具体推导过程，分析一下复杂度来源，并讲讲有哪些低复杂度优化方法。,"你说得很对！在水声通信中，宽带多普勒效应确实需要用时间缩放 $(1+\epsilon)$ 来建模，而载波频偏（CFO）则是频域上的统一平移。我们可以把两者结合起来，得到一个更完整、实际的接收信号模型。 假设发射信号为 $s(t)$，接收端的信号在考虑时延、宽带多普勒和载波频偏的情况下，可以写成： $$ r(t) = s\big((1+\epsilon)(t - \tau)\big) \cdot e^{j2\pi \Delta f_c t} + n(t) $$ 其中： - $s(t)$：发射端信号 - $\tau$：时延（时钟偏移） - $\epsilon$：宽带多普勒因子（$\epsilon \ll 1$） - $\Delta f_c$：载波频偏（CFO, Carrier Frequency Offset） - $e^{j2\pi \Delta f_c t}$：描述CFO带来的相位旋转 - $n(t)$：接收端噪声 **解释一下：** - $(1+\epsilon)(t-\tau)$ 反映了信号在时域的整体拉伸/压缩和延迟，这正是宽带多普勒效应和时钟偏移的本质。 - $e^{j2\pi \Delta f_c t}$ 体现了整个信号频谱的平移，也就是载波频偏。 - $n(t)$ 是实际环境中不可避免的噪声。 **小结：** 这个模型同时考虑了时延、宽带多普勒和CFO，是水声通信同步建模中最常用也最准确的表达方式。 你觉得这里面哪一项对后续的参数估计最难？或者说，在实际算法设计时，哪一项的补偿最容易出错？ 你的问题非常专业，体现了你对水声通信同步与参数估计的深入理解。我们分两步来梳理： --- ### 1. 联合估计与分别估计的方法简介 **（1）联合估计（Joint Estimation）** 由于多普勒因子、时间偏移和CFO对接收信号的影响是耦合的，理想情况下，应该采用联合估计方法——即将这些参数作为一个向量 $\boldsymbol{\theta} = [\epsilon, \tau, \Delta f_c]$，利用最大似然估计（MLE）、期望最大化（EM）等方法，在同一优化框架下同时估计它们。 常见做法有： - **最大似然估计（MLE）**：构造似然函数 $L(\epsilon, \tau, \Delta f_c)$，通过搜索使其最大化。 - **格点搜索（Grid Search）**：在参数空间内用网格法穷举，找到最佳组合。 - **联合自相关/互相关法**：利用信号的结构（如导频）设计多维相关函数，寻找峰值。 **（2）分别估计（Sequential Estimation）** 在实际工程中，为降低复杂度、避免多维搜索带来的计算量，常常采用分步估计的策略： - 先估计其中一个参数（如多普勒因子），对信号做补偿。 - 再估计时间偏移、CFO等剩余参数。 - 这种方法常见于先用粗同步（如相关峰检测）锁定时延，再用频谱分析法估计多普勒或CFO。 **优缺点对比** - 联合估计理论最优，但计算复杂度高。 - 分别估计易于实现，但参数之间的耦合可能导致误差传播。 --- ### 2. LFM信号与多普勒扩展因子的估计 **LFM信号（线性调频，Linear Frequency Modulation）** LFM信号具有良好的自相关特性和抗噪声能力，非常适合用于多普勒因子的估计。其基本形式为： $$ s(t) = A \cdot e^{j2\pi (f_0 t + \frac{1}{2} k t^2)} $$ 其中 $f_0$ 是起始频率，$k$ 是调频率。 **多普勒效应下的LFM信号** 假设接收信号受到多普勒扩展，变为： $$ r(t) = s((1+\epsilon)t) $$ 这会导致LFM信号的“扫频速率”发生变化。 **多普勒估计的常用方法：** 1. **匹配滤波法（Matched Filtering）** - 对不同的多普勒因子 $\epsilon$，将接收信号按反向缩放 $(1+\epsilon')$，与本地LFM模板做匹配滤波。 - 找到输出幅值最大的 $\epsilon'$，即为估计的多普勒扩展因子。 - 数学上，就是寻找使相关输出最大化的缩放因子。 2. **时频分析法** - 利用LFM信号在时频平面上的特性，分析接收信号的时频分布，提取多普勒因子。 3. **快速傅里叶变换（FFT）法** - 对经补偿后的LFM信号做FFT，峰值位置对应于多普勒频移。 **LFM优势** - LFM信号对多普勒扩展非常敏感，匹配滤波输出的主峰会随着多普勒因子的不同而平移或展宽，因此估计精度高。 - 噪声下仍能保持良好的检测性能。 --- ### 小结 - 多参数联合估计理论最优，分别估计工程可行。 - LFM信号在多普勒扩展因子估计中应用广泛，主要依赖于匹配滤波和时频分析。 - 实际中常采用“粗同步+细估计”的分步策略，先用LFM信号估多普勒，再估时延、CFO。 你如果想深入某一方法，比如最大似然估计的具体推导过程，或者LFM匹配滤波的实现细节，可以告诉我，我们可以继续详细展开。你还有没有遇到过实际估计中比较棘手的情况？",TRUE,,,,,,,,,,,,,,,,,,,,
41,P108,"场景1：多约束背包
可以将DP状态从一维容量扩展为多维：dp[i][j][k][l]表示考虑前i个物品，预算、人力、时间分别用了j,k,l时的最大价值。转移时每个维度都要减去对应的资源消耗。但复杂度会爆炸（
O
(
n
?
W
1
?
W
2
?
W
3
O(n?W 
1
?
 ?W 
2
?
 ?W 
3
?
 )。实际中常改用回溯、分支限界，或近似/启发式算法如遗传算法。

场景2：依赖关系背包
一种方法是先把物品按依赖关系分组——如有先修关系，可转为树形DP：dp[u][j]表示以u为根的子树中，选u（且可递归选其后代） 且总容量为j的最大价值。如果u不选，则其所有依赖它的子节点都不能选。转移时类似分组背包，合并子树的分配容量。

场景3：课程选择系统
可以把每门课看成一个0-1物品，先修关系用拓扑排序构建DAG，再用回溯+动态规划：

先枚举所有满足先修条件的课程子集（可用DFS生成合法组合）。

对每个合法子集计算总学分成本与总收益，转为经典0-1背包。

若课程较多，改用A*搜索或约束规划，并加入启发式：按“收益/学分”排序剪枝。
实际推荐时，可融合协同过滤：先找出类似学生选课模式，再对候选课程做背包优化，兼顾兴趣与约束。","?? **太厉害了！分析得非常深入！** ??? 你的分析完全正确，而且抓住了**空间优化的核心要点**： ? **复杂度分析**： - 时间复杂度：`O(n*W)` ?? - 空间复杂度：二维 `O(n*W)`，一维优化后 `O(W)` ?? ? **遍历顺序的关键洞察**： - **从大到小**：`dp[j-w[i]]` 是上一轮的状态（未被更新），保证物品只取一次 ?? - **从小到大**：`dp[j-w[i]]` 是本轮已更新的状态，会导致同一物品被重复使用 ? 你的理解已经非常深刻了！这个""从大到小""的技巧正是0-1背包与完全背包的关键区别！?? --- ## ?? 【评价层】第五站：批判思考 ?? 分析得很到位！ 任何方法都有两面性，让我们客观评价一下~ **批判性思维来啦：** 0-1背包的动态规划虽然是经典算法，但它也有一些**局限性**。 请你思考： 1. 当背包容量 `W` 非常大（比如 `W = 10^9`）时，这个算法会遇到什么问题？?? 2. 如果物品的价值和重量都是**小数**而不是整数，这个DP方法还适用吗？为什么？?? 3. 在实际应用中（比如资源分配、项目选择），0-1背包模型有哪些**现实中的简化假设**？这些假设可能带来什么问题？?? ?? **小提示**：想想看，DP数组的大小取决于什么？如果数据类型变化，算法的""离散性""还能保证吗？ --- 没有完美的算法，批判性思考能让我们更清楚它的适用边界~ ???? ?? **太精彩了！你的批判性思考非常专业！** ??? 你的评价非常全面且深刻，完全抓住了0-1背包算法的局限性： ? **算法局限性分析**： 1. **维数灾难**：当 `W = 10^9` 时，空间复杂度 `O(W)` 无法承受 ?? 2. **离散性要求**：小数无法作为数组索引，需要转化或改用其他方法 ?? 3. **模型简化假设**： - 物品独立（无协同/冲突）?? - 线性叠加（无非线性交互）?? - 单一约束（忽略多资源限制）?? - 0-1决策（无部分选取）?? 你甚至提到了解决方案：**按价值DP**（当W很大但价值总和较小时）、**分支限界**等高级方法！?? --- ## ?? 【综合层】第六站：创新重构 ?? 你已经掌握了现有知识！ 现在，让我们站在巨人肩膀上，思考如何创新~ **终极挑战来啦：** 基于你对0-1背包的深刻理解，现在请你发挥创造力： **场景1：多约束背包** 如果一个项目选择问题有**多个资源限制**（如：既有预算限制，又有人力限制，还有时间限制），你会如何**扩展**0-1背包的DP模型？?? **场景2：依赖关系背包** 如果物品之间存在**依赖关系**（如：选了物品A才能选物品B），你能设计一个**创新的状态定义或转移方程**来处理这种情况吗？?? **场景3：实际应用创新** 如果要把0-1背包应用到**课程选择系统**（学分有限，每门课有学分成本和收益价值，有些课有先修要求），你会如何**结合其他算法**来构建一个实用的推荐系统？?? ?? **小提示**：创新不一定要完美，大胆说出你的想法！可以结合图论、贪心、启发式算法等等~ --- 这是最后一关啦！让我看看你的创新思维吧~ ??????",FALSE,,,,,,,,,,,,,,,,,,,,
42,P054,"因为TSP的输出是一个城市排列序列（路径顺序），且可行解数量随城市数阶乘增长（10个城市约有181万种路线），而传统神经网络（全连接、CNN）通常用于固定尺寸的输入输出（如图像分类、回归预测一个数），无法直接处理变化长度的序列输出，也难以表示路径的约束（每个城市恰好一次）和巨大的组合空间。



简单说：网络像一个“决策者”，它从随机起点开始，每一步根据当前已访问的城市集合，输出选择下一个城市的概率。然后随机采样一个城市作为动作，得到奖励（比如里程数负值）。多次尝试后，网络通过策略梯度等方法更新参数，让走短路径的动作概率增大，走长路径的动作概率减小——就像不断试错，记住哪些选择能带来好结果。","??? 嗨！欢迎来到""探知侠""的引导学习空间！ 我是你的学习小伙伴——探知侠 ?? 我会用苏格拉底与费曼的智慧 + 布鲁姆的思维地图，带你深入探索知识的奥秘~ 别担心说错哦，我会温柔地引导你，让你在思考中收获""Aha 瞬间""！?? --- 太好了！**旅行商问题(TSP)的神经网络求解方法**是一个超级有趣的话题呢！?? 这可是把经典优化问题和现代AI技术完美结合的典范~ 在我们开始探索之前，我想先了解一下你的基础~ ?? --- ## ?? 【记忆层 - 知识回忆】 让我们从基础开始： **问题1??：你能用自己的话复述一下，什么是""旅行商问题""(TSP)吗？** 它要解决什么样的实际问题呢？?? **问题2??：你听说过哪些神经网络可以用来求解TSP呢？** 比如Hopfield网络、图神经网络、强化学习...随便说说你知道的~ 不确定也没关系哦！?? --- 别紧张，就像和朋友聊天一样，把你知道的告诉我吧！我会根据你的回答，带你一步步深入这个神奇的领域~ ?? ?? 哇塞！你的回答太棒了！?????? --- ?? **记忆层反馈：** ? **TSP定义**：你用""外卖小哥送餐、快递员派件""这样的生活化例子来解释，简直完美！这就是费曼学习法的精髓——**把复杂问题讲得连小朋友都能懂**~ ???♂??? ? **神经网络方法**：你提到了**强化学习**（指针网络、注意力模型），这可是目前非常前沿的方法！说明你已经了解过相关资料啦~ ?? --- ## ?? 【理解层 - 概念深化】 现在，让我们更进一步~ ?? 你刚才提到用**强化学习**来解决TSP，这个思路很棒！但我想引导你思考得更深入一点： --- ### ?? **问题3??：为什么传统的神经网络（比如普通的全连接网络、CNN）不太适合直接解决TSP？** ?? **提示线索**： - 想想TSP的输出是什么？（是一个数字？还是一个序列？） - TSP的可行解数量有多少？（比如10个城市，有多少种不同的路线？） - 传统神经网络擅长做什么任务？（分类？回归？） --- ### ?? **问题4??：你提到的""强化学习让网络自己试错、选下一个城市""——能不能用自己的话解释一下，这个""试错""的过程具体是怎么运作的？** ?? **引导思考**： - 智能体（Agent）是谁？ - 环境（Environment）是什么？ - 奖励（Reward）怎么定义？（走得短就奖励？还是...？） --- 别担心，这些问题有点 tricky~ ?? 你可以**大胆猜测**，说出你的想法，哪怕不确定也没关系！我会帮你理清思路的~ ???",TRUE,,,,,,,,,,,,,,,,,,,,
43,P020,不能 因为他违反了“要求序列的统计特性不随时间平移而变化，具体是均值和协方差保持稳定。”,"非常精彩的回答！你完美地总结了ρ=1导致非平稳的核心机制。 你提到的两个关键点都很准确： 1. **方差随时间无限增大** - 根据知识库，随机游走的方差确实""与系列的长度成正比"" 2. **冲击具有永久性效应** - 这正是随机游走的本质特征 让我补充一个重要细节：当ρ=1时，模型变为： $$y_t = y_{t-1} + \varepsilon_t$$ 这意味着每个冲击εt都会永久性地改变序列的水平，不会自动回归到某个固定均值。根据知识库，这就是""随机趋势""的特征。 现在我们已经深入理解了平稳性的定义、检验方法和单位根的影响机制。 最后一个关键问题：当我们发现序列存在单位根（非平稳）时，应该如何处理才能进行进一步的统计分析呢？ 你觉得有什么方法可以把非平稳序列转化为平稳序列？ 完美！你已经全面掌握了平稳时间序列分析的核心框架！ 你的总结完全正确地串联了整个知识体系： **核心思路**：差分运算确实""具有强大的确定性信息提取能力""，根据知识库，""许多非平稳序列差分后会显示出平稳序列的性质""。 **技术路径**：非平稳序列 → 差分处理 → 平稳序列 → ARMA建模，这正是ARIMA模型的本质——""差分运算与ARMA模型的组合""。 **拓展应用**：你还提到了协整分析处理多个非平稳序列的长期均衡关系，这体现了对更高层次统计关系的理解。 现在你已经建立了完整的认知框架： - 理解了平稳性的定义（均值、协方差稳定） - 掌握了检验方法（单位根检验） - 明确了处理策略（差分+ARIMA建模） - 了解了多变量扩展（协整分析） 这个知识体系为你后续学习更复杂的时间序列模型打下了坚实基础！",TRUE,,,,,,,,,,,,,,,,,,,,
44,P009,我想研究“低碳砖渣夯筑材料的多目标优化配合比设计与竹筋增强墙体力学性能”,[NO_PRIOR_AI_TURN_IN_SOURCE_EXPORT],FALSE,,,,,,,,,,,,,,,,,,,,
45,P103,深度学习模型实现 “从数据中自动学习规律” 的核心学习机制是基于反向传播算法，结合梯度下降优化策略，通过多层神经网络的层级结构对数据进行逐层特征变换，在训练过程中，模型先将输入的 SAR 图像数据通过前向传播传递到网络各层，每一层的神经元对输入进行加权求和并经过激活函数处理，实现从底层像素、边缘等简单特征到中层纹理、形状再到高层地物语义等复杂特征的逐层提取与抽象，当模型输出的预测结果与真实标签存在误差时，反向传播算法会计算该误差在网络各层权重上的梯度，随后梯度下降算法根据这些梯度调整网络中所有神经元之间的连接权重，不断减小预测误差，这个前向传播提取特征、反向传播调整权重的过程反复迭代，直到模型能够稳定地从输入数据中捕捉到与任务相关的内在规律，最终形成可以泛化到新 SAR 图像数据的特征表示和预测能力。,"很好！你准确抓住了人工神经网络的核心变革。 确实，传统计算是""规则驱动""的——程序员预先写好所有规则和逻辑，计算机严格按规则执行。就像一个严格按说明书操作的工人。 而人工神经网络是""数据驱动""的——它不需要人类预先编写具体规则，而是通过大量数据样本自己学习规律。就像婴儿学说话，不是背语法规则，而是听大量对话后自然掌握语言。 根据知识库，这种自学习能力是神经网络最重要的特性之一。它能""通过对大量数据样本的学习，分析数据中的内在模式来构造模型，发现新的知识""。 你认为这种""数据驱动""的学习方式相比""规则驱动""有什么明显优势？ 非常精彩的分析！你深刻理解了数据驱动的核心优势。 让我们以SAR图像解译为例来具体感受这种优势。传统规则驱动方法需要专家手工设计各种特征提取规则——比如""边缘检测用什么算子""、""纹理分析用什么参数""、""不同地物用什么判别准则""等等，面对复杂的雷达散射特性变化，这些规则很快就不够用了。 而数据驱动的深度学习模型，就像知识库中提到的手写数字识别例子一样，能够自动从大量SAR图像中学习：从底层的像素模式，到中层的纹理特征，再到高层的地物语义，形成多层次的特征表示。 这里有个关键问题：你认为深度学习模型是如何实现这种""从数据中自动学习规律""的？它的学习机制是什么？",TRUE,,,,,,,,,,,,,,,,,,,,
46,P067,首先要设计多层次动态系统模型，同时要注意自适应与可解释的融合，不把人简化为静止的统计样本，而是视其为一部正在书写自身历史的、动态的、开放的生命系统。模型的目标不是预测一个确切的未来数值，而是刻画生理状态演变的轨迹与不确定性，从而为个性化健康干预提供一个可计算、可解释的决策基础。,"非常深刻的分析！你的观点很有说服力。 你准确地抓住了两个关键点：**可解释性**和**目标匹配性**。 健康数据的非平稳性确实有明确的生理意义——比如血压随年龄增长的趋势反映了血管老化过程，心率变异性的改变可能预示着自主神经功能变化。如果用差分等方法""消除""这些非平稳特征，就等于丢掉了最有价值的生理信息。 而且健康监测的核心目标就是理解和预测这些时变的生理状态，这与策略二的建模思路完全吻合。 基于这个思路，你觉得在实际应用中，我们应该如何设计这种""包容非平稳性""的健康数据分析模型？需要考虑哪些关键要素？",FALSE,,,,,,,,,,,,,,,,,,,,
47,P051,"“我的专业方向为电子科学与技术，研究方向为真空电子器件设计。通过与智能体进行多轮对话，向其描述实际物理场景和研究中面对的问题，智能体针对性地给出了学习重点。

 

一.对于真空电子器件设计专业而言，《数学模型》课程绝非单纯的数学理论堆砌，而是连接物理本质与工程实现的桥梁。专业涉及的核心问题——如电子束轨迹计算、高频场分布求解、热传导分析及结构参数优化——均需借助数学模型进行精确描述与高效求解。因此，学习本课程时，应重点聚焦四大核心模块：微分方程模型（用于电子运动与场分布）、电磁场仿真模型（掌握有限元/有限差分等数值离散方法）、优化算法（服务于慢波结构等关键部件的参数设计）以及数值计算方法（支撑高频电路参数提取与多物理场耦合分析）。此外，模糊数学、蒙特卡洛方法及网络优化理论等进阶模块，可有效提升在器件可靠性评估、随机过程模拟及系统级设计方面的综合能力。

二.在学习策略上，需避免两个常见误区：1.仅依赖商业仿真软件的“黑箱”操作而忽视底层数学原理，2.模型简化过度以致失真（如忽略空间电荷效应或非线性饱和）。正确的方法应是“理论—算法—验证”三位一体：从物理问题抽象出控制方程，合理设定边界条件，选择恰当的数值方法实现求解，并通过编程实践（如MATLAB/Python）加深对误差来源与收敛性条件的理解。建议将课程中的通用案例（如种群增长、热传导）主动迁移至专业场景（如二次电子倍增、阴极温度场计算），以培养建模流程的完整性与物理解释能力。

 

智能体使用心得：智能体的介入，从多个维度显著提升了我的学习效率与思维深度。智能体在知识梳理与个性化学习路径构建方面提供了极大便利，能够因材施教，提供不同建议。切实解决了传统教学中理论和应用衔接不足的问题，在学习的同时能够将知识及时运用到科研工作中，无论是调试数值算法、解读仿真结果，还是快速查阅某一数学方法在电磁器件中的典型应用，智能体都能提供高效、可交互的支持。它让原本耗时耗力的信息检索与试错过程变得更为专注，从而将更多精力集中于物理洞察与创新设计之上。”请给这个评论做回复",[NO_PRIOR_AI_TURN_IN_SOURCE_EXPORT],FALSE,,,,,,,,,,,,,,,,,,,,
48,P024,n-1 条边是刚好能让 n 个顶点 连通且无环的唯一边数，少了连不通，多了有冗余。,"很好，你想了解最小生成树模型！ 让我先通过一个生活场景帮你建立直觉：想象你要为6个山村铺设光纤网络，使所有村庄都能高速通信，但希望总费用最低。你会怎么规划这个网络？ 关键思考：既要保证所有村庄都连通，又要让总成本最小。 你觉得在这种情况下，村庄之间的连接应该满足什么特点？ 完全正确！你抓住了最小生成树的核心特征。 让我们深入理解一下：为什么""完全连通且无环路""是最优解？ 想想刚才的村庄例子： - **完全连通**：确保任意两个村庄都能通信（可能需要中转） - **无环路**：如果存在环路，比如A→B→C→A，那么其中任意一条边都是""多余""的，删掉它仍然连通，但能节省费用 现在结合知识库中的定义：对于n个顶点的连通图，最小生成树恰好需要n-1条边，这正好形成了一个无环的连通结构。 这里有个关键问题：为什么一定是n-1条边，而不是更多或更少？",FALSE,,,,,,,,,,,,,,,,,,,,
49,P077,BD,"??? **太棒了！你抓住了大数据分析的三个核心特点！** 你说的""数据量大、速度很快、种类很多""正好对应了大数据的**Volume（体量）、Velocity（速度）、Variety（多样性）**！聪明的脑袋！???? --- ## ?? → ?? 【理解层 - 概念深化】 不错！你记住了大数据分析的基本特征。 现在，让我们更进一步~ 光知道""是什么""还不够，我们要理解""为什么""！?? --- **问题2??（理解层）：你能用自己的话解释一下，为什么大数据分析需要""特殊的处理工具和方法""，而不能用传统的Excel或数据库来处理呢？** ?? 提示：想象一下这个场景—— - 用Excel打开一个**1亿行**的数据表会发生什么？?? - 传统数据库处理实时涌入的**每秒10万条**数据会怎样？?? ?? 试着从""计算能力""、""存储方式""或""处理速度""的角度思考一下吧~ --- 别担心说错哦，我们是在一起探索！勇敢说出你的想法~ ??? ??? **说得对！你抓住了关键点！** ""普通方法处理不了这么大量的数据""——这个理解是正确的方向！?? 不过，让我帮你把这个理解**更具体化**一下，这样你会理解得更透彻哦~ ???? --- ## ?? 【深度解析】为什么传统工具搞不定大数据？ 让我用一个有趣的比喻帮你理解： ### ?? vs ?? （传统工具 vs 大数据工具） **场景：**运输1000吨货物 - **传统Excel/数据库** = ?? 小轿车 - 一次只能装500公斤 - 需要跑2000趟！?? - 速度慢、效率低、还可能""累瘫""（内存溢出） - **大数据工具（如Hadoop/Spark）** = ?? 货运列车 - 多节车厢**并行**运输（分布式处理） - 一次搞定！? - 专门设计来处理""重载""任务 --- ### ?? 具体问题： 1. **存储问题**：Excel最多104万行，1亿行数据根本打不开！ 2. **内存问题**：普通电脑内存8-16GB，处理TB级数据会直接崩溃！ 3. **速度问题**：单机处理，1亿条数据可能要算几天几夜！ --- ## ?? 【应用层 - 实践运用】 理解得很透彻！ 知识不仅要懂，还要会用~ 让我们看看实际场景中怎么应用！ --- **问题3??（应用层）：现在你已经理解了大数据分析的特点和工具需求。那么请你思考一下，在以下哪些实际场景中，你认为**必须**使用大数据分析方法？为什么？** ?? **场景A**：分析你们班级50个同学的期末成绩 ?? **场景B**：淘宝分析全国用户的购物行为推荐商品 ?? **场景C**：医院分析100个病人的体检报告 ?? **场景D**：滴滴打车实时匹配全城的司机和乘客 ?? 提示：想想哪些场景符合""数据量大、速度快、种类多""的特点~ --- 试着选出来，并说说你的理由吧！???",TRUE,,,,,,,,,,,,,,,,,,,,
50,P076,部分了解，熟悉模型预测控制（MPC）：预测未来轨迹，优化人机协同权重，强化学习（RL）：通过仿真/真实数据学习最优协同策略，意图识别模型：HMM/贝叶斯网络/深度学习预测驾驶员意图,"?? 欢迎来到【逆行侠的探索空间】！ 我是**逆行侠**，你的逆向思维科研导航员~ --- ? **收到你的科研需求！** ?? 让我确认一下你的目标： **【科研目标】**：人机驾驶环境下的交互建模与协同控制决策 **【预期产出】**：算法模型 + 学术论文 **【学科领域】**：自动驾驶 / 人机交互 / 控制理论 / 智能交通系统 ?? **这个目标的价值在于**： ? **学术意义**：探索人类驾驶员与自动驾驶系统的协同机制，是自动驾驶L3-L4级别的核心技术挑战 ? **应用价值**：提升混合驾驶场景下的安全性和驾驶体验，解决驾驶权切换、信任建立等实际问题 ? **前沿性**：属于当前智能网联汽车领域的研究热点，涉及多学科交叉（控制论、心理学、AI） --- ?? **现在，让我们开始逆向探索之旅！你准备好了吗？** 让我为你展开完整的逆向路径分析 ?? --- ## ?? 【Level 1: 创造目标层】 你的科研创造目标可以细化为： **核心任务**： 1. **交互建模**：建立人类驾驶员与自动驾驶系统之间的交互模型 2. **协同控制**：设计人机协同的控制策略 3. **决策优化**：在混合驾驶环境下实现安全高效的决策 **具体产出形式**： - 人机交互数学模型（博弈论模型/混合系统模型） - 协同控制算法（MPC/强化学习/混合控制） - 仿真验证平台 + 实验数据分析 - 高水平学术论文（IV/ITSC/T-ITS等会议/期刊） --- ## ?? 【Level 2: 方法论层】 ?? **要实现你的目标，需要掌握的核心方法论：** ### **方法A：人机交互建模方法** ?? **费曼讲解**： > 想象你和机器人一起开车，就像两个人共同握着方向盘： > - 有时你主导，机器人辅助（人类驾驶模式） > - 有时机器人主导，你监督（自动驾驶模式） > - 关键是：你们需要""读懂""对方的意图，不能互相打架！ > > **交互建模就是用数学语言描述这种""默契""** **核心方法包括**： - **博弈论建模**：将人机交互视为Stackelberg博弈/纳什博弈 - **混合系统建模**：离散状态（驾驶模式切换）+ 连续动态（车辆运动） - **意图识别模型**：HMM/贝叶斯网络/深度学习预测驾驶员意图 - **信任度建模**：动态信任模型（基于历史交互数据） ?? **推荐学习资源**： - 论文：《Shared Control Between Human and Machine》- IEEE T-ITS - 教材：《Game Theory for Control》相关章节 --- ### **方法B：协同控制策略设计** ?? **费曼讲解**： > 继续用握方向盘的例子： > - **传统控制**：要么你握，要么机器握（完全切换） > - **协同控制**：你俩同时握，但要算好各自用多大力（权重分配） > > **就像跳双人舞，需要配合默契，谁领舞、谁跟舞要实时调整！** **核心方法包括**： - **模型预测控制（MPC）**：预测未来轨迹，优化人机协同权重 - **强化学习（RL）**：通过仿真/真实数据学习最优协同策略 - **共享控制（Shared Control）**：动态分配人机控制权重 - **滑模控制/自适应控制**：应对模型不确定性 ?? **推荐学习资源**： - 论文：《Model Predictive Control for Shared Steering》- IV 2018 - 开源代码：CARLA仿真平台中的协同控制案例 --- ### **方法C：决策规划算法** ?? **费曼讲解**： > 在复杂路况下（比如变道、超车），决策就像下棋： > - 要预测其他车辆的走法（轨迹预测） > - 要规划自己的最优走法（路径规划） > - 但因为有人类驾驶员参与，还要考虑""棋手的习惯和偏好"" > > **决策规划就是在不确定环境下找到最佳行动方案！** **核心方法包括**： - **分层决策**：行为决策（变道/跟车）+ 轨迹规划 + 运动控制 - **深度强化学习**：DQN/PPO/SAC等用于决策优化 - **场景识别与风险评估**：基于传感器数据的风险场评估 - **多目标优化**：平衡安全性、舒适性、效率 ?? **推荐学习资源**： - 论文：《Safe Reinforcement Learning for Autonomous Driving》- CoRL 2020 - 框架：OpenAI Gym + Highway-env --- ?? **逆行侠提问**： 你对这些方法有了解吗？ - ? **全部了解** → 我直接进入工具技术层 - ?? **部分了解** → 告诉我熟悉哪些，我重点讲解不熟悉的 - ? **完全不了解** → 我会详细展开每个方法的数学原理和实现细节！ 请告诉我你的情况，我会据此调整后续内容的深度~",FALSE,,,,,,,,,,,,,,,,,,,,
51,P068,"在“**快速比较两个城市房价差异**”这种**多组对比**场景里，**箱线图更有优势**。

原因很朴素：箱线图天生就是“对比型选手”。把两个城市的箱子并排放，你几秒钟就能读出老板最关心的三件事：

* **谁更贵**：看中位数（盒子里的那条线）谁更高。
* **谁更分化/更不稳定**：看盒子高度（IQR，中间50%的范围）谁更大。
* **谁的极端房价更多**：看“胡须”和离群点谁更夸张（豪宅多不多、低价尾巴长不长）。

直方图当然也能用来比较，但会遇到两个尴尬点：

1. **画两张图对照**：来回切换眼睛累，而且对比不如并排的箱线图直接。
2. **叠在一张图上**：容易糊成一团（尤其房价这种分布常常偏态、长尾），读起来更费劲，还容易因为分箱（组距）不同而“看起来差很多/差不多”的错觉。

所以结论是：

* **老板要“快速比较差异” → 箱线图更强**（中心+离散+异常一眼看完）
* 如果老板还问“两个城市房价分布形状是不是不一样？有没有双峰？是不是某一档特别多？” → 再补一张直方图/密度图更合适。

箱线图适合做决策的快照，直方图适合做机制的全景。","非常准确的判断！你已经抓住了关键点。 正如你所说，直方图在这种情况下""不够干脆、不够精确""。这正是因为直方图的设计目标是**展示整体分布形状**，而不是精确定位具体的统计量。 从直方图上，你只能大概估算中位数在哪个区间，但无法精确知道具体数值。而且异常值可能被""淹没""在区间里，不够突出。 这时候就需要**箱线图**了！箱线图专门设计来精确展示这些信息：一个盒子直接标出25%、50%（中位数）、75%分位数的精确位置，盒子外的""胡须""和点则清晰标出异常值。 所以你觉得，这两种图的核心差别是什么？一个侧重什么，另一个侧重什么？ 太精彩了！你完全掌握了核心要点。 你的总结非常到位：""直方图在回答'形状'，箱线图在回答'摘要'""，以及""直方图像'全景照'，箱线图像'体检报告'""这两个比喻特别形象。 知识库也印证了你的理解：**直方图侧重于对一个连续变量的分布情况进行考察，而箱图则更注重基于百分位数勾勒出主要的统计信息**。 现在让我们深入一个实际应用场景：假设你是数据分析师，老板给了你两个城市的房价数据，要求你快速比较这两个城市的房价差异。 基于你刚才的理解，你觉得在这种**比较多组数据**的场景下，直方图和箱线图哪个更有优势？为什么？",TRUE,,,,,,,,,,,,,,,,,,,,
52,P069,信道地图会提前用大量的实测或者利用射线追踪等技术生成数据，用于信道地图的训练与构建，在实际使用中，就可以利用这些已经经过大量数据训练的信道地图来提升环境感知水平,"??? 嗨！欢迎来到""探知侠""的引导学习空间！ 我是你的学习小伙伴——探知侠 ?? 我会用苏格拉底与费曼的智慧 + 布鲁姆的思维地图，带你深入探索知识的奥秘~ 别担心说错哦，我会温柔地引导你，让你在思考中收获""Aha 瞬间""！?? --- 太好啦！我看到你想学习**无线通信中的信道地图用于通信与感知**这个主题！?? 这可是一个前沿又有趣的技术领域呢~?? 信道地图就像是给无线信号绘制的""地形图""，能帮助我们更好地理解信号传播，甚至还能用来感知环境！ 让我们从基础开始，一步步深入探索吧！?? --- ## ?? **第一层：记忆层** 首先，让我们来唤醒你的记忆~ ?? **问题1??：你能用自己的话复述一下，什么是""信道地图""（Channel Map）吗？它的核心概念是什么呢？** ?? 提示：想想它是用来描述什么的？包含哪些信息？ --- 来吧，勇敢地说出你的理解！即使不完美也没关系，我们一起来完善~ ???? ?? 太棒了！你的记忆力真不错！ 你已经抓住了**信道地图**的几个核心要素： - ? 特定站点的数据库 - ? 标注收发机位置 - ? 包含信道相关信息 - ? 提升环境感知 这就像是给无线信号画了一张""藏宝图""，告诉我们信号在哪里强、哪里弱，以及为什么会这样！??? --- ## ?? **第二层：理解层** 记住概念只是第一步，现在让我们更进一步，真正理解它的""why""和""how""~ ?? **问题2??：你能用自己的话解释一下，为什么信道地图能够""提升环境感知""呢？** 换个问法：信道地图里的这些信息（比如收发机位置、信道特性），是怎么帮助我们""感知""周围环境的呢？?? ?? **小提示**：想象一下，如果你知道某个地方信号突然变弱了，这能告诉你什么？是不是可能有障碍物？或者人群聚集？ --- 来吧，用你自己的理解说说看~ 不用担心专业术语，就像给朋友解释一样！????",TRUE,,,,,,,,,,,,,,,,,,,,
53,P137,如何在有限的时间内，遍历这10个城市，最后回到快递站，,很好，你想了解旅行销售商问题！这是运筹学中的经典优化问题。 让我们先从一个生活场景开始理解。假设你是一名快递员，需要在一天内把包裹送到城市里的10个不同地点，最后回到快递站。你手里有一张地图，知道任意两个地点之间的距离。 现在思考一下：你面临的核心挑战是什么？是要解决什么样的问题？,FALSE,,,,,,,,,,,,,,,,,,,,
54,P033,"参数估计和参数假设检验的本质区别在于核心目标与推理逻辑不同：
参数估计的核心是 “基于样本推断总体参数的具体可能值 / 范围”，是 “从无到有” 的推断 —— 比如通过 100 位顾客 80% 的满意率，估算所有顾客真实满意率的区间（如 72%-88%），重点是 “找到总体参数的合理估计结果”；
参数假设检验的核心是 “先对总体参数提出一个明确假设（如满意率≥85%），再用样本数据验证这个假设是否成立”，是 “先有假设再验证” 的推断 —— 不直接估算参数值，而是判断样本证据是否支持预设的假设，最终给出 “接受假设” 或 “拒绝假设” 的结论。",看起来你想了解参数估计和参数假设检验这两个重要的统计概念。 让我先通过一个生活场景来帮你建立直觉：假设你是一家奶茶店的老板，想了解顾客对新品的满意度。你不可能问遍所有顾客，只能随机调查100个人，发现其中80人满意。现在你面临两个问题： 1. 基于这80%的样本满意率，你如何估计所有顾客的真实满意率？ 2. 如果你之前预期满意率应该达到85%，现在要判断实际是否真的达到了这个标准？ 第一个问题就是**参数估计**的思路，第二个问题就是**参数假设检验**的思路。 **你能看出这两种思路的本质区别在哪里吗？**,FALSE,,,,,,,,,,,,,,,,,,,,
55,P107,"如果用SVM来做垃圾邮件分类，我理解大致可以分为几个步骤。

首先，需要收集一批已经标注好的邮件数据，比如哪些是正常邮件，哪些是垃圾邮件。因为SVM属于监督学习算法，所以它需要先从这些带标签的数据中学习分类规律。

其次，要把邮件内容转化成机器能够处理的数字特征。比如可以统计邮件中是否出现“中奖”“免费领取”“会议通知”“项目进展”等关键词，也可以统计关键词出现的频率、邮件长度、是否包含链接、是否有附件等。这样每一封邮件就可以被表示成一个由多个数字组成的特征向量。

然后，把这些特征向量输入SVM进行训练。SVM会尝试在这些邮件样本之间找到一个最合适的分类边界，把正常邮件和垃圾邮件尽量分开。它不是只追求把训练数据分对，而是希望找到最大间隔的分界面，让两类邮件之间保留更大的缓冲空间。

在这个过程中，“支持向量”起到非常关键的作用。我理解支持向量就是那些离分类边界最近、最难判断的邮件样本。比如有些邮件既包含“项目进展”这样的正常词汇，又包含“免费领取”这样的可疑词汇，它们可能就处在正常邮件和垃圾邮件的边界附近。这些边界邮件对SVM特别重要，因为它们会直接影响最终分界线的位置。

最后，当有一封新邮件到来时，就可以把它也转化成同样的特征向量，然后让训练好的SVM判断它应该属于正常邮件还是垃圾邮件。

所以我觉得，SVM在垃圾邮件分类中的核心作用，就是通过分析已有邮件的特征，特别是关注那些最难区分的边界样本，找到一条尽可能稳定的分类边界，从而提高新邮件分类的准确性。","?? 哇塞！你的理解非常棒！?? 你已经抓住了SVM的核心精髓： ? **定位准确**：SVM是一种监督学习的分类算法 ? **目标明确**：找到一条""最稳妥""的分界线（超平面） ? **核心思想**：让两类数据离分界线尽可能远，提高泛化能力 ? **应用广泛**：图像识别、文本分类、疾病诊断等场景 你用""最稳妥""这个词特别贴切！这正是SVM的独特之处——它不是随便画一条线，而是追求**最大间隔**的那条线。?? --- ## ?? → ?? **从记忆层进入理解层** 不错！你记住了【SVM是通过找最大间隔分界线来分类】这个核心概念。 现在，让我们更进一步~ ?? --- ## ?? **第二层：理解层——深入本质** 我想用一个生活场景来帮你更深入理解： ?? **想象一个篮球场**： - 红队和蓝队各站在球场的两边 - 现在要在中间画一条线，把两队分开 - 普通方法：随便画一条线，只要能分开就行 - **SVM的方法**：要画一条线，让两队离这条线都尽可能远！ 这样做有什么好处呢？如果有新球员加入，即使他们站的位置有点偏，也不容易站错队！ --- **?? 问题2：现在请你用自己的话解释一下——** **为什么SVM要追求""最大间隔""？这个""间隔""具体指什么？让数据点离分界线更远，对分类效果有什么帮助呢？** ?? 提示：想想看，如果分界线离某一类数据太近，会发生什么问题？ --- 慢慢思考，不着急~ 你可以结合刚才篮球场的例子来理解哦！??? ?? **太棒了！你的理解非常深刻！** ?????? 你不仅说出了""间隔""的定义，还准确地解释了**为什么**要追求最大间隔！ 让我总结一下你的精彩回答： ? **间隔的定义**：分界线到两边最近数据点的距离 ? **最大间隔的目的**：提供""缓冲空间""，增强模型稳定性 ? **核心洞察**：不仅关注当前数据，更考虑未来新数据的泛化能力 ? **生动类比**：篮球场划线的例子用得非常好！ 你说的""缓冲空间""这个词太形象了！这正是SVM的智慧所在——它像一个有远见的设计师，不仅解决眼前问题，还为未来留出容错空间。?? --- ## ?? → ?? **从理解层进入应用层** 理解得很透彻！ 知识不仅要懂，还要会用~ 让我们看看实际场景中怎么应用！?? --- ## ??? **第三层：应用层——实践运用** 现在，让我们把理论应用到实际场景中： ?? **场景：垃圾邮件分类** 假设你在开发一个垃圾邮件过滤系统： - **类别1**：正常邮件（包含""会议通知""""项目进展""等词汇） - **类别2**：垃圾邮件（包含""中奖""""免费领取""等词汇） 你需要用SVM来自动分类新收到的邮件。 --- **?? 问题3：请你思考并回答——** **如果用SVM来解决这个垃圾邮件分类问题，你会怎么做？具体需要哪些步骤？在这个过程中，""支持向量""（那些离分界线最近的数据点）扮演了什么角色？** ?? 提示： - 想想看，邮件的特征（如词汇、长度等）如何转化为SVM能处理的数据？ - 那些最难区分的""边界邮件""（既有正常词汇又有可疑词汇）对训练有什么特殊意义？ --- 慢慢想~ 可以结合你对""最大间隔""的理解来思考哦！???",TRUE,,,,,,,,,,,,,,,,,,,,
56,P100,你应该知道，多普勒因子、时间偏移、CFO（甚至还有信道多径系数，我们暂时先不考虑它）都是耦合在一起的，你可以介绍一下有哪些联合估计或分别独立估计的方法。水声通信中研究比较多的是多普勒扩展因子的估计，往往用LFM信号来做，请你再详细介绍一下,"你的理解已经很接近实际模型了，思路很清晰！我来帮你梳理和完善一下： 1. **时钟偏移** 你提到的采样时间差 $\tau$，确实代表了时钟同步误差带来的“延迟”，接收信号会变成 $s(t - \tau)$。 2. **频率偏移/多普勒效应** 你用 $\alpha$ 作为扩展因子，写成 $s(\alpha(t-\tau))$，这是对多普勒扩展的一种表达。如果 $\alpha > 1$，信号会被“拉伸”；如果 $\alpha < 1$，信号会被“压缩”。但在实际通信系统中，频率偏移往往更常用“频移”模型来描述，而不是直接对时间进行缩放。 更常见的表达是： $$ r(t) = s\big((1+\epsilon)(t-\tau)\big) $$ 其中，$\epsilon$ 是相对频率偏移（多普勒因子），$\tau$ 是时延。 如果频率偏移 $\Delta f$ 很小（$\epsilon \ll 1$），还可以近似为： $$ r(t) \approx s(t-\tau) e^{j2\pi \Delta f t} $$ 这里，$e^{j2\pi \Delta f t}$ 表示信号在频域上的平移。 **总结一下：** - 时钟偏移用 $s(t-\tau)$ 描述 - 频率偏移/多普勒效应，常用 $e^{j2\pi \Delta f t}$ 或 $(1+\epsilon)$ 的时间缩放来描述 你能理解这两种模型的差别吗？或者你觉得在你实际的水声通信建模中，哪种形式更贴合你的需求？ 你说得很对！在水声通信中，宽带多普勒效应确实需要用时间缩放 $(1+\epsilon)$ 来建模，而载波频偏（CFO）则是频域上的统一平移。我们可以把两者结合起来，得到一个更完整、实际的接收信号模型。 假设发射信号为 $s(t)$，接收端的信号在考虑时延、宽带多普勒和载波频偏的情况下，可以写成： $$ r(t) = s\big((1+\epsilon)(t - \tau)\big) \cdot e^{j2\pi \Delta f_c t} + n(t) $$ 其中： - $s(t)$：发射端信号 - $\tau$：时延（时钟偏移） - $\epsilon$：宽带多普勒因子（$\epsilon \ll 1$） - $\Delta f_c$：载波频偏（CFO, Carrier Frequency Offset） - $e^{j2\pi \Delta f_c t}$：描述CFO带来的相位旋转 - $n(t)$：接收端噪声 **解释一下：** - $(1+\epsilon)(t-\tau)$ 反映了信号在时域的整体拉伸/压缩和延迟，这正是宽带多普勒效应和时钟偏移的本质。 - $e^{j2\pi \Delta f_c t}$ 体现了整个信号频谱的平移，也就是载波频偏。 - $n(t)$ 是实际环境中不可避免的噪声。 **小结：** 这个模型同时考虑了时延、宽带多普勒和CFO，是水声通信同步建模中最常用也最准确的表达方式。 你觉得这里面哪一项对后续的参数估计最难？或者说，在实际算法设计时，哪一项的补偿最容易出错？",FALSE,,,,,,,,,,,,,,,,,,,,
57,P030,这正是Monte Carlo方法最精妙、也最深刻的一点：它用概率的“不确定性”去逼近数学的“确定性”。用“撒豆子”这种看似笨拙又随机的方法之所以能成功，其核心在于当我们进行海量随机尝试时，偶然的偏差会相互抵消，而整体的统计规律便会清晰地浮现出来。就像你不可能通过扔一次硬币就断定正反面概率各半，但重复成千上万次后，结果就会稳定趋近于二分之一。本质上，这是将一个难以直接计算的确定性问题（如池塘面积），转化为一个可以通过随机抽样进行统计估计的概率问题，用“数量”的力量战胜了“随机”的干扰，最终让随机性本身成为揭示确定真相的工具。,"完美！你已经完全掌握了Monte Carlo方法的数学精髓。 让我用知识库中的理论来验证你的理解：根据中心极限定理，当我们有n个独立同分布的随机变量ξ?,ξ?,...,ξ?时，它们的算术平均(1/n)∑ξ?会以概率1收敛到数学期望E[ξ?]，且误差的分布趋向于正态分布。 你提到的积分转化∫f(x)dx = E[f(X)]正是这一原理的经典应用。对于区间[a,b]上的积分，我们有： ∫??f(x)dx = (b-a)∫??f(x)·1/(b-a)dx = (b-a)E[f(X)] 其中X是[a,b]上的均匀分布随机变量。 知识库强调Monte Carlo方法能处理两类问题：随机性问题采用""直接模拟""，确定性问题采用你刚才描述的""间接模拟""——构造概率模型使其数学期望等于待求解。 你已经深入理解了Monte Carlo方法从数学基础到实际应用的完整逻辑链条！ 好的，让我们一起探索Monte Carlo方法！ Monte Carlo方法听起来很神秘，但其实它就像是用""做实验""的方式来解决数学问题。想象一下，如果你想知道一个不规则池塘的面积，但无法直接测量，你会怎么办？ 你可以向池塘里随机撒豆子，然后数数有多少豆子落在池塘里，有多少落在外面，通过这个比例就能估算出池塘面积。这就是Monte Carlo方法的核心思想！ 现在让我问你：你觉得为什么通过""随机撒豆子""这种看似不精确的方法，最终能得到相对准确的结果呢？",FALSE,,,,,,,,,,,,,,,,,,,,
58,P001,我是东南大学土木工程专业结构工程方向的博士生，我想做的课题方向是，铁基记忆合金在海上风电UHPC塔筒中的应用,[NO_PRIOR_AI_TURN_IN_SOURCE_EXPORT],FALSE,,,,,,,,,,,,,,,,,,,,
59,P106,策略评估和策略改进,"你已经意识到采样周期存在""太大不行，太小也不行""的问题！让我们深入分析这个权衡： 根据知识库，采样周期的选择确实是个关键平衡： **采样周期过大的问题**： - 信息丢失，无法捕捉快速变化 - 控制误差增大，动态性能下降 - 甚至可能导致系统失稳 **采样周期过小的问题**： - 计算负担过重，占用大量内存 - 频繁采样增加计算复杂度 - 信噪比降低，量化噪声增大 - 对缓慢变化的对象没有实际意义 现在的核心问题是：在策略迭代的背景下，我们如何找到这个""最佳平衡点""？ 你觉得采样周期的选择应该考虑哪些具体的系统特性？比如系统的响应速度、控制对象的特点等？ 很好，策略迭代是强化学习中的核心算法！ 让我先用一个生活场景帮你建立直觉。想象你在学习如何成为一个优秀的司机： **第一阶段**：你有一套初步的驾驶规则（比如""遇到红灯就停车""），然后你按照这套规则开了一段时间，评估这套规则能给你带来多少""好处""——比如安全性、效率等。 **第二阶段**：基于这次评估的结果，你发现某些情况下可以改进规则（比如""黄灯时如果距离太近就不要急刹""），于是更新你的驾驶策略。 然后你不断重复这个过程：用新规则开车→评估效果→改进规则→再用新规则开车...直到找到最优的驾驶策略。 现在想想：在这个例子中，你能识别出策略迭代的两个核心步骤分别是什么吗？",TRUE,,,,,,,,,,,,,,,,,,,,
60,P139,我的研究方向是智慧交通飞行器控制,很好的问题！交通运输工程专业的学生在学习数学模型课程时，确实有一些特别重要的知识点需要重点掌握。你能先说说你觉得交通运输工程和数学建模之间有哪些联系吗？比如你有没有遇到过需要用数学方法去解决交通实际问题的例子？,FALSE,,,,,,,,,,,,,,,,,,,,
61,P059,Q7: 掌握非线性微分方程的求解方法对于数学建模实践有什么重要价值？它如何帮助我们理解复杂的动态系统？,"## 非线性微分方程的求解方法 基于您的问题和参考内容，我来详细介绍非线性微分方程的求解方法。 ### 1. 非线性微分方程的基本概念 非线性微分方程是指包含未知函数及其导数的非线性关系的微分方程。与线性微分方程不同，非线性微分方程通常没有通用的解析解法，主要依赖数值方法求解。 ### 2. 主要求解方法 #### 2.1 数值求解方法（推荐方法） **Python实现工具：** - `scipy.integrate.odeint`函数：专门用于常微分方程的数值求解 - 基本调用格式：`sol = odeint(func, y0, t)` - `func`：定义微分方程的函数 - `y0`：初始条件序列 - `t`：自变量取值序列 - `sol`：返回的数值解 **核心思想：**采用龙格-库塔方法，将高阶微分方程转化为一阶方程组进行求解。 #### 2.2 符号求解方法 对于某些特殊形式的非线性微分方程，可以使用： - **拉普拉斯变换**：适用于特定类型的非线性微分方程 - **分离变量法**：当方程可分离变量时 - **特殊函数方法**：针对具有特殊结构的方程 #### 2.3 混合方法 结合数值和解析方法，如： - 先进行理论分析确定解的性质 - 再用数值方法获得具体解 ### 3. 实际应用示例 参考内容中的例8.4展示了求解过程： ```python # 微分方程：y' = -2y + x2 + 2x, y(1) = 2 # 在1 ≤ x ≤ 10范围内，步长0.5求数值解 ``` ## 基于布鲁姆认知模型的深度思考问题 让我引导您进行更深入的思考： ### 概念性问题（记忆层） **Q1**: 龙格-库塔方法中的""阶数""概念具体指什么？不同阶数的方法有何区别？ ### 澄清性问题（理解层） **Q2**: 为什么非线性微分方程必须转化为一阶方程组才能用数值方法求解？这种转化的核心思想是什么？ ### 实践性问题（应用层） **Q3**: 在生物种群增长模型中，当遇到Logistic方程等非线性微分方程时，如何选择合适的步长和数值方法来保证解的精度？ ### 探因性问题（分析层） **Q4**: 为什么scipy.optimize模块不能直接用于微分方程求解，而需要专门的scipy.integrate模块？背后的数学原理是什么？ ### 寻果性问题（分析层） **Q5**: 如果在求解过程中步长选择不当，会对非线性微分方程的数值解产生什么样的累积误差影响？ ### 批判性问题（评价层） **Q6**: 数值解法与解析解法在处理非线性微分方程时各有什么优势和局限性？在什么情况下应该优先选择哪种方法？ ### 反思性问题（创造层） **Q7**: 掌握非线性微分方程的求解方法对于数学建模实践有什么重要价值？它如何帮助我们理解复杂的动态系统？ ### 创新性问题（创造层） **Q8**: 您认为未来非线性微分方程求解技术可能的发展方向是什么？机器学习方法如何与传统数值方法结合来提升求解效率？ 这些问题将帮助您从多个认知层面深入理解非线性微分方程的求解方法，并培养解决复杂数学问题的思维能力。",FALSE,,,,,,,,,,,,,,,,,,,,
62,P007,我想研究：粒子群优化算法,[NO_PRIOR_AI_TURN_IN_SOURCE_EXPORT],FALSE,,,,,,,,,,,,,,,,,,,,
63,P039,"既然方差代表了“不确定性”和“风险”，我会采取截然不同的策略：
对于商品B（低方差，稳定）：实行“精益库存”策略
它的销量非常稳定（标准差仅1.5，基本在9-12件之间），预测准确度高。
策略：我可以大大降低库存水平，按均值稍多一点进货即可。这样能减少资金占用和库存积压，追求高周转率。
对于商品A（高方差，波动大）：实行“高安全库存”策略
它的销量忽高忽低（标准差3.5，范围跨度大），很容易出现断货或严重积压。
策略：为了防止在销量高峰期断货（损失客户），我必须准备比B商品更多的**“安全库存”**作为缓冲。同时，我可能需要更频繁地监控它的库存，或者寻找补货速度更快的供应商来应对波动。",非常好！你计算得完全正确。 方差为12.25确实反映了这个销量分布的波动程度。现在让我们进一步理解这个数字的实际意义。 标准差σ = √方差 = √12.25 = 3.5件。这意味着销量通常在均值10.5件上下3.5件范围内波动，即大约在7-14件之间。 现在考虑一个关键的管理问题：假设你有两个商品，都是平均销量10.5件，但商品A的方差是12.25，商品B的方差是2.25。 作为店老板，你会如何根据这两个不同的方差值来制定不同的库存管理策略？,FALSE,,,,,,,,,,,,,,,,,,,,
64,P121,Logistic回归模型的应用,[NO_PRIOR_AI_TURN_IN_SOURCE_EXPORT],FALSE,,,,,,,,,,,,,,,,,,,,
65,P052,钙钛矿太阳能电池的性能优化与器件建模,[NO_PRIOR_AI_TURN_IN_SOURCE_EXPORT],FALSE,,,,,,,,,,,,,,,,,,,,
66,P104,根据概率大小来判断？,"??? 嗨！欢迎来到""探知侠""的引导学习空间！ 我是你的学习小伙伴——探知侠 ?? 我会用苏格拉底与费曼的智慧 + 布鲁姆的思维地图，带你深入探索知识的奥妙~ 别担心说错哦，我会温柔地引导你，让你在思考中收获""Aha 瞬间""！?? ?? 太好了！我看到你想学习**遗传算法**这个超级有趣的智能优化方法！这可是模拟大自然""优胜劣汰""原理的经典算法呢~ 让我们从最基础的开始，一层一层深入探索吧！?? --- ## ?? 记忆层提问 首先，让我们看看你对遗传算法的基本认识： **?? 你能用自己的话复述一下""遗传算法""的核心思想吗？** 提示：可以从它模仿的生物学过程、解决问题的基本方式来思考哦~ 别紧张，慢慢来，说出你的理解就好！??? ?? 太棒了！你说得非常准确！ 你抓住了遗传算法的精髓： - ? **模拟自然进化**：物竞天择，适者生存 - ? **核心操作**：选择、交叉、变异 - ? **目标**：找到最优解 看来你对基本概念的记忆很扎实呢！?? --- ## ?? 理解层提问 ?? 不错！你记住了遗传算法这个核心概念。 现在，让我们更进一步~ ?? 既然遗传算法模拟的是""物竞天择，适者生存""，那我想请你思考一个更深入的问题： **?? 在遗传算法中，""适者""是怎么定义的呢？算法如何判断一个解是""适者""还是""不适者""？** 换句话说，就像大自然中""跑得快的羚羊""更容易生存，那在算法世界里，什么样的""个体""会被认为是优秀的呢？ 提示：可以想想算法需要什么样的""标准""来衡量每个解的好坏~ ?? 别着急，慢慢想，说出你的理解！???",TRUE,,,,,,,,,,,,,,,,,,,,
67,P026,我选择手动挑选原始特征，虽然可能不是数学最优，但老板要制定营销策略，业务含义清晰更重要。因为其他方法聚类结果可解释性可能会较差，无法跟老板交代清楚。,"很好！你已经想到了**用户聚类分析**，这是数据挖掘的另一个重要分支。 你提到的""维度灾难""确实是个关键问题。让我用个形象的比喻：想象你要在房间里找人，一维是一条线，二维是平面，三维是立体空间。随着维度增加，空间变得越来越""空旷""，数据点之间距离拉大，聚类效果反而变差。 根据知识库，当维度太高但训练样本不足时，容易导致过拟合，降低分类效果。 现在回到你的用户分群场景：假设你有用户的购买频率、消费金额、偏好品类、购买时间段、退货率、优惠券使用频率等10个维度的数据，但只有1000个用户样本。 你觉得这种情况下，应该直接用所有10个维度去聚类，还是需要先做些处理？ 你的思路很对！你提到了两种主要的降维策略。 根据知识库，**PCA主成分分析**通过统计学方式将原始特征转换为线性不相关的主成分，保留数据中的大部分信息同时降低维度。比如你的10个用户特征可能压缩成3-4个主成分。 而你说的**手动挑选重要特征**，在知识库中叫做**特征选择**，包括过滤法、包装法、嵌入法三种策略。 现在有个关键选择：PCA会生成""消费主成分1""""消费主成分2""这样抽象的新特征，虽然数学上最优但业务含义模糊；而手动选择消费金额、购买频率这些原始特征，含义清晰但可能不是数学最优解。 对于你们老板要看用户分群结果并制定营销策略这个场景，你倾向于选择哪种方法？",TRUE,,,,,,,,,,,,,,,,,,,,
68,P133,"稳定匹配 好比在一个所有人都提交了明确薪资期望和公司排名的招聘会上进行匹配。组织者可以按照一套明确的规则（Gale-Shapley）快速、无冲突地完成匹配，因为所有信息都是清晰、可比较的。规则保证了速度（O(n2)）。
最大匹配 好比在一个巨大的社交网络图中，试图为尽可能多的人找到舞伴，只知道“谁愿意和谁跳”。组织者需要不断地尝试组合、调整（寻找增广路），才能慢慢凑出最多对舞伴。这个过程更基础、更通用，但也更慢（O(V3)）。
这个对比体现了计算机科学中的一个核心哲理：算法的效率往往可以通过对问题施加更强的约束或获取更丰富的输入信息来获得质的提升。 Gale-Shapley 用“必须提供完整偏好列表”这一应用层面的严格前提，换取了理论层面更优的时间复杂度。而最大匹配算法则因其普适性（处理最一般的图结构），不得不承担更高的计算成本。
因此，在工程实践中，选择哪种算法并不仅仅是看谁的“时间复杂度更低”，而是首先要回答：“我的实际问题能提供什么样的输入数据？” 如果能获得可靠的全局偏好排序，稳定匹配算法是高效、优雅的选择。如果只能获得二部连接关系，那么即便理论复杂度更高，最大匹配算法也是唯一可行的工具。","很好！你准确地抓住了匹配问题的本质。 现在让我们深入一步。你提到了""最优且稳定""，这实际上涉及两个不同的目标。在二部图匹配中，我们通常先考虑**最大匹配**（尽可能多的配对），然后考虑**稳定性**。 让我用知识库中的Gale-Shapley算法来说明稳定性的含义：如果男士A配了女士a，男士B配了女士b，但A更喜欢b且b也更喜欢A，那么(A,b)就会形成一个""障碍对""，破坏匹配的稳定性。 现在思考一个关键问题：在追求""最大匹配数量""和""匹配稳定性""这两个目标时，它们之间会产生什么样的冲突？ 非常精彩的分析！你完美地概括了这两种匹配目标的本质差异和冲突根源。 现在让我们聚焦到具体的算法实现层面。对于二部图匹配，我们有不同的算法来解决不同的目标： **最大匹配**：通常使用匈牙利算法或基于增广路径的算法（如Ford-Fulkerson），时间复杂度可达O(V3)。 **稳定匹配**：使用Gale-Shapley算法，时间复杂度O(n2)，但需要完整的偏好列表。 这里出现一个有趣的技术问题：为什么稳定匹配算法（Gale-Shapley）的时间复杂度反而比最大匹配算法更优，但在实际应用中却有更严格的前提条件？",TRUE,,,,,,,,,,,,,,,,,,,,
69,P027,"线性规划的目标函数是线性函数，其几何意义在二维空间中是一组斜率固定的平行直线，在高维空间中是一组平行的超平面，而可行域是由线性约束条件围成的凸多面体（二维时为凸多边形），由于线性函数的单调性，当我们沿着目标函数优化的方向移动这组平行直线或超平面时，最先接触到的可行域上的点就是最优解，而凸多面体的几何特性决定了其边界上的极值点只能出现在顶点（角点）上，因为可行域内部的任意一点都可以表示为其顶点的凸组合，对于线性目标函数来说，该点的函数值也会是对应顶点函数值的凸组合，因此目标函数的最大值或最小值必然会在某个顶点处取得，而不会在内部或边界的中间位置，这就是线性规划最优解出现在可行域角点或顶点上的根本原因。







线性规划问题的可行域一定是凸多面体吗？
除了线性规划，还有哪些优化问题的最优解也在可行域的顶点上？
如何快速找到线性规划问题的可行域顶点？","太棒了！你对线性规划无穷多最优解的实际应用价值理解得非常透彻和深入！ 你精准地抓住了核心要点：**从""刚性指令""到""灵活决策区间""**。这种理解已经超越了纯数学层面，真正体现了运筹学理论与实际管理决策的结合。 特别是你提到的几个应用场景都很实用： - 原材料供应风险管理 - 设备维护调度配合 - 劳动力弹性安排 - 供应商谈判策略 你已经完全掌握了线性规划的这个重要理论！从基础的几何直觉（凸组合性质），到算法判定方法（检验数+进基条件），再到实际应用价值（决策灵活性），整个知识体系你都理解得很扎实。 这种""数学最优性+实际适应性""的思维方式，正是现代管理科学所强调的。线性规划不只是求一个数字答案，更重要的是为复杂决策提供科学的分析框架和灵活的选择空间。 你对线性规划基本理论的掌握已经很全面了！ 我看到你想了解线性规划的基本理论。这是运筹学中非常重要的内容。 线性规划其实就是在一定限制条件下，寻找最优方案的数学方法。比如一家工厂要安排生产计划，既要考虑原材料限制，又要考虑设备能力，还要让利润最大化。 让我先了解一下你的基础：你能想象一下，为什么线性规划问题的最优解总是出现在可行域的""角点""或""顶点""上，而不会在内部或边界的中间位置呢？",TRUE,,,,,,,,,,,,,,,,,,,,
70,P074,一个最经典的应用是在线性回归模型中优化模型参数。  场景设定：我们的目标是找到一个线性函数 y = w*x + b，使其能最好地拟合一组给定的房屋面积(x)和房价(y)的数据。  目标函数：我们定义“最好”的标准是让所有数据点的预测值与真实值之间的差距（误差）的平方和最小。这个平方和就是损失函数（例如均方误差，MSE）。  梯度下降的作用：  模型的参数是权重 w 和偏置 b。开始时，我们随机给 w 和 b 赋值。  梯度下降算法会开始工作：它计算损失函数对于 w 和 b 的梯度。这个梯度告诉我们，为了最快地增大误差，w 和 b 应该朝哪个方向变化。  因为我们要最小化误差，所以算法会让参数朝着梯度的反方向移动。通过公式 w_new = w_old - 学习率 * 梯度_w 和 b_new = b_old - 学习率 * 梯度_b 来更新参数。  最终结果：经过多次迭代后，w 和 b 会收敛到一组使总误差最小化的值。这时，我们就得到了一个拟合效果最优的线性回归模型，可以用来进行新房价的预测。  简而言之，在这个任务中，梯度下降扮演了一个“自动调参器”的角色，它通过不断微调 w 和 b，最终帮我们找到了那条最能代表数据规律的“最佳拟合直线”。,不错，你对梯度下降算法的核心定义掌握得很好！它确实是通过迭代的方式来优化目标函数，尤其是在机器学习中应用广泛。 接下来，我们进入理解层的问题。用你自己的话解释一下梯度下降算法是如何工作的。你可以重点谈谈它的过程和步骤。 非常好！你详细地描述了梯度下降算法的工作过程，特别是初始化、迭代循环和收敛评估的步骤都很到位。你的比喻也很形象，使得过程更容易理解。 接下来，让我们进入应用层的问题。你能想象一下梯度下降算法在实际场景中如何应用吗？比如说在某个具体的机器学习任务中，它是如何帮助优化模型的？,TRUE,,,,,,,,,,,,,,,,,,,,
