parameter,change,value,mean_abs_reliability_change,max_abs_reliability_change,mean_abs_adjusted_contribution_change,status_flip_count,status_flip_record_ids,ranking_change_count,baseline_status_counts,perturbed_status_counts
lambda_prompt,-0.2,0.4,0.017142857142857133,0.07499999999999996,0.06107142857142854,0,,NOT_APPLICABLE,"{""NO_EFFECTIVE_EVIDENCE"": 54, ""LOW_SUPPORT"": 16}","{""NO_EFFECTIVE_EVIDENCE"": 54, ""LOW_SUPPORT"": 16}"
lambda_prompt,-0.1,0.45,0.008571428571428579,0.03750000000000003,0.0305357142857143,0,,NOT_APPLICABLE,"{""NO_EFFECTIVE_EVIDENCE"": 54, ""LOW_SUPPORT"": 16}","{""NO_EFFECTIVE_EVIDENCE"": 54, ""LOW_SUPPORT"": 16}"
lambda_prompt,0.0,0.5,0.0,0.0,0.0,0,,NOT_APPLICABLE,"{""NO_EFFECTIVE_EVIDENCE"": 54, ""LOW_SUPPORT"": 16}","{""NO_EFFECTIVE_EVIDENCE"": 54, ""LOW_SUPPORT"": 16}"
lambda_prompt,0.1,0.55,0.008571428571428579,0.03750000000000003,0.03053571428571431,0,,NOT_APPLICABLE,"{""NO_EFFECTIVE_EVIDENCE"": 54, ""LOW_SUPPORT"": 16}","{""NO_EFFECTIVE_EVIDENCE"": 54, ""LOW_SUPPORT"": 16}"
lambda_prompt,0.2,0.6,0.017142857142857133,0.07499999999999996,0.06107142857142854,0,,NOT_APPLICABLE,"{""NO_EFFECTIVE_EVIDENCE"": 54, ""LOW_SUPPORT"": 16}","{""NO_EFFECTIVE_EVIDENCE"": 54, ""LOW_SUPPORT"": 16}"
lambda_context,-0.2,0.4,0.0,0.0,0.0,0,,NOT_APPLICABLE,"{""NO_EFFECTIVE_EVIDENCE"": 54, ""LOW_SUPPORT"": 16}","{""NO_EFFECTIVE_EVIDENCE"": 54, ""LOW_SUPPORT"": 16}"
lambda_context,-0.1,0.45,0.0,0.0,0.0,0,,NOT_APPLICABLE,"{""NO_EFFECTIVE_EVIDENCE"": 54, ""LOW_SUPPORT"": 16}","{""NO_EFFECTIVE_EVIDENCE"": 54, ""LOW_SUPPORT"": 16}"
lambda_context,0.0,0.5,0.0,0.0,0.0,0,,NOT_APPLICABLE,"{""NO_EFFECTIVE_EVIDENCE"": 54, ""LOW_SUPPORT"": 16}","{""NO_EFFECTIVE_EVIDENCE"": 54, ""LOW_SUPPORT"": 16}"
lambda_context,0.1,0.55,0.0,0.0,0.0,0,,NOT_APPLICABLE,"{""NO_EFFECTIVE_EVIDENCE"": 54, ""LOW_SUPPORT"": 16}","{""NO_EFFECTIVE_EVIDENCE"": 54, ""LOW_SUPPORT"": 16}"
lambda_context,0.2,0.6,0.0,0.0,0.0,0,,NOT_APPLICABLE,"{""NO_EFFECTIVE_EVIDENCE"": 54, ""LOW_SUPPORT"": 16}","{""NO_EFFECTIVE_EVIDENCE"": 54, ""LOW_SUPPORT"": 16}"
r_medium,-0.2,0.6000000000000001,0.017142857142857133,0.07499999999999996,0.06107142857142854,0,,NOT_APPLICABLE,"{""NO_EFFECTIVE_EVIDENCE"": 54, ""LOW_SUPPORT"": 16}","{""NO_EFFECTIVE_EVIDENCE"": 54, ""LOW_SUPPORT"": 16}"
r_medium,-0.1,0.675,0.008571428571428567,0.03749999999999998,0.03053571428571425,0,,NOT_APPLICABLE,"{""NO_EFFECTIVE_EVIDENCE"": 54, ""LOW_SUPPORT"": 16}","{""NO_EFFECTIVE_EVIDENCE"": 54, ""LOW_SUPPORT"": 16}"
r_medium,0.0,0.75,0.0,0.0,0.0,0,,NOT_APPLICABLE,"{""NO_EFFECTIVE_EVIDENCE"": 54, ""LOW_SUPPORT"": 16}","{""NO_EFFECTIVE_EVIDENCE"": 54, ""LOW_SUPPORT"": 16}"
r_medium,0.1,0.8250000000000001,0.008571428571428579,0.03750000000000003,0.0305357142857143,0,,NOT_APPLICABLE,"{""NO_EFFECTIVE_EVIDENCE"": 54, ""LOW_SUPPORT"": 16}","{""NO_EFFECTIVE_EVIDENCE"": 54, ""LOW_SUPPORT"": 16}"
r_medium,0.2,0.8999999999999999,0.017142857142857133,0.07499999999999996,0.06107142857142854,0,,NOT_APPLICABLE,"{""NO_EFFECTIVE_EVIDENCE"": 54, ""LOW_SUPPORT"": 16}","{""NO_EFFECTIVE_EVIDENCE"": 54, ""LOW_SUPPORT"": 16}"
