candidate,fit_main_metric,robustness,sensitivity,ablation_behavior,missing_evidence,counterexample_safety,parameter_stability,external_transfer,interpretability,complexity,evidence_status,provenance,notes
Current Evidence Reliability Model,PENDING,PASS_WITH_LIMITATION,PASS_WITH_LIMITATION,PASS_WITH_LIMITATION,PASS_WITH_LIMITATION,PASS_WITH_LIMITATION,PENDING,PENDING,PASS_WITH_LIMITATION,PASS_WITH_LIMITATION,DEVELOPMENT_ONLY,reports/development; reports/verification; experiments/model_tournament/formulations,Development evidence only; formal HUMAN_R1/R2 and outcome fit unavailable
Raw-only Baseline,PENDING,PASS_WITH_LIMITATION,PASS,PASS,PASS_WITH_LIMITATION,PASS_WITH_LIMITATION,PENDING,PENDING,PASS,PASS,DEVELOPMENT_ONLY,reports/development/ablation_results.csv,Reference baseline; no reliability correction
Simple Linear Baseline,PENDING,PENDING,PENDING,PENDING,PENDING,PENDING,PENDING,PENDING,PENDING,PENDING,PENDING,None,No result artifact received
Rule-based Baseline (gated),PENDING,PASS_WITH_LIMITATION,PASS_WITH_LIMITATION,PASS_WITH_LIMITATION,PASS_WITH_LIMITATION,PASS,PENDING,PENDING,PASS_WITH_LIMITATION,PASS_WITH_LIMITATION,DEVELOPMENT_ONLY,experiments/model_tournament/formulations/formulation_results.json,C_gated abstains on low R; zero defined outputs on current 16 observed records at threshold 0.5
Alternative A multiplicative,PENDING,PASS_WITH_LIMITATION,PASS_WITH_LIMITATION,PASS_WITH_LIMITATION,PASS_WITH_LIMITATION,PASS_WITH_LIMITATION,PENDING,PENDING,PASS_WITH_LIMITATION,PASS_WITH_LIMITATION,DEVELOPMENT_ONLY,experiments/model_tournament/formulations/formulation_results.json,Defined outputs and rank stability 1.0; does not abstain on observed low-R record
Alternative B additive (lambda=0.5),PENDING,PASS_WITH_LIMITATION,PASS_WITH_LIMITATION,PASS_WITH_LIMITATION,PASS_WITH_LIMITATION,PASS_WITH_LIMITATION,PENDING,PENDING,PASS_WITH_LIMITATION,PASS_WITH_LIMITATION,DEVELOPMENT_ONLY,experiments/model_tournament/formulations/formulation_results.json,Lowest RMSE versus raw among tested alternatives (0.3125) but attenuation is weak
Alternative B additive (lambda=1.0),PENDING,PASS_WITH_LIMITATION,PASS_WITH_LIMITATION,PASS_WITH_LIMITATION,PASS_WITH_LIMITATION,PASS_WITH_LIMITATION,PENDING,PENDING,PASS_WITH_LIMITATION,PASS_WITH_LIMITATION,DEVELOPMENT_ONLY,experiments/model_tournament/formulations/formulation_results.json,More attenuation than lambda=0.5; still no abstention
Alternative D nonlinear (gamma=0.5/1/2),PENDING,PASS_WITH_LIMITATION,PASS_WITH_LIMITATION,PASS_WITH_LIMITATION,PASS_WITH_LIMITATION,PASS_WITH_LIMITATION,PENDING,PENDING,PASS_WITH_LIMITATION,PASS_WITH_LIMITATION,DEVELOPMENT_ONLY,experiments/model_tournament/formulations/formulation_results.json,Parameter family shows monotone attenuation but gamma selection is not outcome-validated
ML Challengers,PENDING,PENDING,PENDING,PENDING,PENDING,PENDING,PENDING,PENDING,PENDING,PENDING,PENDING,None,No model, split, or reproducible result artifact received
