model,split,repeat,n,positive_rate,accuracy,balanced_accuracy,f1,roc_auc,brier,log_loss
logistic_regression,repeated_stratified_cv,1,18,0.2222222222222222,0.8333333333333334,0.8928571428571428,0.7272727272727273,0.9464285714285714,0.1157143309592818,0.3536235677920061
shallow_decision_tree,repeated_stratified_cv,1,18,0.2222222222222222,0.8888888888888888,0.9285714285714286,0.8,0.9285714285714286,0.10128495842781558,0.34912252956247664
random_forest,repeated_stratified_cv,1,18,0.2222222222222222,0.9444444444444444,0.9642857142857143,0.8888888888888888,0.9821428571428571,0.10767533482684216,0.3849840696223034
logistic_regression,repeated_stratified_cv,2,18,0.2222222222222222,0.9444444444444444,0.875,0.8571428571428571,1.0,0.05519927411838106,0.2078800141447768
shallow_decision_tree,repeated_stratified_cv,2,18,0.2222222222222222,0.8888888888888888,0.75,0.6666666666666666,0.9821428571428572,0.05308284981572967,0.1419381384711782
random_forest,repeated_stratified_cv,2,18,0.2222222222222222,0.9444444444444444,0.875,0.8571428571428571,0.9285714285714286,0.10908667589913365,0.37912052213301073
logistic_regression,repeated_stratified_cv,3,17,0.23529411764705882,0.8823529411764706,0.9230769230769231,0.8,0.9230769230769231,0.10633505880604643,0.4490228088686084
shallow_decision_tree,repeated_stratified_cv,3,17,0.23529411764705882,0.9411764705882353,0.9615384615384616,0.8888888888888888,0.9615384615384616,0.05216942148760331,0.1745910361238805
random_forest,repeated_stratified_cv,3,17,0.23529411764705882,0.9411764705882353,0.9615384615384616,0.8888888888888888,0.9230769230769231,0.12674100065493646,0.43059684749397203
logistic_regression,repeated_stratified_cv,4,17,0.23529411764705882,0.9411764705882353,0.875,0.8571428571428571,1.0,0.05816658221039326,0.22733458454316613
shallow_decision_tree,repeated_stratified_cv,4,17,0.23529411764705882,0.8823529411764706,0.8365384615384616,0.75,0.8365384615384616,0.11268412178283971,2.309093557130502
random_forest,repeated_stratified_cv,4,17,0.23529411764705882,0.9411764705882353,0.875,0.8571428571428571,0.8653846153846154,0.11982518647906107,0.4048878702897061
logistic_regression,repeated_stratified_cv,5,18,0.2222222222222222,0.9444444444444444,0.9642857142857143,0.8888888888888888,1.0,0.04291833687023048,0.19588322822051218
shallow_decision_tree,repeated_stratified_cv,5,18,0.2222222222222222,0.9444444444444444,0.9642857142857143,0.8888888888888888,0.9642857142857143,0.049155699777657595,0.16399280407466454
random_forest,repeated_stratified_cv,5,18,0.2222222222222222,1.0,1.0,1.0,1.0,0.09824524895916893,0.3675779451223983
logistic_regression,repeated_stratified_cv,6,18,0.2222222222222222,0.8333333333333334,0.7142857142857143,0.5714285714285714,0.9285714285714286,0.13071120635831457,0.4709142261807815
shallow_decision_tree,repeated_stratified_cv,6,18,0.2222222222222222,0.7777777777777778,0.5892857142857143,0.3333333333333333,0.5892857142857143,0.2222222222222222,8.009700753137146
random_forest,repeated_stratified_cv,6,18,0.2222222222222222,0.7222222222222222,0.5535714285714286,0.2857142857142857,0.625,0.1868757646481268,0.5553077331843305
logistic_regression,repeated_stratified_cv,7,17,0.23529411764705882,0.8235294117647058,0.7980769230769231,0.6666666666666666,0.923076923076923,0.0949779401998051,0.29662746925189276
shallow_decision_tree,repeated_stratified_cv,7,17,0.23529411764705882,0.9411764705882353,0.9615384615384616,0.8888888888888888,0.9615384615384616,0.05216942148760332,0.17459103612388058
random_forest,repeated_stratified_cv,7,17,0.23529411764705882,0.9411764705882353,0.9615384615384616,0.8888888888888888,0.9807692307692308,0.1305457381411186,0.42905619796622957
logistic_regression,repeated_stratified_cv,8,17,0.23529411764705882,0.7058823529411765,0.7211538461538461,0.5454545454545454,0.9038461538461539,0.1503818652493872,0.42769540230772046
shallow_decision_tree,repeated_stratified_cv,8,17,0.23529411764705882,1.0,1.0,1.0,1.0,0.001859114015976757,0.021903628956708842
random_forest,repeated_stratified_cv,8,17,0.23529411764705882,1.0,1.0,1.0,1.0,0.09333440700115771,0.3549757577841759
logistic_regression,repeated_stratified_cv,9,18,0.2222222222222222,0.8888888888888888,0.75,0.6666666666666666,1.0,0.08091557685683026,0.26869647971914035
shallow_decision_tree,repeated_stratified_cv,9,18,0.2222222222222222,0.8888888888888888,0.75,0.6666666666666666,0.75,0.11136306374401611,4.0102715059207314
random_forest,repeated_stratified_cv,9,18,0.2222222222222222,0.8333333333333334,0.7142857142857143,0.5714285714285714,0.6964285714285714,0.16640120472698988,0.5104645231656166
logistic_regression,repeated_stratified_cv,10,18,0.2222222222222222,0.8333333333333334,0.8035714285714286,0.6666666666666666,0.9642857142857143,0.08398195561520269,0.2774242876306417
shallow_decision_tree,repeated_stratified_cv,10,18,0.2222222222222222,0.8888888888888888,0.9285714285714286,0.8,0.9285714285714286,0.1012849584278156,0.3491225295624767
random_forest,repeated_stratified_cv,10,18,0.2222222222222222,0.9444444444444444,0.9642857142857143,0.8888888888888888,1.0,0.10129215446429099,0.36552420170194894
logistic_regression,repeated_stratified_cv,11,17,0.23529411764705882,0.9411764705882353,0.9615384615384616,0.8888888888888888,0.9807692307692308,0.08035540162184579,0.29330755782933077
shallow_decision_tree,repeated_stratified_cv,11,17,0.23529411764705882,1.0,1.0,1.0,1.0,0.0018591140159767525,0.02190362895670881
random_forest,repeated_stratified_cv,11,17,0.23529411764705882,1.0,1.0,1.0,1.0,0.09289126589599618,0.3565505289797279
logistic_regression,repeated_stratified_cv,12,17,0.23529411764705882,0.8235294117647058,0.8846153846153846,0.7272727272727273,0.9230769230769231,0.12142108780268634,0.38520534852235044
shallow_decision_tree,repeated_stratified_cv,12,17,0.23529411764705882,0.8823529411764706,0.9230769230769231,0.8,0.9230769230769231,0.10746667515031975,0.3721540038955448
random_forest,repeated_stratified_cv,12,17,0.23529411764705882,0.8823529411764706,0.9230769230769231,0.8,0.8653846153846154,0.1412388829119593,0.45799608933840874
logistic_regression,repeated_stratified_cv,13,18,0.2222222222222222,0.9444444444444444,0.9642857142857143,0.8888888888888888,0.9642857142857143,0.06934934552159672,0.24986096726291424
shallow_decision_tree,repeated_stratified_cv,13,18,0.2222222222222222,0.9444444444444444,0.9642857142857143,0.8888888888888888,0.9642857142857143,0.049155699777657595,0.16399280407466454
random_forest,repeated_stratified_cv,13,18,0.2222222222222222,1.0,1.0,1.0,1.0,0.10459607717090916,0.3839610152605093
logistic_regression,repeated_stratified_cv,14,18,0.2222222222222222,0.8888888888888888,0.9285714285714286,0.8,0.9642857142857143,0.06543389298201108,0.23365120611727097
shallow_decision_tree,repeated_stratified_cv,14,18,0.2222222222222222,1.0,1.0,1.0,1.0,0.0018365472910927421,0.021180039956516787
random_forest,repeated_stratified_cv,14,18,0.2222222222222222,1.0,1.0,1.0,1.0,0.10583536989560663,0.3745388543500468
logistic_regression,repeated_stratified_cv,15,17,0.23529411764705882,0.8235294117647058,0.7980769230769231,0.6666666666666666,0.8653846153846154,0.15042608438096564,0.5996592620539536
shallow_decision_tree,repeated_stratified_cv,15,17,0.23529411764705882,0.9411764705882353,0.9615384615384616,0.8888888888888888,0.9615384615384616,0.052169421487603305,0.1745910361238805
random_forest,repeated_stratified_cv,15,17,0.23529411764705882,0.8823529411764706,0.8365384615384616,0.75,0.8846153846153846,0.1353663067005423,0.44078752108048214
logistic_regression,repeated_stratified_cv,16,17,0.23529411764705882,0.7647058823529411,0.7596153846153846,0.6,0.9038461538461539,0.137814398225594,0.4210657935486434
shallow_decision_tree,repeated_stratified_cv,16,17,0.23529411764705882,0.8235294117647058,0.7980769230769231,0.6666666666666666,0.7980769230769231,0.17103508069894627,2.5641932517894754
random_forest,repeated_stratified_cv,16,17,0.23529411764705882,0.8823529411764706,0.8365384615384616,0.75,0.8461538461538461,0.15831955379376492,0.49808531375194165
logistic_regression,repeated_stratified_cv,17,18,0.2222222222222222,0.8888888888888888,0.75,0.6666666666666666,0.9464285714285715,0.07775208030799871,0.26660358699719205
shallow_decision_tree,repeated_stratified_cv,17,18,0.2222222222222222,0.8888888888888888,0.75,0.6666666666666666,0.75,0.11136306374401611,4.0102715059207314
random_forest,repeated_stratified_cv,17,18,0.2222222222222222,0.8888888888888888,0.75,0.6666666666666666,0.8035714285714286,0.12880370434017324,0.4231231624359098
logistic_regression,repeated_stratified_cv,18,18,0.2222222222222222,0.8888888888888888,0.9285714285714286,0.8,0.9821428571428572,0.1064724941857211,0.3449559080363826
shallow_decision_tree,repeated_stratified_cv,18,18,0.2222222222222222,0.8888888888888888,0.9285714285714286,0.8,0.9285714285714286,0.10128495842781558,0.34912252956247664
random_forest,repeated_stratified_cv,18,18,0.2222222222222222,0.8888888888888888,0.9285714285714286,0.8,1.0,0.125158358112949,0.4258985223850483
logistic_regression,repeated_stratified_cv,19,17,0.23529411764705882,1.0,1.0,1.0,1.0,0.04226503284235254,0.1816264594368238
shallow_decision_tree,repeated_stratified_cv,19,17,0.23529411764705882,1.0,1.0,1.0,1.0,0.001859114015976757,0.021903628956708842
random_forest,repeated_stratified_cv,19,17,0.23529411764705882,1.0,1.0,1.0,1.0,0.10059294933354984,0.35909720772962866
logistic_regression,repeated_stratified_cv,20,17,0.23529411764705882,0.9411764705882353,0.9615384615384616,0.8888888888888888,0.9230769230769231,0.10950498329890994,0.45289128058042766
shallow_decision_tree,repeated_stratified_cv,20,17,0.23529411764705882,0.9411764705882353,0.9615384615384616,0.8888888888888888,0.9615384615384616,0.052169421487603305,0.1745910361238805
random_forest,repeated_stratified_cv,20,17,0.23529411764705882,0.9411764705882353,0.9615384615384616,0.8888888888888888,0.9230769230769231,0.1268363696405913,0.4294901337769965
logistic_regression,repeated_stratified_cv,21,18,0.2222222222222222,0.9444444444444444,0.9642857142857143,0.8888888888888888,0.9642857142857143,0.09386155839861621,0.3164493889054739
shallow_decision_tree,repeated_stratified_cv,21,18,0.2222222222222222,0.9444444444444444,0.9642857142857143,0.8888888888888888,0.9642857142857143,0.04915569977765759,0.16399280407466443
random_forest,repeated_stratified_cv,21,18,0.2222222222222222,0.9444444444444444,0.9642857142857143,0.8888888888888888,0.9642857142857143,0.12996924000491694,0.44024955810099287
logistic_regression,repeated_stratified_cv,22,18,0.2222222222222222,0.8888888888888888,0.9285714285714286,0.8,0.9107142857142858,0.10116701053614803,0.34463173589534807
shallow_decision_tree,repeated_stratified_cv,22,18,0.2222222222222222,0.8333333333333334,0.8928571428571428,0.7272727272727273,0.8928571428571428,0.1587679291427061,0.6244159250263568
random_forest,repeated_stratified_cv,22,18,0.2222222222222222,0.8888888888888888,0.9285714285714286,0.8,0.9642857142857143,0.14852442509048558,0.47150236936375634
logistic_regression,repeated_stratified_cv,23,17,0.23529411764705882,0.8823529411764706,0.75,0.6666666666666666,0.9807692307692308,0.08394368104638353,0.28032205248395065
shallow_decision_tree,repeated_stratified_cv,23,17,0.23529411764705882,0.8823529411764706,0.75,0.6666666666666666,0.75,0.11790156841535966,4.24603311036546
random_forest,repeated_stratified_cv,23,17,0.23529411764705882,0.8823529411764706,0.75,0.6666666666666666,0.8076923076923077,0.15018544254637362,0.46608425642037504
logistic_regression,repeated_stratified_cv,24,17,0.23529411764705882,0.9411764705882353,0.9615384615384616,0.8888888888888888,1.0,0.07305040703137407,0.27098914413591807
shallow_decision_tree,repeated_stratified_cv,24,17,0.23529411764705882,1.0,1.0,1.0,1.0,0.0018591140159767525,0.02190362895670881
random_forest,repeated_stratified_cv,24,17,0.23529411764705882,0.9411764705882353,0.875,0.8571428571428571,1.0,0.10028039300125616,0.3716365446908909
logistic_regression,repeated_stratified_cv,25,18,0.2222222222222222,0.7777777777777778,0.7678571428571428,0.6,0.875,0.12703357322600478,0.3856688745152833
shallow_decision_tree,repeated_stratified_cv,25,18,0.2222222222222222,1.0,1.0,1.0,1.0,0.001836547291092747,0.021180039956516815
random_forest,repeated_stratified_cv,25,18,0.2222222222222222,0.9444444444444444,0.875,0.8571428571428571,0.9107142857142856,0.1586065749687655,0.49740949393924727
logistic_regression,repeated_stratified_cv,26,18,0.2222222222222222,0.8888888888888888,0.8392857142857143,0.75,0.9464285714285715,0.1050006178463799,0.3503841283728033
shallow_decision_tree,repeated_stratified_cv,26,18,0.2222222222222222,0.8888888888888888,0.9285714285714286,0.8,0.9285714285714286,0.1012849584278156,0.34912252956247664
random_forest,repeated_stratified_cv,26,18,0.2222222222222222,0.8888888888888888,0.8392857142857143,0.75,0.9285714285714286,0.12089391294225707,0.4137924060681654
logistic_regression,repeated_stratified_cv,27,17,0.23529411764705882,1.0,1.0,1.0,1.0,0.033850598619922796,0.15937259654196348
shallow_decision_tree,repeated_stratified_cv,27,17,0.23529411764705882,0.9411764705882353,0.9615384615384616,0.8888888888888888,0.9615384615384616,0.052169421487603305,0.1745910361238805
random_forest,repeated_stratified_cv,27,17,0.23529411764705882,1.0,1.0,1.0,1.0,0.1136340530860042,0.39407633390155283
logistic_regression,repeated_stratified_cv,28,17,0.23529411764705882,0.8823529411764706,0.8365384615384616,0.75,0.9038461538461539,0.11187148345935788,0.41048040767984023
shallow_decision_tree,repeated_stratified_cv,28,17,0.23529411764705882,0.9411764705882353,0.9615384615384616,0.8888888888888888,0.9615384615384616,0.05216942148760331,0.1745910361238805
random_forest,repeated_stratified_cv,28,17,0.23529411764705882,0.8235294117647058,0.7980769230769231,0.6666666666666666,0.8846153846153846,0.14212789386856003,0.45732293064234053
logistic_regression,repeated_stratified_cv,29,18,0.2222222222222222,0.9444444444444444,0.9642857142857143,0.8888888888888888,1.0,0.056040103177859756,0.21414883075092478
shallow_decision_tree,repeated_stratified_cv,29,18,0.2222222222222222,0.9444444444444444,0.9642857142857143,0.8888888888888888,0.9642857142857143,0.04915569977765759,0.16399280407466446
random_forest,repeated_stratified_cv,29,18,0.2222222222222222,0.9444444444444444,0.9642857142857143,0.8888888888888888,0.9821428571428572,0.1199093113009557,0.4085952606931732
logistic_regression,repeated_stratified_cv,30,18,0.2222222222222222,0.8333333333333334,0.8928571428571428,0.7272727272727273,0.9821428571428572,0.10631260466505037,0.3317025881082973
shallow_decision_tree,repeated_stratified_cv,30,18,0.2222222222222222,0.9444444444444444,0.9642857142857143,0.8888888888888888,0.9642857142857143,0.04915569977765759,0.1639928040746645
random_forest,repeated_stratified_cv,30,18,0.2222222222222222,0.9444444444444444,0.9642857142857143,0.8888888888888888,1.0,0.0991506961881404,0.3645900606189146
logistic_regression,repeated_stratified_cv,31,17,0.23529411764705882,0.8823529411764706,0.8365384615384616,0.75,0.9807692307692308,0.05956192962311534,0.23235162136188992
shallow_decision_tree,repeated_stratified_cv,31,17,0.23529411764705882,0.9411764705882353,0.9615384615384616,0.8888888888888888,0.9615384615384616,0.05216942148760332,0.17459103612388055
random_forest,repeated_stratified_cv,31,17,0.23529411764705882,0.9411764705882353,0.875,0.8571428571428571,0.9230769230769231,0.11742394736216125,0.4038411928652197
logistic_regression,repeated_stratified_cv,32,17,0.23529411764705882,0.8235294117647058,0.7115384615384616,0.5714285714285714,0.9038461538461539,0.12183114706958977,0.4479418566862609
shallow_decision_tree,repeated_stratified_cv,32,17,0.23529411764705882,0.8235294117647058,0.7115384615384616,0.5714285714285714,0.826923076923077,0.1400276417668124,4.296856679175995
random_forest,repeated_stratified_cv,32,17,0.23529411764705882,0.7647058823529411,0.6730769230769231,0.5,0.8076923076923077,0.15720602742653964,0.48184758992691623
logistic_regression,repeated_stratified_cv,33,18,0.2222222222222222,1.0,1.0,1.0,1.0,0.04266992134373004,0.19640867747800184
shallow_decision_tree,repeated_stratified_cv,33,18,0.2222222222222222,0.8888888888888888,0.9285714285714286,0.8,0.9285714285714286,0.09722973379003665,0.31191435002052287
random_forest,repeated_stratified_cv,33,18,0.2222222222222222,1.0,1.0,1.0,1.0,0.11179500186747747,0.39315652342416296
logistic_regression,repeated_stratified_cv,34,18,0.2222222222222222,0.8888888888888888,0.9285714285714286,0.8,1.0,0.06860412857459078,0.24678990978011114
shallow_decision_tree,repeated_stratified_cv,34,18,0.2222222222222222,1.0,1.0,1.0,1.0,0.0018365472910927421,0.021180039956516787
random_forest,repeated_stratified_cv,34,18,0.2222222222222222,1.0,1.0,1.0,1.0,0.09535947902367457,0.352518586254589
logistic_regression,repeated_stratified_cv,35,17,0.23529411764705882,0.8823529411764706,0.8365384615384616,0.75,0.9423076923076923,0.10259616045767483,0.3352233092138577
shallow_decision_tree,repeated_stratified_cv,35,17,0.23529411764705882,0.8823529411764706,0.9230769230769231,0.8,0.9230769230769231,0.10746667515031975,0.37215400389554476
random_forest,repeated_stratified_cv,35,17,0.23529411764705882,0.8823529411764706,0.8365384615384616,0.75,0.8461538461538461,0.15257689626111057,0.48125698504880887
logistic_regression,repeated_stratified_cv,36,17,0.23529411764705882,0.8235294117647058,0.7980769230769231,0.6666666666666666,0.9038461538461539,0.11609339720425789,0.41928103934348604
shallow_decision_tree,repeated_stratified_cv,36,17,0.23529411764705882,0.7647058823529411,0.5865384615384616,0.3333333333333333,0.9326923076923077,0.16574227645769776,2.3861179214258357
random_forest,repeated_stratified_cv,36,17,0.23529411764705882,0.7058823529411765,0.5480769230769231,0.2857142857142857,0.7692307692307693,0.17496132325647784,0.5245332795108502
logistic_regression,repeated_stratified_cv,37,18,0.2222222222222222,0.7222222222222222,0.8214285714285714,0.6153846153846154,0.875,0.16716200417866042,0.5207084193182475
shallow_decision_tree,repeated_stratified_cv,37,18,0.2222222222222222,0.8888888888888888,0.9285714285714286,0.8,0.9285714285714286,0.10128495842781558,0.34912252956247664
random_forest,repeated_stratified_cv,37,18,0.2222222222222222,0.8888888888888888,0.9285714285714286,0.8,0.9285714285714285,0.13697564089098513,0.44998754385995177
logistic_regression,repeated_stratified_cv,38,18,0.2222222222222222,0.8888888888888888,0.9285714285714286,0.8,1.0,0.06944703741801739,0.25814100744589724
shallow_decision_tree,repeated_stratified_cv,38,18,0.2222222222222222,1.0,1.0,1.0,1.0,0.001836547291092747,0.021180039956516815
random_forest,repeated_stratified_cv,38,18,0.2222222222222222,1.0,1.0,1.0,1.0,0.12094971253662361,0.41431668593337023
logistic_regression,repeated_stratified_cv,39,17,0.23529411764705882,1.0,1.0,1.0,1.0,0.028308062013814448,0.1543929417113384
shallow_decision_tree,repeated_stratified_cv,39,17,0.23529411764705882,0.9411764705882353,0.9615384615384616,0.8888888888888888,0.9615384615384616,0.052169421487603305,0.1745910361238805
random_forest,repeated_stratified_cv,39,17,0.23529411764705882,0.9411764705882353,0.9615384615384616,0.8888888888888888,1.0,0.1181770901226324,0.4050827352462698
logistic_regression,repeated_stratified_cv,40,17,0.23529411764705882,0.8823529411764706,0.75,0.6666666666666666,0.9230769230769231,0.0877064419458341,0.2921025110691911
shallow_decision_tree,repeated_stratified_cv,40,17,0.23529411764705882,0.8823529411764706,0.75,0.6666666666666666,0.75,0.11790156841535966,4.24603311036546
random_forest,repeated_stratified_cv,40,17,0.23529411764705882,0.8823529411764706,0.75,0.6666666666666666,0.7115384615384616,0.1438797419711162,0.45718533282652174
logistic_regression,repeated_stratified_cv,41,18,0.2222222222222222,0.7777777777777778,0.7678571428571428,0.6,0.9464285714285714,0.13285848774431416,0.39730935114714705
shallow_decision_tree,repeated_stratified_cv,41,18,0.2222222222222222,1.0,1.0,1.0,1.0,0.0018365472910927421,0.021180039956516787
random_forest,repeated_stratified_cv,41,18,0.2222222222222222,1.0,1.0,1.0,1.0,0.09647292841869866,0.3560808491334407
logistic_regression,repeated_stratified_cv,42,18,0.2222222222222222,0.8888888888888888,0.75,0.6666666666666666,0.9821428571428571,0.07753787897802698,0.2674384642785787
shallow_decision_tree,repeated_stratified_cv,42,18,0.2222222222222222,0.8888888888888888,0.75,0.6666666666666666,0.75,0.11136306374401611,4.0102715059207314
random_forest,repeated_stratified_cv,42,18,0.2222222222222222,0.8888888888888888,0.75,0.6666666666666666,0.8571428571428571,0.11925248801703453,0.3979188021272437
logistic_regression,repeated_stratified_cv,43,17,0.23529411764705882,0.8823529411764706,0.9230769230769231,0.8,0.9230769230769231,0.0953233662783242,0.35872163984016125
shallow_decision_tree,repeated_stratified_cv,43,17,0.23529411764705882,0.8823529411764706,0.9230769230769231,0.8,0.9230769230769231,0.10746667515031975,0.37215400389554476
random_forest,repeated_stratified_cv,43,17,0.23529411764705882,0.9411764705882353,0.9615384615384616,0.8888888888888888,0.9230769230769231,0.15523122024170719,0.4937174302570232
logistic_regression,repeated_stratified_cv,44,17,0.23529411764705882,0.8235294117647058,0.7980769230769231,0.6666666666666666,0.9230769230769231,0.10633539357597285,0.3411784792841048
shallow_decision_tree,repeated_stratified_cv,44,17,0.23529411764705882,0.9411764705882353,0.9615384615384616,0.8888888888888888,0.9615384615384616,0.05216942148760332,0.17459103612388055
random_forest,repeated_stratified_cv,44,17,0.23529411764705882,0.9411764705882353,0.9615384615384616,0.8888888888888888,0.9807692307692308,0.11119722554703032,0.39170083093526337
logistic_regression,repeated_stratified_cv,45,18,0.2222222222222222,0.8333333333333334,0.8928571428571428,0.7272727272727273,0.8928571428571429,0.13024457763894043,0.4999192326371839
shallow_decision_tree,repeated_stratified_cv,45,18,0.2222222222222222,0.9444444444444444,0.9642857142857143,0.8888888888888888,0.9642857142857143,0.04915569977765759,0.16399280407466446
random_forest,repeated_stratified_cv,45,18,0.2222222222222222,0.9444444444444444,0.9642857142857143,0.8888888888888888,0.9464285714285715,0.11678335584650094,0.39711532533263433
logistic_regression,repeated_stratified_cv,46,18,0.2222222222222222,1.0,1.0,1.0,1.0,0.038764025503998434,0.1999776420759632
shallow_decision_tree,repeated_stratified_cv,46,18,0.2222222222222222,0.9444444444444444,0.9642857142857143,0.8888888888888888,0.9642857142857143,0.04915569977765759,0.16399280407466443
random_forest,repeated_stratified_cv,46,18,0.2222222222222222,1.0,1.0,1.0,1.0,0.12743538858095407,0.4346358486906673
logistic_regression,repeated_stratified_cv,47,17,0.23529411764705882,0.8235294117647058,0.7980769230769231,0.6666666666666666,0.9423076923076923,0.09757838758803167,0.3015865680813478
shallow_decision_tree,repeated_stratified_cv,47,17,0.23529411764705882,0.8823529411764706,0.9230769230769231,0.8,0.9230769230769231,0.10746667515031977,0.37215400389554476
random_forest,repeated_stratified_cv,47,17,0.23529411764705882,0.8823529411764706,0.8365384615384616,0.75,0.9423076923076923,0.11379148000112636,0.3906796381759896
logistic_regression,repeated_stratified_cv,48,17,0.23529411764705882,0.8823529411764706,0.8365384615384616,0.75,0.9615384615384616,0.07074623222277897,0.25290766953169397
shallow_decision_tree,repeated_stratified_cv,48,17,0.23529411764705882,0.9411764705882353,0.875,0.8571428571428571,0.875,0.05964389888186679,2.132676828868177
random_forest,repeated_stratified_cv,48,17,0.23529411764705882,0.9411764705882353,0.875,0.8571428571428571,0.9230769230769231,0.10491531333274072,0.37381621548442473
logistic_regression,repeated_stratified_cv,49,18,0.2222222222222222,0.8888888888888888,0.8392857142857143,0.75,0.9821428571428572,0.06999806493175857,0.23371407925356247
shallow_decision_tree,repeated_stratified_cv,49,18,0.2222222222222222,1.0,1.0,1.0,1.0,0.0018365472910927421,0.021180039956516787
random_forest,repeated_stratified_cv,49,18,0.2222222222222222,0.8888888888888888,0.8392857142857143,0.75,0.9107142857142856,0.1200165092424995,0.396776738073667
logistic_regression,repeated_stratified_cv,50,18,0.2222222222222222,0.9444444444444444,0.875,0.8571428571428571,0.9821428571428572,0.0607887295862056,0.23279702282553683
shallow_decision_tree,repeated_stratified_cv,50,18,0.2222222222222222,0.9444444444444444,0.875,0.8571428571428571,0.875,0.05636680487951445,2.0144786318808907
random_forest,repeated_stratified_cv,50,18,0.2222222222222222,0.8333333333333334,0.7142857142857143,0.5714285714285714,0.875,0.1295504713843738,0.42392297032937104
logistic_regression,repeated_stratified_cv,51,17,0.23529411764705882,0.8823529411764706,0.9230769230769231,0.8,0.9423076923076924,0.13688007211288375,0.44589175806095954
shallow_decision_tree,repeated_stratified_cv,51,17,0.23529411764705882,0.8235294117647058,0.8846153846153846,0.7272727272727273,0.8846153846153846,0.16830065359477128,0.6652587683039035
random_forest,repeated_stratified_cv,51,17,0.23529411764705882,0.8235294117647058,0.8846153846153846,0.7272727272727273,0.9423076923076923,0.14416503223752522,0.4655045516377091
logistic_regression,repeated_stratified_cv,52,17,0.23529411764705882,0.8823529411764706,0.9230769230769231,0.8,1.0,0.0827091476390851,0.29488585185538524
shallow_decision_tree,repeated_stratified_cv,52,17,0.23529411764705882,0.9411764705882353,0.9615384615384616,0.8888888888888888,0.9615384615384616,0.05216942148760332,0.17459103612388055
random_forest,repeated_stratified_cv,52,17,0.23529411764705882,1.0,1.0,1.0,1.0,0.10600634340468017,0.38626792741268634
logistic_regression,repeated_stratified_cv,53,18,0.2222222222222222,1.0,1.0,1.0,1.0,0.04303275222259875,0.19481148892510589
shallow_decision_tree,repeated_stratified_cv,53,18,0.2222222222222222,1.0,1.0,1.0,1.0,0.0018365472910927421,0.021180039956516787
random_forest,repeated_stratified_cv,53,18,0.2222222222222222,1.0,1.0,1.0,1.0,0.0987091782206361,0.3671676767178594
logistic_regression,repeated_stratified_cv,54,18,0.2222222222222222,0.8888888888888888,0.9285714285714286,0.8,0.9285714285714286,0.09804241495073679,0.3694757960026576
shallow_decision_tree,repeated_stratified_cv,54,18,0.2222222222222222,0.9444444444444444,0.9642857142857143,0.8888888888888888,0.9642857142857143,0.04915569977765759,0.16399280407466443
random_forest,repeated_stratified_cv,54,18,0.2222222222222222,0.9444444444444444,0.9642857142857143,0.8888888888888888,0.9642857142857143,0.109020248429418,0.3864554542538945
logistic_regression,repeated_stratified_cv,55,17,0.23529411764705882,0.8823529411764706,0.9230769230769231,0.8,0.9615384615384616,0.07106600862457328,0.2475150249100062
shallow_decision_tree,repeated_stratified_cv,55,17,0.23529411764705882,1.0,1.0,1.0,1.0,0.001859114015976757,0.021903628956708842
random_forest,repeated_stratified_cv,55,17,0.23529411764705882,0.9411764705882353,0.875,0.8571428571428571,1.0,0.1044578476618311,0.37771601236890856
logistic_regression,repeated_stratified_cv,56,17,0.23529411764705882,0.8235294117647058,0.7115384615384616,0.5714285714285714,0.8846153846153846,0.1267842968020169,0.3997461409244789
shallow_decision_tree,repeated_stratified_cv,56,17,0.23529411764705882,0.8235294117647058,0.7115384615384616,0.5714285714285714,0.7115384615384616,0.17376950780312123,4.463127735275047
random_forest,repeated_stratified_cv,56,17,0.23529411764705882,0.8235294117647058,0.7115384615384616,0.5714285714285714,0.6730769230769231,0.19210078200164465,0.5680442317045811
logistic_regression,repeated_stratified_cv,57,18,0.2222222222222222,0.8888888888888888,0.75,0.6666666666666666,1.0,0.0716891454654523,0.2422591930848054
shallow_decision_tree,repeated_stratified_cv,57,18,0.2222222222222222,0.8333333333333334,0.625,0.4,0.625,0.16669971577764559,6.008647376663435
random_forest,repeated_stratified_cv,57,18,0.2222222222222222,0.7777777777777778,0.5892857142857143,0.3333333333333333,0.6964285714285714,0.17271847240776414,0.5198908554310697
logistic_regression,repeated_stratified_cv,58,18,0.2222222222222222,0.8333333333333334,0.8928571428571428,0.7272727272727273,0.9464285714285715,0.12867013752921036,0.416988880487106
shallow_decision_tree,repeated_stratified_cv,58,18,0.2222222222222222,0.8888888888888888,0.9285714285714286,0.8,0.9285714285714286,0.10128495842781557,0.3491225295624763
random_forest,repeated_stratified_cv,58,18,0.2222222222222222,0.8888888888888888,0.9285714285714286,0.8,0.9464285714285714,0.13513878307875085,0.44510247541357056
logistic_regression,repeated_stratified_cv,59,17,0.23529411764705882,0.8823529411764706,0.9230769230769231,0.8,1.0,0.07255616975636481,0.2582196047691732
shallow_decision_tree,repeated_stratified_cv,59,17,0.23529411764705882,1.0,1.0,1.0,1.0,0.001859114015976757,0.021903628956708842
random_forest,repeated_stratified_cv,59,17,0.23529411764705882,1.0,1.0,1.0,1.0,0.07642313809327372,0.31591707225713606
logistic_regression,repeated_stratified_cv,60,17,0.23529411764705882,0.8235294117647058,0.7980769230769231,0.6666666666666666,0.9230769230769231,0.09017825551533579,0.29904212616165515
shallow_decision_tree,repeated_stratified_cv,60,17,0.23529411764705882,0.9411764705882353,0.9615384615384616,0.8888888888888888,0.9615384615384616,0.05216942148760331,0.1745910361238805
random_forest,repeated_stratified_cv,60,17,0.23529411764705882,0.9411764705882353,0.9615384615384616,0.8888888888888888,0.9807692307692308,0.12553340301093432,0.4236904522419063
logistic_regression,repeated_stratified_cv,61,18,0.2222222222222222,0.9444444444444444,0.875,0.8571428571428571,1.0,0.04587344079245021,0.2070554301840764
shallow_decision_tree,repeated_stratified_cv,61,18,0.2222222222222222,0.9444444444444444,0.875,0.8571428571428571,0.875,0.05636680487951445,2.0144786318808903
random_forest,repeated_stratified_cv,61,18,0.2222222222222222,0.9444444444444444,0.875,0.8571428571428571,0.875,0.11952859474132652,0.39993376083725285
logistic_regression,repeated_stratified_cv,62,18,0.2222222222222222,0.7777777777777778,0.8571428571428572,0.6666666666666666,0.9464285714285714,0.11384554569648915,0.35046521545601295
shallow_decision_tree,repeated_stratified_cv,62,18,0.2222222222222222,0.8333333333333334,0.625,0.4,0.8928571428571428,0.09964604830422304,0.27660960302445115
random_forest,repeated_stratified_cv,62,18,0.2222222222222222,0.8888888888888888,0.75,0.6666666666666666,0.9821428571428571,0.11308246608393573,0.3941342897466121
logistic_regression,repeated_stratified_cv,63,17,0.23529411764705882,0.8823529411764706,0.9230769230769231,0.8,0.9038461538461539,0.1305503737184161,0.5424818028527785
shallow_decision_tree,repeated_stratified_cv,63,17,0.23529411764705882,0.9411764705882353,0.9615384615384616,0.8888888888888888,0.9615384615384616,0.05216942148760331,0.1745910361238805
random_forest,repeated_stratified_cv,63,17,0.23529411764705882,0.9411764705882353,0.9615384615384616,0.8888888888888888,0.9615384615384616,0.1291285122480631,0.4272214443400204
logistic_regression,repeated_stratified_cv,64,17,0.23529411764705882,0.8235294117647058,0.8846153846153846,0.7272727272727273,0.9807692307692308,0.09564421711115267,0.3094520041067721
shallow_decision_tree,repeated_stratified_cv,64,17,0.23529411764705882,0.9411764705882353,0.9615384615384616,0.8888888888888888,0.9615384615384616,0.05216942148760332,0.1745910361238806
random_forest,repeated_stratified_cv,64,17,0.23529411764705882,0.9411764705882353,0.9615384615384616,0.8888888888888888,0.9615384615384616,0.1042920055591578,0.3764302320130539
logistic_regression,repeated_stratified_cv,65,18,0.2222222222222222,0.8333333333333334,0.8928571428571428,0.7272727272727273,0.9285714285714286,0.11192418032212482,0.418526880321997
shallow_decision_tree,repeated_stratified_cv,65,18,0.2222222222222222,0.8888888888888888,0.9285714285714286,0.8,0.9285714285714286,0.10128495842781557,0.3491225295624763
random_forest,repeated_stratified_cv,65,18,0.2222222222222222,0.9444444444444444,0.9642857142857143,0.8888888888888888,0.9642857142857143,0.13570754972442625,0.44504776755807207
logistic_regression,repeated_stratified_cv,66,18,0.2222222222222222,0.8888888888888888,0.9285714285714286,0.8,1.0,0.09111917756488198,0.30944034319988034
shallow_decision_tree,repeated_stratified_cv,66,18,0.2222222222222222,1.0,1.0,1.0,1.0,0.001836547291092738,0.02118003995651676
random_forest,repeated_stratified_cv,66,18,0.2222222222222222,1.0,1.0,1.0,1.0,0.0890379155511903,0.34755351360755293
logistic_regression,repeated_stratified_cv,67,17,0.23529411764705882,0.8823529411764706,0.8365384615384616,0.75,0.9807692307692308,0.06686633609668566,0.23386634985489793
shallow_decision_tree,repeated_stratified_cv,67,17,0.23529411764705882,0.8823529411764706,0.75,0.6666666666666666,0.9615384615384616,0.06100034716069852,0.17072618342279647
random_forest,repeated_stratified_cv,67,17,0.23529411764705882,0.7647058823529411,0.5865384615384616,0.3333333333333333,0.8461538461538461,0.14639865928466134,0.4621275430720597
logistic_regression,repeated_stratified_cv,68,17,0.23529411764705882,0.8823529411764706,0.8365384615384616,0.75,0.9230769230769231,0.1071561444078247,0.3572008699518944
shallow_decision_tree,repeated_stratified_cv,68,17,0.23529411764705882,0.8823529411764706,0.8365384615384616,0.75,0.8365384615384616,0.11268412178283971,2.309093557130502
random_forest,repeated_stratified_cv,68,17,0.23529411764705882,0.8823529411764706,0.8365384615384616,0.75,0.8461538461538463,0.13252546073011995,0.4374058114621253
logistic_regression,repeated_stratified_cv,69,18,0.2222222222222222,0.9444444444444444,0.9642857142857143,0.8888888888888888,1.0,0.04799479723217012,0.19484262187256546
shallow_decision_tree,repeated_stratified_cv,69,18,0.2222222222222222,0.9444444444444444,0.9642857142857143,0.8888888888888888,0.9642857142857143,0.04915569977765759,0.16399280407466446
random_forest,repeated_stratified_cv,69,18,0.2222222222222222,0.9444444444444444,0.9642857142857143,0.8888888888888888,1.0,0.10448803252122077,0.3791592290675838
logistic_regression,repeated_stratified_cv,70,18,0.2222222222222222,1.0,1.0,1.0,1.0,0.03178484109575894,0.15363935226950357
shallow_decision_tree,repeated_stratified_cv,70,18,0.2222222222222222,1.0,1.0,1.0,1.0,0.001836547291092747,0.021180039956516815
random_forest,repeated_stratified_cv,70,18,0.2222222222222222,1.0,1.0,1.0,1.0,0.11620362756458953,0.3964767453845257
logistic_regression,repeated_stratified_cv,71,17,0.23529411764705882,0.8235294117647058,0.7115384615384616,0.5714285714285714,0.8846153846153846,0.14083485865172646,0.4840588847996948
shallow_decision_tree,repeated_stratified_cv,71,17,0.23529411764705882,0.7647058823529411,0.5865384615384616,0.3333333333333333,0.5576923076923077,0.24777768701218653,8.517179347958404
random_forest,repeated_stratified_cv,71,17,0.23529411764705882,0.8235294117647058,0.7115384615384616,0.5714285714285714,0.8076923076923077,0.15643004196920549,0.4790999866244357
logistic_regression,repeated_stratified_cv,72,17,0.23529411764705882,0.8235294117647058,0.8846153846153846,0.7272727272727273,1.0,0.09625034209420702,0.32234366543887133
shallow_decision_tree,repeated_stratified_cv,72,17,0.23529411764705882,0.9411764705882353,0.9615384615384616,0.8888888888888888,0.9615384615384616,0.05216942148760332,0.17459103612388055
random_forest,repeated_stratified_cv,72,17,0.23529411764705882,0.9411764705882353,0.9615384615384616,0.8888888888888888,0.9807692307692308,0.0996154634016679,0.36595858509221774
logistic_regression,repeated_stratified_cv,73,18,0.2222222222222222,0.9444444444444444,0.875,0.8571428571428571,0.9821428571428572,0.05172056716511256,0.2106778981659726
shallow_decision_tree,repeated_stratified_cv,73,18,0.2222222222222222,0.9444444444444444,0.9642857142857143,0.8888888888888888,0.9642857142857143,0.049155699777657595,0.16399280407466452
random_forest,repeated_stratified_cv,73,18,0.2222222222222222,0.8888888888888888,0.8392857142857143,0.75,0.9285714285714286,0.117543263179592,0.40033552415390855
logistic_regression,repeated_stratified_cv,74,18,0.2222222222222222,0.7777777777777778,0.8571428571428572,0.6666666666666666,0.8571428571428571,0.174803961284463,0.6206569956583224
shallow_decision_tree,repeated_stratified_cv,74,18,0.2222222222222222,0.8333333333333334,0.8928571428571428,0.7272727272727273,0.8928571428571428,0.1587679291427061,0.6244159250263568
random_forest,repeated_stratified_cv,74,18,0.2222222222222222,0.8888888888888888,0.9285714285714286,0.8,0.9107142857142857,0.14348663799044903,0.46428351571774307
logistic_regression,repeated_stratified_cv,75,17,0.23529411764705882,0.9411764705882353,0.875,0.8571428571428571,1.0,0.051268230260475556,0.19021531065554753
shallow_decision_tree,repeated_stratified_cv,75,17,0.23529411764705882,0.9411764705882353,0.875,0.8571428571428571,0.875,0.05964389888186679,2.1326768288681777
random_forest,repeated_stratified_cv,75,17,0.23529411764705882,0.9411764705882353,0.875,0.8571428571428571,0.9230769230769231,0.11505740653349512,0.39312124088961187
logistic_regression,repeated_stratified_cv,76,17,0.23529411764705882,0.9411764705882353,0.9615384615384616,0.8888888888888888,1.0,0.05597163628181198,0.22176188691354165
shallow_decision_tree,repeated_stratified_cv,76,17,0.23529411764705882,1.0,1.0,1.0,1.0,0.001859114015976757,0.021903628956708842
random_forest,repeated_stratified_cv,76,17,0.23529411764705882,1.0,1.0,1.0,1.0,0.0979670174469271,0.3701576087039598
logistic_regression,repeated_stratified_cv,77,18,0.2222222222222222,0.8333333333333334,0.8928571428571428,0.7272727272727273,0.9464285714285714,0.09950287403522268,0.32775726620625517
shallow_decision_tree,repeated_stratified_cv,77,18,0.2222222222222222,0.9444444444444444,0.9642857142857143,0.8888888888888888,0.9642857142857143,0.04915569977765759,0.16399280407466443
random_forest,repeated_stratified_cv,77,18,0.2222222222222222,1.0,1.0,1.0,1.0,0.09902823951175205,0.37195726617002306
logistic_regression,repeated_stratified_cv,78,18,0.2222222222222222,0.8888888888888888,0.9285714285714286,0.8,0.9107142857142858,0.10890172474608356,0.3713766467184683
shallow_decision_tree,repeated_stratified_cv,78,18,0.2222222222222222,0.8333333333333334,0.8928571428571428,0.7272727272727273,0.8928571428571428,0.1587679291427061,0.6244159250263568
random_forest,repeated_stratified_cv,78,18,0.2222222222222222,0.8333333333333334,0.8928571428571428,0.7272727272727273,0.9285714285714286,0.15910049073239377,0.4951285807564045
logistic_regression,repeated_stratified_cv,79,17,0.23529411764705882,0.9411764705882353,0.875,0.8571428571428571,1.0,0.06022994084352334,0.21785828562285078
shallow_decision_tree,repeated_stratified_cv,79,17,0.23529411764705882,0.9411764705882353,0.875,0.8571428571428571,0.875,0.05964389888186679,2.132676828868177
random_forest,repeated_stratified_cv,79,17,0.23529411764705882,0.9411764705882353,0.875,0.8571428571428571,0.8653846153846154,0.13324313634120177,0.42930397652902014
logistic_regression,repeated_stratified_cv,80,17,0.23529411764705882,0.9411764705882353,0.875,0.8571428571428571,0.9807692307692308,0.06455664187360893,0.23763087263021312
shallow_decision_tree,repeated_stratified_cv,80,17,0.23529411764705882,1.0,1.0,1.0,1.0,0.0018591140159767525,0.02190362895670881
random_forest,repeated_stratified_cv,80,17,0.23529411764705882,0.9411764705882353,0.875,0.8571428571428571,1.0,0.0882649587166384,0.3365057332742831
logistic_regression,repeated_stratified_cv,81,18,0.2222222222222222,0.8888888888888888,0.9285714285714286,0.8,0.9107142857142858,0.1048766968380309,0.43894165872232627
shallow_decision_tree,repeated_stratified_cv,81,18,0.2222222222222222,0.9444444444444444,0.9642857142857143,0.8888888888888888,0.9642857142857143,0.04915569977765759,0.1639928040746645
random_forest,repeated_stratified_cv,81,18,0.2222222222222222,0.9444444444444444,0.9642857142857143,0.8888888888888888,0.9464285714285715,0.13139286009196638,0.4326434935020246
logistic_regression,repeated_stratified_cv,82,18,0.2222222222222222,0.8888888888888888,0.75,0.6666666666666666,0.9285714285714286,0.08597824150966543,0.2871877317286793
shallow_decision_tree,repeated_stratified_cv,82,18,0.2222222222222222,0.8888888888888888,0.75,0.6666666666666666,0.75,0.11136306374401611,4.0102715059207314
random_forest,repeated_stratified_cv,82,18,0.2222222222222222,0.8888888888888888,0.75,0.6666666666666666,0.8214285714285714,0.12122171346480479,0.39842384959975696
logistic_regression,repeated_stratified_cv,83,17,0.23529411764705882,0.8235294117647058,0.8846153846153846,0.7272727272727273,0.9423076923076923,0.10193825965080291,0.325941905618781
shallow_decision_tree,repeated_stratified_cv,83,17,0.23529411764705882,0.8823529411764706,0.9230769230769231,0.8,0.9230769230769231,0.10746667515031975,0.37215400389554476
random_forest,repeated_stratified_cv,83,17,0.23529411764705882,0.8823529411764706,0.9230769230769231,0.8,0.9423076923076924,0.13159462057940716,0.4369291352652429
logistic_regression,repeated_stratified_cv,84,17,0.23529411764705882,0.7058823529411765,0.5480769230769231,0.2857142857142857,0.8269230769230769,0.14871466349243725,0.43278040226917186
shallow_decision_tree,repeated_stratified_cv,84,17,0.23529411764705882,0.9411764705882353,0.9615384615384616,0.8888888888888888,0.9615384615384616,0.052169421487603305,0.1745910361238805
random_forest,repeated_stratified_cv,84,17,0.23529411764705882,1.0,1.0,1.0,1.0,0.09204842624586808,0.3517701932541834
logistic_regression,repeated_stratified_cv,85,18,0.2222222222222222,0.7777777777777778,0.8571428571428572,0.6666666666666666,0.9285714285714286,0.11325560414739207,0.3815916827628129
shallow_decision_tree,repeated_stratified_cv,85,18,0.2222222222222222,0.8888888888888888,0.9285714285714286,0.8,0.9285714285714286,0.10128495842781557,0.34912252956247636
random_forest,repeated_stratified_cv,85,18,0.2222222222222222,0.9444444444444444,0.9642857142857143,0.8888888888888888,0.9642857142857143,0.13162821243063194,0.43853325556195916
logistic_regression,repeated_stratified_cv,86,18,0.2222222222222222,0.9444444444444444,0.875,0.8571428571428571,1.0,0.05185532378505479,0.20852387723043458
shallow_decision_tree,repeated_stratified_cv,86,18,0.2222222222222222,0.9444444444444444,0.875,0.8571428571428571,0.875,0.05636680487951445,2.0144786318808907
random_forest,repeated_stratified_cv,86,18,0.2222222222222222,0.9444444444444444,0.875,0.8571428571428571,0.9642857142857142,0.08457033580079501,0.3238415294406704
logistic_regression,repeated_stratified_cv,87,17,0.23529411764705882,0.9411764705882353,0.875,0.8571428571428571,0.9807692307692308,0.06558463863382191,0.25125960660508906
shallow_decision_tree,repeated_stratified_cv,87,17,0.23529411764705882,0.9411764705882353,0.9615384615384616,0.8888888888888888,0.9615384615384616,0.05216942148760332,0.1745910361238806
random_forest,repeated_stratified_cv,87,17,0.23529411764705882,0.9411764705882353,0.875,0.8571428571428571,0.9423076923076923,0.1214020708028695,0.4083482824075799
logistic_regression,repeated_stratified_cv,88,17,0.23529411764705882,0.9411764705882353,0.9615384615384616,0.8888888888888888,1.0,0.05752057265116246,0.21281339514420036
shallow_decision_tree,repeated_stratified_cv,88,17,0.23529411764705882,0.9411764705882353,0.9615384615384616,0.8888888888888888,0.9615384615384616,0.052169421487603305,0.1745910361238805
random_forest,repeated_stratified_cv,88,17,0.23529411764705882,0.9411764705882353,0.9615384615384616,0.8888888888888888,1.0,0.11859535265937052,0.4089473537426498
logistic_regression,repeated_stratified_cv,89,18,0.2222222222222222,0.8888888888888888,0.9285714285714286,0.8,1.0,0.0673649223877933,0.23929945392535437
shallow_decision_tree,repeated_stratified_cv,89,18,0.2222222222222222,0.9444444444444444,0.9642857142857143,0.8888888888888888,0.9642857142857143,0.049155699777657595,0.16399280407466454
random_forest,repeated_stratified_cv,89,18,0.2222222222222222,0.9444444444444444,0.9642857142857143,0.8888888888888888,1.0,0.10593519958061884,0.3872825396705886
logistic_regression,repeated_stratified_cv,90,18,0.2222222222222222,0.8333333333333334,0.8928571428571428,0.7272727272727273,0.9285714285714286,0.1074725372641254,0.38941645341574666
shallow_decision_tree,repeated_stratified_cv,90,18,0.2222222222222222,0.8888888888888888,0.9285714285714286,0.8,0.9285714285714286,0.10128495842781558,0.34912252956247664
random_forest,repeated_stratified_cv,90,18,0.2222222222222222,0.8888888888888888,0.9285714285714286,0.8,0.9464285714285715,0.14279133813790226,0.4596068299566521
logistic_regression,repeated_stratified_cv,91,17,0.23529411764705882,0.9411764705882353,0.875,0.8571428571428571,0.9807692307692308,0.04858806781581985,0.20430522739149615
shallow_decision_tree,repeated_stratified_cv,91,17,0.23529411764705882,0.9411764705882353,0.9615384615384616,0.8888888888888888,0.9615384615384616,0.05216942148760332,0.17459103612388058
random_forest,repeated_stratified_cv,91,17,0.23529411764705882,0.9411764705882353,0.875,0.8571428571428571,0.903846153846154,0.1295343722395725,0.42734109815118765
logistic_regression,repeated_stratified_cv,92,17,0.23529411764705882,0.8235294117647058,0.7115384615384616,0.5714285714285714,0.9423076923076924,0.10963220208675566,0.3522014403547704
shallow_decision_tree,repeated_stratified_cv,92,17,0.23529411764705882,0.8823529411764706,0.75,0.6666666666666666,0.9807692307692308,0.053493063802507894,0.14466964333094098
random_forest,repeated_stratified_cv,92,17,0.23529411764705882,0.9411764705882353,0.875,0.8571428571428571,0.9230769230769231,0.1284025916672854,0.4256433801151706
logistic_regression,repeated_stratified_cv,93,18,0.2222222222222222,0.8333333333333334,0.7142857142857143,0.5714285714285714,0.9642857142857143,0.10453967716168017,0.3252912559049798
shallow_decision_tree,repeated_stratified_cv,93,18,0.2222222222222222,0.7777777777777778,0.5,0.0,0.4285714285714286,0.24517906336088155,8.077049175756068
random_forest,repeated_stratified_cv,93,18,0.2222222222222222,0.7777777777777778,0.5892857142857143,0.3333333333333333,0.8392857142857142,0.1506547429901158,0.4663055436742224
logistic_regression,repeated_stratified_cv,94,18,0.2222222222222222,0.8333333333333334,0.7142857142857143,0.5714285714285714,0.9642857142857143,0.06859808055383612,0.2322672582402083
shallow_decision_tree,repeated_stratified_cv,94,18,0.2222222222222222,0.9444444444444444,0.9642857142857143,0.8888888888888888,0.9642857142857143,0.04915569977765759,0.16399280407466446
random_forest,repeated_stratified_cv,94,18,0.2222222222222222,1.0,1.0,1.0,1.0,0.09808241015739431,0.35525674259075696
logistic_regression,repeated_stratified_cv,95,17,0.23529411764705882,1.0,1.0,1.0,1.0,0.025665179785323455,0.14569150165383982
shallow_decision_tree,repeated_stratified_cv,95,17,0.23529411764705882,1.0,1.0,1.0,1.0,0.001859114015976757,0.021903628956708842
random_forest,repeated_stratified_cv,95,17,0.23529411764705882,1.0,1.0,1.0,1.0,0.10140949574382736,0.37111603367285984
logistic_regression,repeated_stratified_cv,96,17,0.23529411764705882,0.6470588235294118,0.6826923076923077,0.5,0.8461538461538463,0.17461215350008003,0.5369582788213072
shallow_decision_tree,repeated_stratified_cv,96,17,0.23529411764705882,0.9411764705882353,0.9615384615384616,0.8888888888888888,0.9615384615384616,0.05216942148760331,0.1745910361238805
random_forest,repeated_stratified_cv,96,17,0.23529411764705882,0.9411764705882353,0.9615384615384616,0.8888888888888888,0.9423076923076923,0.1241958146325075,0.425635869743622
logistic_regression,repeated_stratified_cv,97,18,0.2222222222222222,0.9444444444444444,0.9642857142857143,0.8888888888888888,0.9821428571428572,0.07397619105720782,0.26788282099853944
shallow_decision_tree,repeated_stratified_cv,97,18,0.2222222222222222,0.9444444444444444,0.9642857142857143,0.8888888888888888,0.9642857142857143,0.049155699777657595,0.16399280407466452
random_forest,repeated_stratified_cv,97,18,0.2222222222222222,0.9444444444444444,0.9642857142857143,0.8888888888888888,0.9821428571428572,0.10761289961915849,0.381303617263139
logistic_regression,repeated_stratified_cv,98,18,0.2222222222222222,0.6666666666666666,0.6964285714285714,0.5,0.8214285714285714,0.20690892519228865,0.6659906720952804
shallow_decision_tree,repeated_stratified_cv,98,18,0.2222222222222222,0.8888888888888888,0.9285714285714286,0.8,0.9285714285714286,0.10128495842781557,0.3491225295624763
random_forest,repeated_stratified_cv,98,18,0.2222222222222222,0.8888888888888888,0.9285714285714286,0.8,0.9285714285714286,0.12981811149975997,0.4318587216998871
logistic_regression,repeated_stratified_cv,99,17,0.23529411764705882,0.8823529411764706,0.75,0.6666666666666666,1.0,0.07779785726230723,0.26205870521773605
shallow_decision_tree,repeated_stratified_cv,99,17,0.23529411764705882,0.8235294117647058,0.625,0.4,0.5961538461538463,0.18899367165439088,6.398509131809369
random_forest,repeated_stratified_cv,99,17,0.23529411764705882,0.8235294117647058,0.7115384615384616,0.5714285714285714,0.6923076923076923,0.16809864024431045,0.5178218204369543
logistic_regression,repeated_stratified_cv,100,17,0.23529411764705882,0.8235294117647058,0.8846153846153846,0.7272727272727273,0.9615384615384616,0.09972092106366201,0.3233380525396182
shallow_decision_tree,repeated_stratified_cv,100,17,0.23529411764705882,0.9411764705882353,0.9615384615384616,0.8888888888888888,0.9615384615384616,0.05216942148760332,0.1745910361238806
random_forest,repeated_stratified_cv,100,17,0.23529411764705882,1.0,1.0,1.0,1.0,0.1025118017214951,0.3723271507017042
logistic_regression,semester_transfer:2025秋_to_2026春,1,36,0.2222222222222222,0.8333333333333334,0.8482142857142857,0.7,0.8973214285714286,0.14774495392324807,0.45632376593092405
shallow_decision_tree,semester_transfer:2025秋_to_2026春,1,36,0.2222222222222222,0.8888888888888888,0.9285714285714286,0.8,0.9285714285714286,0.10333790580704161,0.3745908357744473
random_forest,semester_transfer:2025秋_to_2026春,1,36,0.2222222222222222,0.9166666666666666,0.9017857142857143,0.8235294117647058,0.9508928571428572,0.13438216312684106,0.44836172552137743
logistic_regression,semester_transfer:2026春_to_2025秋,1,34,0.23529411764705882,0.9705882352941176,0.9375,0.9333333333333333,0.9903846153846154,0.06063824454893762,0.24230847890337787
shallow_decision_tree,semester_transfer:2026春_to_2025秋,1,34,0.23529411764705882,0.9411764705882353,0.9182692307692308,0.875,0.9182692307692308,0.05594771241830066,1.1539604026655303
random_forest,semester_transfer:2026春_to_2025秋,1,34,0.23529411764705882,0.5882352941176471,0.6875,0.5,0.9326923076923077,0.1852199208325742,0.5495649792005548
logistic_regression,missingness:clean,1,70,0.22857142857142856,0.8714285714285714,0.8726851851851851,0.7567567567567568,0.9467592592592593,0.09080640623405499,0.32650089225121315
shallow_decision_tree,missingness:clean,1,70,0.22857142857142856,0.9,0.8472222222222222,0.7741935483870968,0.9537037037037037,0.07445920755497336,0.22694450366758548
random_forest,missingness:clean,1,70,0.22857142857142856,0.8714285714285714,0.806712962962963,0.7096774193548387,0.9282407407407408,0.1259420097911567,0.4232314593598039
logistic_regression,missingness:20pct_feature_missing,1,70,0.22857142857142856,0.7857142857142857,0.7951388888888888,0.6341463414634146,0.8773148148148149,0.13879124494845324,0.4274754665991999
shallow_decision_tree,missingness:20pct_feature_missing,1,70,0.22857142857142856,0.8142857142857143,0.7916666666666667,0.6486486486486487,0.8773148148148149,0.15081649024940286,0.4750065008729865
random_forest,missingness:20pct_feature_missing,1,70,0.22857142857142856,0.8,0.7164351851851851,0.5625,0.8726851851851852,0.14970890328240422,0.4762318212398761
logistic_regression,missingness:40pct_feature_missing,1,70,0.22857142857142856,0.7142857142857143,0.7268518518518519,0.5454545454545454,0.7864583333333334,0.20026334907241797,0.6277837543276947
shallow_decision_tree,missingness:40pct_feature_missing,1,70,0.22857142857142856,0.7142857142857143,0.7268518518518519,0.5454545454545454,0.7962962962962963,0.23853986987676043,0.7438444226641465
random_forest,missingness:40pct_feature_missing,1,70,0.22857142857142856,0.7428571428571429,0.7013888888888888,0.5263157894736842,0.8206018518518519,0.16779134336189544,0.5162001833575955
