model,record_id,raw_score,weight,status,task_level,prompt_induced,context_truncated,confidence
MAIN,P072,,0.0,NO_EFFECTIVE_EVIDENCE,4,true,true,low
MAIN,P071,,0.0,NO_EFFECTIVE_EVIDENCE,4,false,false,low
MAIN,P005,,0.0,NO_EFFECTIVE_EVIDENCE,3,false,false,low
MAIN,P017,,0.0,NO_EFFECTIVE_EVIDENCE,6,true,false,medium
MAIN,P097,,0.0,NO_EFFECTIVE_EVIDENCE,6,true,true,low
MAIN,P028,,0.0,NO_EFFECTIVE_EVIDENCE,4,true,true,low
MAIN,P008,,0.0,NO_EFFECTIVE_EVIDENCE,,false,false,low
MAIN,P002,,0.0,NO_EFFECTIVE_EVIDENCE,,false,false,low
MAIN,P036,,0.0,NO_EFFECTIVE_EVIDENCE,4,true,true,low
MAIN,P131,,0.0,NO_EFFECTIVE_EVIDENCE,4,false,false,low
MAIN,P105,2,0.375,LOW_SUPPORT,5,true,false,medium
MAIN,P080,,0.0,NO_EFFECTIVE_EVIDENCE,4,true,true,low
MAIN,P089,,0.0,NO_EFFECTIVE_EVIDENCE,4,false,false,low
MAIN,P035,,0.0,NO_EFFECTIVE_EVIDENCE,6,true,true,low
MAIN,P010,,0.0,NO_EFFECTIVE_EVIDENCE,3,false,false,low
MAIN,P096,,0.0,NO_EFFECTIVE_EVIDENCE,3,false,false,low
MAIN,P031,,0.0,NO_EFFECTIVE_EVIDENCE,4,false,false,low
MAIN,P038,,0.0,NO_EFFECTIVE_EVIDENCE,6,true,true,low
MAIN,P018,,0.0,NO_EFFECTIVE_EVIDENCE,6,true,true,low
MAIN,P023,,0.0,NO_EFFECTIVE_EVIDENCE,6,true,true,low
MAIN,P116,,0.0,NO_EFFECTIVE_EVIDENCE,6,true,true,low
MAIN,P138,,0.0,NO_EFFECTIVE_EVIDENCE,6,true,false,low
MAIN,P118,5,0.375,LOW_SUPPORT,5,true,false,medium
MAIN,P094,3,0.375,LOW_SUPPORT,3,true,false,medium
MAIN,P006,,0.0,NO_EFFECTIVE_EVIDENCE,,false,false,low
MAIN,P061,,0.0,NO_EFFECTIVE_EVIDENCE,6,true,false,medium
MAIN,P014,,0.0,NO_EFFECTIVE_EVIDENCE,3,true,false,low
MAIN,P127,,0.0,NO_EFFECTIVE_EVIDENCE,2,false,false,low
MAIN,P082,,0.0,NO_EFFECTIVE_EVIDENCE,4,true,true,low
MAIN,P004,,0.0,NO_EFFECTIVE_EVIDENCE,,true,false,low
MAIN,P088,,0.0,NO_EFFECTIVE_EVIDENCE,4,true,false,medium
MAIN,P050,2,0.375,LOW_SUPPORT,5,true,false,medium
MAIN,P053,,0.0,NO_EFFECTIVE_EVIDENCE,6,true,true,low
MAIN,P047,3,0.375,LOW_SUPPORT,4,true,false,medium
MAIN,P062,,0.0,NO_EFFECTIVE_EVIDENCE,4,true,true,low
MAIN,P083,2,0.375,LOW_SUPPORT,4,true,false,medium
MAIN,P140,,0.0,NO_EFFECTIVE_EVIDENCE,,true,false,low
MAIN,P032,,0.0,NO_EFFECTIVE_EVIDENCE,6,true,true,low
MAIN,P040,2,0.375,LOW_SUPPORT,5,true,false,medium
MAIN,P065,,0.0,NO_EFFECTIVE_EVIDENCE,6,true,true,low
MAIN,P108,6,0.375,LOW_SUPPORT,6,true,false,medium
MAIN,P054,,0.0,NO_EFFECTIVE_EVIDENCE,6,true,true,low
MAIN,P020,,0.0,NO_EFFECTIVE_EVIDENCE,4,true,true,low
MAIN,P009,,0.0,NO_EFFECTIVE_EVIDENCE,,false,false,low
MAIN,P103,,0.0,NO_EFFECTIVE_EVIDENCE,6,true,true,low
MAIN,P067,3,0.375,LOW_SUPPORT,4,true,false,medium
MAIN,P051,,0.0,NO_EFFECTIVE_EVIDENCE,6,false,false,low
MAIN,P024,2,0.375,LOW_SUPPORT,4,true,false,medium
MAIN,P077,,0.0,NO_EFFECTIVE_EVIDENCE,4,true,true,low
MAIN,P076,3,0.375,LOW_SUPPORT,6,true,false,medium
MAIN,P068,,0.0,NO_EFFECTIVE_EVIDENCE,5,true,true,low
MAIN,P069,,0.0,NO_EFFECTIVE_EVIDENCE,4,true,true,low
MAIN,P137,,0.0,NO_EFFECTIVE_EVIDENCE,6,true,false,low
MAIN,P033,6,0.375,LOW_SUPPORT,4,true,false,medium
MAIN,P107,,0.0,NO_EFFECTIVE_EVIDENCE,4,true,true,low
MAIN,P100,5,0.375,LOW_SUPPORT,5,true,false,medium
MAIN,P030,4,0.375,LOW_SUPPORT,4,true,false,medium
MAIN,P001,,0.0,NO_EFFECTIVE_EVIDENCE,3,false,false,low
MAIN,P106,,0.0,NO_EFFECTIVE_EVIDENCE,5,true,true,low
MAIN,P139,,0.0,NO_EFFECTIVE_EVIDENCE,,true,false,low
MAIN,P059,3,0.375,LOW_SUPPORT,6,true,false,medium
MAIN,P007,,0.0,NO_EFFECTIVE_EVIDENCE,,false,false,low
MAIN,P039,6,0.375,LOW_SUPPORT,5,true,false,medium
MAIN,P121,,0.0,NO_EFFECTIVE_EVIDENCE,3,false,false,low
MAIN,P052,,0.0,NO_EFFECTIVE_EVIDENCE,,false,false,low
MAIN,P104,,0.0,NO_EFFECTIVE_EVIDENCE,6,true,true,low
MAIN,P026,,0.0,NO_EFFECTIVE_EVIDENCE,5,true,true,low
MAIN,P133,,0.0,NO_EFFECTIVE_EVIDENCE,5,true,true,low
MAIN,P027,,0.0,NO_EFFECTIVE_EVIDENCE,6,true,true,low
MAIN,P074,,0.0,NO_EFFECTIVE_EVIDENCE,6,true,true,low
BASELINE_A_RAW_ONLY,P072,,0.0,NO_EFFECTIVE_EVIDENCE,4,true,true,low
BASELINE_A_RAW_ONLY,P071,,0.0,NO_EFFECTIVE_EVIDENCE,4,false,false,low
BASELINE_A_RAW_ONLY,P005,,0.0,NO_EFFECTIVE_EVIDENCE,3,false,false,low
BASELINE_A_RAW_ONLY,P017,,0.0,NO_EFFECTIVE_EVIDENCE,6,true,false,medium
BASELINE_A_RAW_ONLY,P097,,0.0,NO_EFFECTIVE_EVIDENCE,6,true,true,low
BASELINE_A_RAW_ONLY,P028,,0.0,NO_EFFECTIVE_EVIDENCE,4,true,true,low
BASELINE_A_RAW_ONLY,P008,,0.0,NO_EFFECTIVE_EVIDENCE,,false,false,low
BASELINE_A_RAW_ONLY,P002,,0.0,NO_EFFECTIVE_EVIDENCE,,false,false,low
BASELINE_A_RAW_ONLY,P036,,0.0,NO_EFFECTIVE_EVIDENCE,4,true,true,low
BASELINE_A_RAW_ONLY,P131,,0.0,NO_EFFECTIVE_EVIDENCE,4,false,false,low
BASELINE_A_RAW_ONLY,P105,2,1.0,SUPPORTED,5,true,false,medium
BASELINE_A_RAW_ONLY,P080,,0.0,NO_EFFECTIVE_EVIDENCE,4,true,true,low
BASELINE_A_RAW_ONLY,P089,,0.0,NO_EFFECTIVE_EVIDENCE,4,false,false,low
BASELINE_A_RAW_ONLY,P035,,0.0,NO_EFFECTIVE_EVIDENCE,6,true,true,low
BASELINE_A_RAW_ONLY,P010,,0.0,NO_EFFECTIVE_EVIDENCE,3,false,false,low
BASELINE_A_RAW_ONLY,P096,,0.0,NO_EFFECTIVE_EVIDENCE,3,false,false,low
BASELINE_A_RAW_ONLY,P031,,0.0,NO_EFFECTIVE_EVIDENCE,4,false,false,low
BASELINE_A_RAW_ONLY,P038,,0.0,NO_EFFECTIVE_EVIDENCE,6,true,true,low
BASELINE_A_RAW_ONLY,P018,,0.0,NO_EFFECTIVE_EVIDENCE,6,true,true,low
BASELINE_A_RAW_ONLY,P023,,0.0,NO_EFFECTIVE_EVIDENCE,6,true,true,low
BASELINE_A_RAW_ONLY,P116,,0.0,NO_EFFECTIVE_EVIDENCE,6,true,true,low
BASELINE_A_RAW_ONLY,P138,,0.0,NO_EFFECTIVE_EVIDENCE,6,true,false,low
BASELINE_A_RAW_ONLY,P118,5,1.0,SUPPORTED,5,true,false,medium
BASELINE_A_RAW_ONLY,P094,3,1.0,SUPPORTED,3,true,false,medium
BASELINE_A_RAW_ONLY,P006,,0.0,NO_EFFECTIVE_EVIDENCE,,false,false,low
BASELINE_A_RAW_ONLY,P061,,0.0,NO_EFFECTIVE_EVIDENCE,6,true,false,medium
BASELINE_A_RAW_ONLY,P014,,0.0,NO_EFFECTIVE_EVIDENCE,3,true,false,low
BASELINE_A_RAW_ONLY,P127,,0.0,NO_EFFECTIVE_EVIDENCE,2,false,false,low
BASELINE_A_RAW_ONLY,P082,,0.0,NO_EFFECTIVE_EVIDENCE,4,true,true,low
BASELINE_A_RAW_ONLY,P004,,0.0,NO_EFFECTIVE_EVIDENCE,,true,false,low
BASELINE_A_RAW_ONLY,P088,,0.0,NO_EFFECTIVE_EVIDENCE,4,true,false,medium
BASELINE_A_RAW_ONLY,P050,2,1.0,SUPPORTED,5,true,false,medium
BASELINE_A_RAW_ONLY,P053,,0.0,NO_EFFECTIVE_EVIDENCE,6,true,true,low
BASELINE_A_RAW_ONLY,P047,3,1.0,SUPPORTED,4,true,false,medium
BASELINE_A_RAW_ONLY,P062,,0.0,NO_EFFECTIVE_EVIDENCE,4,true,true,low
BASELINE_A_RAW_ONLY,P083,2,1.0,SUPPORTED,4,true,false,medium
BASELINE_A_RAW_ONLY,P140,,0.0,NO_EFFECTIVE_EVIDENCE,,true,false,low
BASELINE_A_RAW_ONLY,P032,,0.0,NO_EFFECTIVE_EVIDENCE,6,true,true,low
BASELINE_A_RAW_ONLY,P040,2,1.0,SUPPORTED,5,true,false,medium
BASELINE_A_RAW_ONLY,P065,,0.0,NO_EFFECTIVE_EVIDENCE,6,true,true,low
BASELINE_A_RAW_ONLY,P108,6,1.0,SUPPORTED,6,true,false,medium
BASELINE_A_RAW_ONLY,P054,,0.0,NO_EFFECTIVE_EVIDENCE,6,true,true,low
BASELINE_A_RAW_ONLY,P020,,0.0,NO_EFFECTIVE_EVIDENCE,4,true,true,low
BASELINE_A_RAW_ONLY,P009,,0.0,NO_EFFECTIVE_EVIDENCE,,false,false,low
BASELINE_A_RAW_ONLY,P103,,0.0,NO_EFFECTIVE_EVIDENCE,6,true,true,low
BASELINE_A_RAW_ONLY,P067,3,1.0,SUPPORTED,4,true,false,medium
BASELINE_A_RAW_ONLY,P051,,0.0,NO_EFFECTIVE_EVIDENCE,6,false,false,low
BASELINE_A_RAW_ONLY,P024,2,1.0,SUPPORTED,4,true,false,medium
BASELINE_A_RAW_ONLY,P077,,0.0,NO_EFFECTIVE_EVIDENCE,4,true,true,low
BASELINE_A_RAW_ONLY,P076,3,1.0,SUPPORTED,6,true,false,medium
BASELINE_A_RAW_ONLY,P068,,0.0,NO_EFFECTIVE_EVIDENCE,5,true,true,low
BASELINE_A_RAW_ONLY,P069,,0.0,NO_EFFECTIVE_EVIDENCE,4,true,true,low
BASELINE_A_RAW_ONLY,P137,,0.0,NO_EFFECTIVE_EVIDENCE,6,true,false,low
BASELINE_A_RAW_ONLY,P033,6,1.0,SUPPORTED,4,true,false,medium
BASELINE_A_RAW_ONLY,P107,,0.0,NO_EFFECTIVE_EVIDENCE,4,true,true,low
BASELINE_A_RAW_ONLY,P100,5,1.0,SUPPORTED,5,true,false,medium
BASELINE_A_RAW_ONLY,P030,4,1.0,SUPPORTED,4,true,false,medium
BASELINE_A_RAW_ONLY,P001,,0.0,NO_EFFECTIVE_EVIDENCE,3,false,false,low
BASELINE_A_RAW_ONLY,P106,,0.0,NO_EFFECTIVE_EVIDENCE,5,true,true,low
BASELINE_A_RAW_ONLY,P139,,0.0,NO_EFFECTIVE_EVIDENCE,,true,false,low
BASELINE_A_RAW_ONLY,P059,3,1.0,SUPPORTED,6,true,false,medium
BASELINE_A_RAW_ONLY,P007,,0.0,NO_EFFECTIVE_EVIDENCE,,false,false,low
BASELINE_A_RAW_ONLY,P039,6,1.0,SUPPORTED,5,true,false,medium
BASELINE_A_RAW_ONLY,P121,,0.0,NO_EFFECTIVE_EVIDENCE,3,false,false,low
BASELINE_A_RAW_ONLY,P052,,0.0,NO_EFFECTIVE_EVIDENCE,,false,false,low
BASELINE_A_RAW_ONLY,P104,,0.0,NO_EFFECTIVE_EVIDENCE,6,true,true,low
BASELINE_A_RAW_ONLY,P026,,0.0,NO_EFFECTIVE_EVIDENCE,5,true,true,low
BASELINE_A_RAW_ONLY,P133,,0.0,NO_EFFECTIVE_EVIDENCE,5,true,true,low
BASELINE_A_RAW_ONLY,P027,,0.0,NO_EFFECTIVE_EVIDENCE,6,true,true,low
BASELINE_A_RAW_ONLY,P074,,0.0,NO_EFFECTIVE_EVIDENCE,6,true,true,low
BASELINE_B_LINEAR,P072,,0.0,NO_EFFECTIVE_EVIDENCE,4,true,true,low
BASELINE_B_LINEAR,P071,,0.0,NO_EFFECTIVE_EVIDENCE,4,false,false,low
BASELINE_B_LINEAR,P005,,0.0,NO_EFFECTIVE_EVIDENCE,3,false,false,low
BASELINE_B_LINEAR,P017,,0.0,NO_EFFECTIVE_EVIDENCE,6,true,false,medium
BASELINE_B_LINEAR,P097,,0.0,NO_EFFECTIVE_EVIDENCE,6,true,true,low
BASELINE_B_LINEAR,P028,,0.0,NO_EFFECTIVE_EVIDENCE,4,true,true,low
BASELINE_B_LINEAR,P008,,0.0,NO_EFFECTIVE_EVIDENCE,,false,false,low
BASELINE_B_LINEAR,P002,,0.0,NO_EFFECTIVE_EVIDENCE,,false,false,low
BASELINE_B_LINEAR,P036,,0.0,NO_EFFECTIVE_EVIDENCE,4,true,true,low
BASELINE_B_LINEAR,P131,,0.0,NO_EFFECTIVE_EVIDENCE,4,false,false,low
BASELINE_B_LINEAR,P105,2,0.5,LOW_SUPPORT,5,true,false,medium
BASELINE_B_LINEAR,P080,,0.0,NO_EFFECTIVE_EVIDENCE,4,true,true,low
BASELINE_B_LINEAR,P089,,0.0,NO_EFFECTIVE_EVIDENCE,4,false,false,low
BASELINE_B_LINEAR,P035,,0.0,NO_EFFECTIVE_EVIDENCE,6,true,true,low
BASELINE_B_LINEAR,P010,,0.0,NO_EFFECTIVE_EVIDENCE,3,false,false,low
BASELINE_B_LINEAR,P096,,0.0,NO_EFFECTIVE_EVIDENCE,3,false,false,low
BASELINE_B_LINEAR,P031,,0.0,NO_EFFECTIVE_EVIDENCE,4,false,false,low
BASELINE_B_LINEAR,P038,,0.0,NO_EFFECTIVE_EVIDENCE,6,true,true,low
BASELINE_B_LINEAR,P018,,0.0,NO_EFFECTIVE_EVIDENCE,6,true,true,low
BASELINE_B_LINEAR,P023,,0.0,NO_EFFECTIVE_EVIDENCE,6,true,true,low
BASELINE_B_LINEAR,P116,,0.0,NO_EFFECTIVE_EVIDENCE,6,true,true,low
BASELINE_B_LINEAR,P138,,0.0,NO_EFFECTIVE_EVIDENCE,6,true,false,low
BASELINE_B_LINEAR,P118,5,0.5,LOW_SUPPORT,5,true,false,medium
BASELINE_B_LINEAR,P094,3,0.5,LOW_SUPPORT,3,true,false,medium
BASELINE_B_LINEAR,P006,,0.0,NO_EFFECTIVE_EVIDENCE,,false,false,low
BASELINE_B_LINEAR,P061,,0.0,NO_EFFECTIVE_EVIDENCE,6,true,false,medium
BASELINE_B_LINEAR,P014,,0.0,NO_EFFECTIVE_EVIDENCE,3,true,false,low
BASELINE_B_LINEAR,P127,,0.0,NO_EFFECTIVE_EVIDENCE,2,false,false,low
BASELINE_B_LINEAR,P082,,0.0,NO_EFFECTIVE_EVIDENCE,4,true,true,low
BASELINE_B_LINEAR,P004,,0.0,NO_EFFECTIVE_EVIDENCE,,true,false,low
BASELINE_B_LINEAR,P088,,0.0,NO_EFFECTIVE_EVIDENCE,4,true,false,medium
BASELINE_B_LINEAR,P050,2,0.5,LOW_SUPPORT,5,true,false,medium
BASELINE_B_LINEAR,P053,,0.0,NO_EFFECTIVE_EVIDENCE,6,true,true,low
BASELINE_B_LINEAR,P047,3,0.5,LOW_SUPPORT,4,true,false,medium
BASELINE_B_LINEAR,P062,,0.0,NO_EFFECTIVE_EVIDENCE,4,true,true,low
BASELINE_B_LINEAR,P083,2,0.5,LOW_SUPPORT,4,true,false,medium
BASELINE_B_LINEAR,P140,,0.0,NO_EFFECTIVE_EVIDENCE,,true,false,low
BASELINE_B_LINEAR,P032,,0.0,NO_EFFECTIVE_EVIDENCE,6,true,true,low
BASELINE_B_LINEAR,P040,2,0.5,LOW_SUPPORT,5,true,false,medium
BASELINE_B_LINEAR,P065,,0.0,NO_EFFECTIVE_EVIDENCE,6,true,true,low
BASELINE_B_LINEAR,P108,6,0.5,LOW_SUPPORT,6,true,false,medium
BASELINE_B_LINEAR,P054,,0.0,NO_EFFECTIVE_EVIDENCE,6,true,true,low
BASELINE_B_LINEAR,P020,,0.0,NO_EFFECTIVE_EVIDENCE,4,true,true,low
BASELINE_B_LINEAR,P009,,0.0,NO_EFFECTIVE_EVIDENCE,,false,false,low
BASELINE_B_LINEAR,P103,,0.0,NO_EFFECTIVE_EVIDENCE,6,true,true,low
BASELINE_B_LINEAR,P067,3,0.5,LOW_SUPPORT,4,true,false,medium
BASELINE_B_LINEAR,P051,,0.0,NO_EFFECTIVE_EVIDENCE,6,false,false,low
BASELINE_B_LINEAR,P024,2,0.5,LOW_SUPPORT,4,true,false,medium
BASELINE_B_LINEAR,P077,,0.0,NO_EFFECTIVE_EVIDENCE,4,true,true,low
BASELINE_B_LINEAR,P076,3,0.5,LOW_SUPPORT,6,true,false,medium
BASELINE_B_LINEAR,P068,,0.0,NO_EFFECTIVE_EVIDENCE,5,true,true,low
BASELINE_B_LINEAR,P069,,0.0,NO_EFFECTIVE_EVIDENCE,4,true,true,low
BASELINE_B_LINEAR,P137,,0.0,NO_EFFECTIVE_EVIDENCE,6,true,false,low
BASELINE_B_LINEAR,P033,6,0.5,LOW_SUPPORT,4,true,false,medium
BASELINE_B_LINEAR,P107,,0.0,NO_EFFECTIVE_EVIDENCE,4,true,true,low
BASELINE_B_LINEAR,P100,5,0.5,LOW_SUPPORT,5,true,false,medium
BASELINE_B_LINEAR,P030,4,0.5,LOW_SUPPORT,4,true,false,medium
BASELINE_B_LINEAR,P001,,0.0,NO_EFFECTIVE_EVIDENCE,3,false,false,low
BASELINE_B_LINEAR,P106,,0.0,NO_EFFECTIVE_EVIDENCE,5,true,true,low
BASELINE_B_LINEAR,P139,,0.0,NO_EFFECTIVE_EVIDENCE,,true,false,low
BASELINE_B_LINEAR,P059,3,0.5,LOW_SUPPORT,6,true,false,medium
BASELINE_B_LINEAR,P007,,0.0,NO_EFFECTIVE_EVIDENCE,,false,false,low
BASELINE_B_LINEAR,P039,6,0.5,LOW_SUPPORT,5,true,false,medium
BASELINE_B_LINEAR,P121,,0.0,NO_EFFECTIVE_EVIDENCE,3,false,false,low
BASELINE_B_LINEAR,P052,,0.0,NO_EFFECTIVE_EVIDENCE,,false,false,low
BASELINE_B_LINEAR,P104,,0.0,NO_EFFECTIVE_EVIDENCE,6,true,true,low
BASELINE_B_LINEAR,P026,,0.0,NO_EFFECTIVE_EVIDENCE,5,true,true,low
BASELINE_B_LINEAR,P133,,0.0,NO_EFFECTIVE_EVIDENCE,5,true,true,low
BASELINE_B_LINEAR,P027,,0.0,NO_EFFECTIVE_EVIDENCE,6,true,true,low
BASELINE_B_LINEAR,P074,,0.0,NO_EFFECTIVE_EVIDENCE,6,true,true,low
BASELINE_C_RULE,P072,,0.0,NO_EFFECTIVE_EVIDENCE,4,true,true,low
BASELINE_C_RULE,P071,,0.0,NO_EFFECTIVE_EVIDENCE,4,false,false,low
BASELINE_C_RULE,P005,,0.0,NO_EFFECTIVE_EVIDENCE,3,false,false,low
BASELINE_C_RULE,P017,,0.0,NO_EFFECTIVE_EVIDENCE,6,true,false,medium
BASELINE_C_RULE,P097,,0.0,NO_EFFECTIVE_EVIDENCE,6,true,true,low
BASELINE_C_RULE,P028,,0.0,NO_EFFECTIVE_EVIDENCE,4,true,true,low
BASELINE_C_RULE,P008,,0.0,NO_EFFECTIVE_EVIDENCE,,false,false,low
BASELINE_C_RULE,P002,,0.0,NO_EFFECTIVE_EVIDENCE,,false,false,low
BASELINE_C_RULE,P036,,0.0,NO_EFFECTIVE_EVIDENCE,4,true,true,low
BASELINE_C_RULE,P131,,0.0,NO_EFFECTIVE_EVIDENCE,4,false,false,low
BASELINE_C_RULE,P105,2,1.0,LOW_SUPPORT,5,true,false,medium
BASELINE_C_RULE,P080,,0.0,NO_EFFECTIVE_EVIDENCE,4,true,true,low
BASELINE_C_RULE,P089,,0.0,NO_EFFECTIVE_EVIDENCE,4,false,false,low
BASELINE_C_RULE,P035,,0.0,NO_EFFECTIVE_EVIDENCE,6,true,true,low
BASELINE_C_RULE,P010,,0.0,NO_EFFECTIVE_EVIDENCE,3,false,false,low
BASELINE_C_RULE,P096,,0.0,NO_EFFECTIVE_EVIDENCE,3,false,false,low
BASELINE_C_RULE,P031,,0.0,NO_EFFECTIVE_EVIDENCE,4,false,false,low
BASELINE_C_RULE,P038,,0.0,NO_EFFECTIVE_EVIDENCE,6,true,true,low
BASELINE_C_RULE,P018,,0.0,NO_EFFECTIVE_EVIDENCE,6,true,true,low
BASELINE_C_RULE,P023,,0.0,NO_EFFECTIVE_EVIDENCE,6,true,true,low
BASELINE_C_RULE,P116,,0.0,NO_EFFECTIVE_EVIDENCE,6,true,true,low
BASELINE_C_RULE,P138,,0.0,NO_EFFECTIVE_EVIDENCE,6,true,false,low
BASELINE_C_RULE,P118,5,1.0,LOW_SUPPORT,5,true,false,medium
BASELINE_C_RULE,P094,3,1.0,LOW_SUPPORT,3,true,false,medium
BASELINE_C_RULE,P006,,0.0,NO_EFFECTIVE_EVIDENCE,,false,false,low
BASELINE_C_RULE,P061,,0.0,NO_EFFECTIVE_EVIDENCE,6,true,false,medium
BASELINE_C_RULE,P014,,0.0,NO_EFFECTIVE_EVIDENCE,3,true,false,low
BASELINE_C_RULE,P127,,0.0,NO_EFFECTIVE_EVIDENCE,2,false,false,low
BASELINE_C_RULE,P082,,0.0,NO_EFFECTIVE_EVIDENCE,4,true,true,low
BASELINE_C_RULE,P004,,0.0,NO_EFFECTIVE_EVIDENCE,,true,false,low
BASELINE_C_RULE,P088,,0.0,NO_EFFECTIVE_EVIDENCE,4,true,false,medium
BASELINE_C_RULE,P050,2,1.0,LOW_SUPPORT,5,true,false,medium
BASELINE_C_RULE,P053,,0.0,NO_EFFECTIVE_EVIDENCE,6,true,true,low
BASELINE_C_RULE,P047,3,1.0,LOW_SUPPORT,4,true,false,medium
BASELINE_C_RULE,P062,,0.0,NO_EFFECTIVE_EVIDENCE,4,true,true,low
BASELINE_C_RULE,P083,2,1.0,LOW_SUPPORT,4,true,false,medium
BASELINE_C_RULE,P140,,0.0,NO_EFFECTIVE_EVIDENCE,,true,false,low
BASELINE_C_RULE,P032,,0.0,NO_EFFECTIVE_EVIDENCE,6,true,true,low
BASELINE_C_RULE,P040,2,1.0,LOW_SUPPORT,5,true,false,medium
BASELINE_C_RULE,P065,,0.0,NO_EFFECTIVE_EVIDENCE,6,true,true,low
BASELINE_C_RULE,P108,6,1.0,LOW_SUPPORT,6,true,false,medium
BASELINE_C_RULE,P054,,0.0,NO_EFFECTIVE_EVIDENCE,6,true,true,low
BASELINE_C_RULE,P020,,0.0,NO_EFFECTIVE_EVIDENCE,4,true,true,low
BASELINE_C_RULE,P009,,0.0,NO_EFFECTIVE_EVIDENCE,,false,false,low
BASELINE_C_RULE,P103,,0.0,NO_EFFECTIVE_EVIDENCE,6,true,true,low
BASELINE_C_RULE,P067,3,1.0,LOW_SUPPORT,4,true,false,medium
BASELINE_C_RULE,P051,,0.0,NO_EFFECTIVE_EVIDENCE,6,false,false,low
BASELINE_C_RULE,P024,2,1.0,LOW_SUPPORT,4,true,false,medium
BASELINE_C_RULE,P077,,0.0,NO_EFFECTIVE_EVIDENCE,4,true,true,low
BASELINE_C_RULE,P076,3,1.0,LOW_SUPPORT,6,true,false,medium
BASELINE_C_RULE,P068,,0.0,NO_EFFECTIVE_EVIDENCE,5,true,true,low
BASELINE_C_RULE,P069,,0.0,NO_EFFECTIVE_EVIDENCE,4,true,true,low
BASELINE_C_RULE,P137,,0.0,NO_EFFECTIVE_EVIDENCE,6,true,false,low
BASELINE_C_RULE,P033,6,1.0,LOW_SUPPORT,4,true,false,medium
BASELINE_C_RULE,P107,,0.0,NO_EFFECTIVE_EVIDENCE,4,true,true,low
BASELINE_C_RULE,P100,5,1.0,LOW_SUPPORT,5,true,false,medium
BASELINE_C_RULE,P030,4,1.0,LOW_SUPPORT,4,true,false,medium
BASELINE_C_RULE,P001,,0.0,NO_EFFECTIVE_EVIDENCE,3,false,false,low
BASELINE_C_RULE,P106,,0.0,NO_EFFECTIVE_EVIDENCE,5,true,true,low
BASELINE_C_RULE,P139,,0.0,NO_EFFECTIVE_EVIDENCE,,true,false,low
BASELINE_C_RULE,P059,3,1.0,LOW_SUPPORT,6,true,false,medium
BASELINE_C_RULE,P007,,0.0,NO_EFFECTIVE_EVIDENCE,,false,false,low
BASELINE_C_RULE,P039,6,1.0,LOW_SUPPORT,5,true,false,medium
BASELINE_C_RULE,P121,,0.0,NO_EFFECTIVE_EVIDENCE,3,false,false,low
BASELINE_C_RULE,P052,,0.0,NO_EFFECTIVE_EVIDENCE,,false,false,low
BASELINE_C_RULE,P104,,0.0,NO_EFFECTIVE_EVIDENCE,6,true,true,low
BASELINE_C_RULE,P026,,0.0,NO_EFFECTIVE_EVIDENCE,5,true,true,low
BASELINE_C_RULE,P133,,0.0,NO_EFFECTIVE_EVIDENCE,5,true,true,low
BASELINE_C_RULE,P027,,0.0,NO_EFFECTIVE_EVIDENCE,6,true,true,low
BASELINE_C_RULE,P074,,0.0,NO_EFFECTIVE_EVIDENCE,6,true,true,low
