case_order,record_id,semester,student_id,turn_id,source_row_id,agent_type,agent_confidence,text_length_chars,path_case,pilot_sampling_strata,task_bloom_ai,student_evidence_bloom_ai,in_review_queue,review_sample_type,review_priority_score,human_review_reason,manual_version
1,P072,2025秋,259897,2025秋-数学模型-问答记录导出20260502导出_已标注_已更新.xlsx::问答记录::R217:T007,2025秋-数学模型-问答记录导出20260502导出_已标注_已更新.xlsx::问答记录::R217,数模全才,0.99,56,other_or_unknown,2025秋;数模全才;medium_50_199;statement_or_other;other_or_unknown,L3,L3,true,RANDOM_NORMAL_AUDIT,35,Random normal-case audit (fixed seed 20260925).,V0.1.1
2,P071,2026春,268248,问答记录导出0919_已更新.xlsx::问答记录::R1772:T001,问答记录导出0919_已更新.xlsx::问答记录::R1772,unknown,0.2,32,other_or_unknown,2026春;unknown;short_<50;explicit_question_mark;other_or_unknown,L4,NO_EVIDENCE,true,HARD_CASE,63,Hard case: boundary/scaffold/copy/role ambiguity,V0.1.1
3,P005,2026春,268253,问答记录导出0919_已更新.xlsx::问答记录::R1795:T001,问答记录导出0919_已更新.xlsx::问答记录::R1795,逆行侠,0.9,16,reverse_path,2026春;逆行侠;short_<50;statement_or_other;reverse_path,UNDETERMINED,NO_EVIDENCE,true,HARD_CASE,114,Hard case: low confidence/undetermined; boundary/scaffold/copy/role ambiguity; agent/path coverage,V0.1.1
4,P017,2025秋,259854,2025秋-数学模型-问答记录导出20260502导出_已标注_已更新.xlsx::问答记录::R282:T011,2025秋-数学模型-问答记录导出20260502导出_已标注_已更新.xlsx::问答记录::R282,探知侠,0.99,9,scaffold_path,2025秋;探知侠;short_<50;statement_or_other;scaffold_path,L3,L1,true,HARD_CASE,145,Hard case: Task-Evidence gap; boundary/scaffold/copy/role ambiguity; agent/path coverage,V0.1.1
5,P097,2026春,268247,问答记录导出0919_已更新.xlsx::问答记录::R1765:T027,问答记录导出0919_已更新.xlsx::问答记录::R1765,探知侠,0.9,18,scaffold_path,2026春;探知侠;short_<50;explicit_question_mark;scaffold_path,L5,NO_EVIDENCE,true,HARD_CASE,86,Hard case: boundary/scaffold/copy/role ambiguity; agent/path coverage,V0.1.1
6,P028,2025秋,259025,2025秋-数学模型-问答记录导出20260502导出_已标注_已更新.xlsx::问答记录::R353:T009,2025秋-数学模型-问答记录导出20260502导出_已标注_已更新.xlsx::问答记录::R353,探知侠,0.99,26,scaffold_path,2025秋;探知侠;short_<50;statement_or_other;scaffold_path,L4,L2,true,HARD_CASE,145,Hard case: Task-Evidence gap; boundary/scaffold/copy/role ambiguity; agent/path coverage,V0.1.1
7,P008,2026春,268110,问答记录导出0919_已更新.xlsx::问答记录::R1511:T001,问答记录导出0919_已更新.xlsx::问答记录::R1511,逆行侠,0.9,18,reverse_path,2026春;逆行侠;short_<50;statement_or_other;reverse_path,UNDETERMINED,NO_EVIDENCE,true,HARD_CASE,114,Hard case: low confidence/undetermined; boundary/scaffold/copy/role ambiguity; agent/path coverage,V0.1.1
8,P002,2026春,268236,问答记录导出0919_已更新.xlsx::问答记录::R1735:T001,问答记录导出0919_已更新.xlsx::问答记录::R1735,逆行侠,0.9,21,reverse_path,2026春;逆行侠;short_<50;statement_or_other;reverse_path,UNDETERMINED,NO_EVIDENCE,true,HARD_CASE,114,Hard case: low confidence/undetermined; boundary/scaffold/copy/role ambiguity; agent/path coverage,V0.1.1
9,P036,2025秋,252265,2025秋-数学模型-问答记录导出20260502导出_已标注_已更新.xlsx::问答记录::R254:T007,2025秋-数学模型-问答记录导出20260502导出_已标注_已更新.xlsx::问答记录::R254,探知侠,0.99,245,scaffold_path,2025秋;探知侠;long_>=200;statement_or_other;scaffold_path,L3,L3,true,RANDOM_NORMAL_AUDIT,57,Random normal-case audit (fixed seed 20260925).,V0.1.1
10,P131,2026春,268216,问答记录导出0919_已更新.xlsx::问答记录::R1719:T001,问答记录导出0919_已更新.xlsx::问答记录::R1719,探知侠,0.9,7,scaffold_path,2026春;探知侠;short_<50;statement_or_other;scaffold_path,UNDETERMINED,UNDETERMINED,true,HARD_CASE,100,Hard case: low confidence/undetermined; boundary/scaffold/copy/role ambiguity; agent/path coverage,V0.1.1
11,P105,2026春,268248,问答记录导出0919_已更新.xlsx::问答记录::R1770:T003,问答记录导出0919_已更新.xlsx::问答记录::R1770,探知侠,0.9,256,scaffold_path,2026春;探知侠;long_>=200;statement_or_other;scaffold_path,L2,L2,true,RANDOM_NORMAL_AUDIT,22,Random normal-case audit (fixed seed 20260925).,V0.1.1
12,P080,2025秋,25A168,2025秋-数学模型-问答记录导出20260502导出_已标注_已更新.xlsx::问答记录::R440:T005,2025秋-数学模型-问答记录导出20260502导出_已标注_已更新.xlsx::问答记录::R440,数模全才,0.99,275,other_or_unknown,2025秋;数模全才;long_>=200;statement_or_other;other_or_unknown,L4,L4,true,RANDOM_NORMAL_AUDIT,35,Random normal-case audit (fixed seed 20260925).,V0.1.1
13,P089,2025秋,25A134,2025秋-数学模型-问答记录导出20260502导出_已标注_已更新.xlsx::问答记录::R319:T001,2025秋-数学模型-问答记录导出20260502导出_已标注_已更新.xlsx::问答记录::R319,探知侠,0.99,14,scaffold_path,2025秋;探知侠;short_<50;statement_or_other;scaffold_path,UNDETERMINED,UNDETERMINED,true,HARD_CASE,100,Hard case: low confidence/undetermined; boundary/scaffold/copy/role ambiguity; agent/path coverage,V0.1.1
14,P035,2025秋,258858,2025秋-数学模型-问答记录导出20260502导出_已标注_已更新.xlsx::问答记录::R237:T005,2025秋-数学模型-问答记录导出20260502导出_已标注_已更新.xlsx::问答记录::R237,探知侠,0.99,70,scaffold_path,2025秋;探知侠;medium_50_199;statement_or_other;scaffold_path,L2,L2,true,RANDOM_NORMAL_AUDIT,22,Random normal-case audit (fixed seed 20260925).,V0.1.1
15,P010,2026春,268503,问答记录导出0919_已更新.xlsx::问答记录::R1850:T001,问答记录导出0919_已更新.xlsx::问答记录::R1850,逆行侠,0.9,43,reverse_path,2026春;逆行侠;short_<50;statement_or_other;reverse_path,UNDETERMINED,NO_EVIDENCE,true,HARD_CASE,114,Hard case: low confidence/undetermined; boundary/scaffold/copy/role ambiguity; agent/path coverage,V0.1.1
16,P096,2026春,268253,问答记录导出0919_已更新.xlsx::问答记录::R1794:T001,问答记录导出0919_已更新.xlsx::问答记录::R1794,逆行侠,0.9,16,reverse_path,2026春;逆行侠;short_<50;statement_or_other;reverse_path,UNDETERMINED,NO_EVIDENCE,true,HARD_CASE,114,Hard case: low confidence/undetermined; boundary/scaffold/copy/role ambiguity; agent/path coverage,V0.1.1
17,P031,2025秋,258988,2025秋-数学模型-问答记录导出20260502导出_已标注_已更新.xlsx::问答记录::R323:T001,2025秋-数学模型-问答记录导出20260502导出_已标注_已更新.xlsx::问答记录::R323,探知侠,0.99,14,scaffold_path,2025秋;探知侠;short_<50;statement_or_other;scaffold_path,UNDETERMINED,NO_EVIDENCE,true,HARD_CASE,100,Hard case: low confidence/undetermined; boundary/scaffold/copy/role ambiguity; agent/path coverage,V0.1.1
18,P038,2025秋,259336,2025秋-数学模型-问答记录导出20260502导出_已标注_已更新.xlsx::问答记录::R294:T025,2025秋-数学模型-问答记录导出20260502导出_已标注_已更新.xlsx::问答记录::R294,探知侠,0.99,52,scaffold_path,2025秋;探知侠;medium_50_199;statement_or_other;scaffold_path,L4,L4,true,RANDOM_NORMAL_AUDIT,57,Random normal-case audit (fixed seed 20260925).,V0.1.1
19,P018,2025秋,259325,2025秋-数学模型-问答记录导出20260502导出_已标注_已更新.xlsx::问答记录::R273:T019,2025秋-数学模型-问答记录导出20260502导出_已标注_已更新.xlsx::问答记录::R273,探知侠,0.99,1000,scaffold_path,2025秋;探知侠;long_>=200;explicit_question_mark;scaffold_path,L4,L4,true,HARD_CASE,95,Hard case: boundary/scaffold/copy/role ambiguity; agent/path coverage,V0.1.1
20,P023,2025秋,259050,2025秋-数学模型-问答记录导出20260502导出_已标注_已更新.xlsx::问答记录::R467:T009,2025秋-数学模型-问答记录导出20260502导出_已标注_已更新.xlsx::问答记录::R467,探知侠,0.99,22,scaffold_path,2025秋;探知侠;short_<50;statement_or_other;scaffold_path,L3,L1,true,HARD_CASE,145,Hard case: Task-Evidence gap; boundary/scaffold/copy/role ambiguity; agent/path coverage,V0.1.1
21,P116,2026春,268507,问答记录导出0919_已更新.xlsx::问答记录::R1854:T003,问答记录导出0919_已更新.xlsx::问答记录::R1854,探知侠,0.9,21,scaffold_path,2026春;探知侠;short_<50;explicit_question_mark;scaffold_path,L2,NO_EVIDENCE,true,HARD_CASE,68,Hard case: boundary/scaffold/copy/role ambiguity; agent/path coverage,V0.1.1
22,P138,2025秋,259887,2025秋-数学模型-问答记录导出20260502导出_已标注_已更新.xlsx::问答记录::R270:T004,2025秋-数学模型-问答记录导出20260502导出_已标注_已更新.xlsx::问答记录::R270,探知侠,0.99,26,scaffold_path,2025秋;探知侠;short_<50;request_or_question_form;scaffold_path,L3,NO_EVIDENCE,true,HARD_CASE,223,Hard case: boundary/scaffold/copy/role ambiguity; agent/path coverage,V0.1.1
23,P118,2025秋,258430,2025秋-数学模型-问答记录导出20260502导出_已标注_已更新.xlsx::问答记录::R54:T011,2025秋-数学模型-问答记录导出20260502导出_已标注_已更新.xlsx::问答记录::R54,数模全才,0.99,626,other_or_unknown,2025秋;数模全才;long_>=200;explicit_question_mark;other_or_unknown,L5,L3,true,HARD_CASE,171,Hard case: Task-Evidence gap; boundary/scaffold/copy/role ambiguity,V0.1.1
24,P094,2025秋,259315,2025秋-数学模型-问答记录导出20260502导出_已标注_已更新.xlsx::问答记录::R416:T011,2025秋-数学模型-问答记录导出20260502导出_已标注_已更新.xlsx::问答记录::R416,探知侠,0.99,243,scaffold_path,2025秋;探知侠;long_>=200;statement_or_other;scaffold_path,L2,NO_EVIDENCE,true,HARD_CASE,68,Hard case: boundary/scaffold/copy/role ambiguity; agent/path coverage,V0.1.1
25,P006,2026春,268518,问答记录导出0919_已更新.xlsx::问答记录::R1866:T001,问答记录导出0919_已更新.xlsx::问答记录::R1866,逆行侠,0.9,26,reverse_path,2026春;逆行侠;short_<50;statement_or_other;reverse_path,UNDETERMINED,NO_EVIDENCE,true,HARD_CASE,114,Hard case: low confidence/undetermined; boundary/scaffold/copy/role ambiguity; agent/path coverage,V0.1.1
26,P061,2025秋,259161,2025秋-数学模型-问答记录导出20260502导出_已标注_已更新.xlsx::问答记录::R590:T003,2025秋-数学模型-问答记录导出20260502导出_已标注_已更新.xlsx::问答记录::R590,数模全才,0.99,44,other_or_unknown,2025秋;数模全才;short_<50;explicit_question_mark;other_or_unknown,L4,NO_EVIDENCE,true,HARD_CASE,103,Hard case: boundary/scaffold/copy/role ambiguity,V0.1.1
27,P014,2025秋,259049,2025秋-数学模型-问答记录导出20260502导出_已标注_已更新.xlsx::问答记录::R371:T005,2025秋-数学模型-问答记录导出20260502导出_已标注_已更新.xlsx::问答记录::R371,探知侠,0.99,21,scaffold_path,2025秋;探知侠;short_<50;statement_or_other;scaffold_path,L1,L1,true,RANDOM_NORMAL_AUDIT,22,Random normal-case audit (fixed seed 20260925).,V0.1.1
28,P127,2026春,268226,问答记录导出0919_已更新.xlsx::问答记录::R1734:T001,问答记录导出0919_已更新.xlsx::问答记录::R1734,unknown,0.2,5,other_or_unknown,2026春;unknown;short_<50;statement_or_other;other_or_unknown,UNDETERMINED,UNDETERMINED,true,HARD_CASE,128,Hard case: low confidence/undetermined; boundary/scaffold/copy/role ambiguity,V0.1.1
29,P082,2025秋,259852,2025秋-数学模型-问答记录导出20260502导出_已标注_已更新.xlsx::问答记录::R261:T007,2025秋-数学模型-问答记录导出20260502导出_已标注_已更新.xlsx::问答记录::R261,探知侠,0.99,48,scaffold_path,2025秋;探知侠;short_<50;statement_or_other;scaffold_path,L3,L3,true,HARD_CASE,95,Hard case: boundary/scaffold/copy/role ambiguity; agent/path coverage,V0.1.1
30,P004,2026春,268126,问答记录导出0919_已更新.xlsx::问答记录::R1557:T005,问答记录导出0919_已更新.xlsx::问答记录::R1557,逆行侠,0.9,1,reverse_path,2026春;逆行侠;short_<50;statement_or_other;reverse_path,UNDETERMINED,NO_EVIDENCE,true,HARD_CASE,114,Hard case: low confidence/undetermined; boundary/scaffold/copy/role ambiguity; agent/path coverage,V0.1.1
31,P088,2026春,268121,问答记录导出0919_已更新.xlsx::问答记录::R1539:T013,问答记录导出0919_已更新.xlsx::问答记录::R1539,unknown,0.2,3,other_or_unknown,2026春;unknown;short_<50;statement_or_other;other_or_unknown,L4,NO_EVIDENCE,true,HARD_CASE,63,Hard case: boundary/scaffold/copy/role ambiguity,V0.1.1
32,P050,2026春,268500,问答记录导出0919_已更新.xlsx::问答记录::R1842:T003,问答记录导出0919_已更新.xlsx::问答记录::R1842,探知侠,0.9,78,scaffold_path,2026春;探知侠;medium_50_199;explicit_question_mark;scaffold_path,NOT_APPLICABLE,NO_EVIDENCE,true,HARD_CASE,68,Hard case: boundary/scaffold/copy/role ambiguity; agent/path coverage,V0.1.1
33,P053,2026春,268225,问答记录导出0919_已更新.xlsx::问答记录::R1724:T017,问答记录导出0919_已更新.xlsx::问答记录::R1724,探知侠,0.9,64,scaffold_path,2026春;探知侠;medium_50_199;statement_or_other;scaffold_path,UNDETERMINED,UNDETERMINED,true,HARD_CASE,100,Hard case: low confidence/undetermined; boundary/scaffold/copy/role ambiguity; agent/path coverage,V0.1.1
34,P047,2026春,268241,问答记录导出0919_已更新.xlsx::问答记录::R1756:T005,问答记录导出0919_已更新.xlsx::问答记录::R1756,unknown,0.2,55,other_or_unknown,2026春;unknown;medium_50_199;statement_or_other;other_or_unknown,L3,L3,true,HARD_CASE,63,Hard case: boundary/scaffold/copy/role ambiguity,V0.1.1
35,P062,2026春,268162,问答记录导出0919_已更新.xlsx::问答记录::R1654:T007,问答记录导出0919_已更新.xlsx::问答记录::R1654,探知侠,0.9,56,scaffold_path,2026春;探知侠;medium_50_199;statement_or_other;scaffold_path,L3,L3,true,RANDOM_NORMAL_AUDIT,57,Random normal-case audit (fixed seed 20260925).,V0.1.1
36,P083,2026春,268206,问答记录导出0919_已更新.xlsx::问答记录::R1712:T011,问答记录导出0919_已更新.xlsx::问答记录::R1712,unknown,0.2,223,other_or_unknown,2026春;unknown;long_>=200;statement_or_other;other_or_unknown,L4,L4,true,HARD_CASE,63,Hard case: boundary/scaffold/copy/role ambiguity,V0.1.1
37,P140,2026春,268500,问答记录导出0919_已更新.xlsx::问答记录::R1843:T004,问答记录导出0919_已更新.xlsx::问答记录::R1843,unknown,0.2,16,other_or_unknown,2026春;unknown;short_<50;statement_or_other;other_or_unknown,UNDETERMINED,NO_EVIDENCE,true,HARD_CASE,316,Hard case: low confidence/undetermined; boundary/scaffold/copy/role ambiguity,V0.1.1
38,P032,2025秋,258990,2025秋-数学模型-问答记录导出20260502导出_已标注_已更新.xlsx::问答记录::R683:T005,2025秋-数学模型-问答记录导出20260502导出_已标注_已更新.xlsx::问答记录::R683,探知侠,0.99,113,scaffold_path,2025秋;探知侠;medium_50_199;statement_or_other;scaffold_path,L4,L4,true,RANDOM_NORMAL_AUDIT,57,Random normal-case audit (fixed seed 20260925).,V0.1.1
39,P040,2026春,268126,问答记录导出0919_已更新.xlsx::问答记录::R1558:T013,问答记录导出0919_已更新.xlsx::问答记录::R1558,探知侠,0.9,44,scaffold_path,2026春;探知侠;short_<50;statement_or_other;scaffold_path,L5,UNDETERMINED,true,HARD_CASE,118,Hard case: low confidence/undetermined; boundary/scaffold/copy/role ambiguity; agent/path coverage,V0.1.1
40,P065,2026春,268139,问答记录导出0919_已更新.xlsx::问答记录::R1586:T015,问答记录导出0919_已更新.xlsx::问答记录::R1586,unknown,0.2,52,other_or_unknown,2026春;unknown;medium_50_199;statement_or_other;other_or_unknown,L4,NO_EVIDENCE,true,HARD_CASE,63,Hard case: boundary/scaffold/copy/role ambiguity,V0.1.1
41,P108,2026春,268444,问答记录导出0919_已更新.xlsx::问答记录::R1826:T013,问答记录导出0919_已更新.xlsx::问答记录::R1826,探知侠,0.9,525,scaffold_path,2026春;探知侠;long_>=200;statement_or_other;scaffold_path,L6,L6,true,HARD_CASE,78,Hard case: boundary/scaffold/copy/role ambiguity; agent/path coverage,V0.1.1
42,P054,2026春,268135,问答记录导出0919_已更新.xlsx::问答记录::R1575:T005,问答记录导出0919_已更新.xlsx::问答记录::R1575,探知侠,0.9,299,scaffold_path,2026春;探知侠;long_>=200;statement_or_other;scaffold_path,L4,L4,true,HARD_CASE,95,Hard case: boundary/scaffold/copy/role ambiguity; agent/path coverage,V0.1.1
43,P020,2025秋,25A134,2025秋-数学模型-问答记录导出20260502导出_已标注_已更新.xlsx::问答记录::R319:T003,2025秋-数学模型-问答记录导出20260502导出_已标注_已更新.xlsx::问答记录::R319,探知侠,0.99,44,scaffold_path,2025秋;探知侠;short_<50;statement_or_other;scaffold_path,L3,L3,true,RANDOM_NORMAL_AUDIT,57,Random normal-case audit (fixed seed 20260925).,V0.1.1
44,P009,2026春,268184,问答记录导出0919_已更新.xlsx::问答记录::R1680:T001,问答记录导出0919_已更新.xlsx::问答记录::R1680,逆行侠,0.9,36,reverse_path,2026春;逆行侠;short_<50;statement_or_other;reverse_path,UNDETERMINED,NO_EVIDENCE,true,HARD_CASE,114,Hard case: low confidence/undetermined; boundary/scaffold/copy/role ambiguity; agent/path coverage,V0.1.1
45,P103,2025秋,25A168,2025秋-数学模型-问答记录导出20260502导出_已标注_已更新.xlsx::问答记录::R440:T007,2025秋-数学模型-问答记录导出20260502导出_已标注_已更新.xlsx::问答记录::R440,数模全才,0.99,355,other_or_unknown,2025秋;数模全才;long_>=200;statement_or_other;other_or_unknown,L4,L4,true,HARD_CASE,73,Hard case: boundary/scaffold/copy/role ambiguity,V0.1.1
46,P067,2025秋,259867,2025秋-数学模型-问答记录导出20260502导出_已标注_已更新.xlsx::问答记录::R459:T011,2025秋-数学模型-问答记录导出20260502导出_已标注_已更新.xlsx::问答记录::R459,探知侠,0.99,139,scaffold_path,2025秋;探知侠;medium_50_199;statement_or_other;scaffold_path,L6,L4,true,HARD_CASE,163,Hard case: Task-Evidence gap; boundary/scaffold/copy/role ambiguity; agent/path coverage,V0.1.1
47,P051,2026春,268248,问答记录导出0919_已更新.xlsx::问答记录::R1773:T001,问答记录导出0919_已更新.xlsx::问答记录::R1773,unknown,0.2,870,other_or_unknown,2026春;unknown;long_>=200;statement_or_other;other_or_unknown,UNDETERMINED,L4,true,HARD_CASE,163,Hard case: low confidence/undetermined; boundary/scaffold/copy/role ambiguity,V0.1.1
48,P024,2025秋,259877,2025秋-数学模型-问答记录导出20260502导出_已标注_已更新.xlsx::问答记录::R199:T005,2025秋-数学模型-问答记录导出20260502导出_已标注_已更新.xlsx::问答记录::R199,探知侠,0.99,41,scaffold_path,2025秋;探知侠;short_<50;statement_or_other;scaffold_path,L4,L4,true,RANDOM_NORMAL_AUDIT,57,Random normal-case audit (fixed seed 20260925).,V0.1.1
49,P077,2026春,268044,问答记录导出0919_已更新.xlsx::问答记录::R1499:T009,问答记录导出0919_已更新.xlsx::问答记录::R1499,探知侠,0.9,2,scaffold_path,2026春;探知侠;short_<50;statement_or_other;scaffold_path,L3,L1,true,HARD_CASE,145,Hard case: Task-Evidence gap; boundary/scaffold/copy/role ambiguity; agent/path coverage,V0.1.1
50,P076,2026春,268498,问答记录导出0919_已更新.xlsx::问答记录::R1832:T003,问答记录导出0919_已更新.xlsx::问答记录::R1832,逆行侠,0.9,90,reverse_path,2026春;逆行侠;medium_50_199;statement_or_other;reverse_path,L2,NO_EVIDENCE,true,HARD_CASE,82,Hard case: boundary/scaffold/copy/role ambiguity; agent/path coverage,V0.1.1
51,P068,2025秋,258430,2025秋-数学模型-问答记录导出20260502导出_已标注_已更新.xlsx::问答记录::R54:T009,2025秋-数学模型-问答记录导出20260502导出_已标注_已更新.xlsx::问答记录::R54,数模全才,0.99,488,other_or_unknown,2025秋;数模全才;long_>=200;explicit_question_mark;other_or_unknown,L5,L5,true,HARD_CASE,86,Hard case: boundary/scaffold/copy/role ambiguity,V0.1.1
52,P069,2026春,268155,问答记录导出0919_已更新.xlsx::问答记录::R1642:T005,问答记录导出0919_已更新.xlsx::问答记录::R1642,探知侠,0.9,80,scaffold_path,2026春;探知侠;medium_50_199;statement_or_other;scaffold_path,L2,L2,true,RANDOM_NORMAL_AUDIT,22,Random normal-case audit (fixed seed 20260925).,V0.1.1
53,P137,2025秋,259887,2025秋-数学模型-问答记录导出20260502导出_已标注_已更新.xlsx::问答记录::R270:T003,2025秋-数学模型-问答记录导出20260502导出_已标注_已更新.xlsx::问答记录::R270,探知侠,0.99,27,scaffold_path,2025秋;探知侠;short_<50;request_or_question_form;scaffold_path,L3,NO_EVIDENCE,true,HARD_CASE,223,Hard case: boundary/scaffold/copy/role ambiguity; agent/path coverage,V0.1.1
54,P033,2025秋,258924,2025秋-数学模型-问答记录导出20260502导出_已标注_已更新.xlsx::问答记录::R78:T003,2025秋-数学模型-问答记录导出20260502导出_已标注_已更新.xlsx::问答记录::R78,探知侠,0.99,275,scaffold_path,2025秋;探知侠;long_>=200;statement_or_other;scaffold_path,L2,L2,true,RANDOM_NORMAL_AUDIT,22,Random normal-case audit (fixed seed 20260925).,V0.1.1
55,P107,2026春,268248,问答记录导出0919_已更新.xlsx::问答记录::R1770:T007,问答记录导出0919_已更新.xlsx::问答记录::R1770,探知侠,0.9,640,scaffold_path,2026春;探知侠;long_>=200;statement_or_other;scaffold_path,L3,L3,true,RANDOM_NORMAL_AUDIT,57,Random normal-case audit (fixed seed 20260925).,V0.1.1
56,P100,2026春,268139,问答记录导出0919_已更新.xlsx::问答记录::R1586:T013,问答记录导出0919_已更新.xlsx::问答记录::R1586,unknown,0.2,119,other_or_unknown,2026春;unknown;medium_50_199;statement_or_other;other_or_unknown,L4,NO_EVIDENCE,true,HARD_CASE,63,Hard case: boundary/scaffold/copy/role ambiguity,V0.1.1
57,P030,2025秋,259425,2025秋-数学模型-问答记录导出20260502导出_已标注_已更新.xlsx::问答记录::R39:T003,2025秋-数学模型-问答记录导出20260502导出_已标注_已更新.xlsx::问答记录::R39,探知侠,0.99,264,scaffold_path,2025秋;探知侠;long_>=200;statement_or_other;scaffold_path,UNDETERMINED,UNDETERMINED,true,HARD_CASE,168,Hard case: low confidence/undetermined; boundary/scaffold/copy/role ambiguity; agent/path coverage,V0.1.1
58,P001,2026春,268214,问答记录导出0919_已更新.xlsx::问答记录::R1715:T001,问答记录导出0919_已更新.xlsx::问答记录::R1715,逆行侠,0.9,54,reverse_path,2026春;逆行侠;medium_50_199;statement_or_other;reverse_path,UNDETERMINED,NO_EVIDENCE,true,HARD_CASE,114,Hard case: low confidence/undetermined; boundary/scaffold/copy/role ambiguity; agent/path coverage,V0.1.1
59,P106,2025秋,259107,2025秋-数学模型-问答记录导出20260502导出_已标注_已更新.xlsx::问答记录::R179:T003,2025秋-数学模型-问答记录导出20260502导出_已标注_已更新.xlsx::问答记录::R179,数模全才,0.99,9,other_or_unknown,2025秋;数模全才;short_<50;statement_or_other;other_or_unknown,L1,L1,true,RANDOM_NORMAL_AUDIT,0,Random normal-case audit (fixed seed 20260925).,V0.1.1
60,P139,2026春,268500,问答记录导出0919_已更新.xlsx::问答记录::R1843:T003,问答记录导出0919_已更新.xlsx::问答记录::R1843,unknown,0.2,16,other_or_unknown,2026春;unknown;short_<50;statement_or_other;other_or_unknown,UNDETERMINED,NO_EVIDENCE,true,HARD_CASE,316,Hard case: low confidence/undetermined; boundary/scaffold/copy/role ambiguity,V0.1.1
61,P059,2025秋,259336,2025秋-数学模型-问答记录导出20260502导出_已标注_已更新.xlsx::问答记录::R812:T003,2025秋-数学模型-问答记录导出20260502导出_已标注_已更新.xlsx::问答记录::R812,数模全才,0.99,51,other_or_unknown,2025秋;数模全才;medium_50_199;explicit_question_mark;other_or_unknown,L4,NO_EVIDENCE,true,HARD_CASE,103,Hard case: boundary/scaffold/copy/role ambiguity,V0.1.1
62,P007,2026春,268436,问答记录导出0919_已更新.xlsx::问答记录::R1820:T001,问答记录导出0919_已更新.xlsx::问答记录::R1820,逆行侠,0.9,12,reverse_path,2026春;逆行侠;short_<50;statement_or_other;reverse_path,UNDETERMINED,NO_EVIDENCE,true,HARD_CASE,114,Hard case: low confidence/undetermined; boundary/scaffold/copy/role ambiguity; agent/path coverage,V0.1.1
63,P039,2025秋,258906,2025秋-数学模型-问答记录导出20260502导出_已标注_已更新.xlsx::问答记录::R212:T011,2025秋-数学模型-问答记录导出20260502导出_已标注_已更新.xlsx::问答记录::R212,探知侠,0.99,296,scaffold_path,2025秋;探知侠;long_>=200;statement_or_other;scaffold_path,L3,L3,true,RANDOM_NORMAL_AUDIT,57,Random normal-case audit (fixed seed 20260925).,V0.1.1
64,P121,2025秋,259053,2025秋-数学模型-问答记录导出20260502导出_已标注_已更新.xlsx::问答记录::R355:T001,2025秋-数学模型-问答记录导出20260502导出_已标注_已更新.xlsx::问答记录::R355,数模全才,0.99,15,other_or_unknown,2025秋;数模全才;short_<50;statement_or_other;other_or_unknown,UNDETERMINED,UNDETERMINED,true,HARD_CASE,100,Hard case: low confidence/undetermined; boundary/scaffold/copy/role ambiguity,V0.1.1
65,P052,2026春,268254,问答记录导出0919_已更新.xlsx::问答记录::R1798:T001,问答记录导出0919_已更新.xlsx::问答记录::R1798,逆行侠,0.9,18,reverse_path,2026春;逆行侠;short_<50;statement_or_other;reverse_path,UNDETERMINED,UNDETERMINED,true,HARD_CASE,114,Hard case: low confidence/undetermined; boundary/scaffold/copy/role ambiguity; agent/path coverage,V0.1.1
66,P104,2026春,268240,问答记录导出0919_已更新.xlsx::问答记录::R1740:T005,问答记录导出0919_已更新.xlsx::问答记录::R1740,探知侠,0.9,10,scaffold_path,2026春;探知侠;short_<50;explicit_question_mark;scaffold_path,L3,L1,true,HARD_CASE,107,Hard case: Task-Evidence gap; agent/path coverage,V0.1.1
67,P026,2025秋,259116,2025秋-数学模型-问答记录导出20260502导出_已标注_已更新.xlsx::问答记录::R274:T009,2025秋-数学模型-问答记录导出20260502导出_已标注_已更新.xlsx::问答记录::R274,数模全才,0.99,74,other_or_unknown,2025秋;数模全才;medium_50_199;statement_or_other;other_or_unknown,L5,L5,true,RANDOM_NORMAL_AUDIT,18,Random normal-case audit (fixed seed 20260925).,V0.1.1
68,P133,2025秋,25A150,2025秋-数学模型-问答记录导出20260502导出_已标注_已更新.xlsx::问答记录::R497:T007,2025秋-数学模型-问答记录导出20260502导出_已标注_已更新.xlsx::问答记录::R497,探知侠,0.99,506,scaffold_path,2025秋;探知侠;long_>=200;explicit_question_mark;scaffold_path,L4,L4,true,RANDOM_NORMAL_AUDIT,57,Random normal-case audit (fixed seed 20260925).,V0.1.1
69,P027,2025秋,25A168,2025秋-数学模型-问答记录导出20260502导出_已标注_已更新.xlsx::问答记录::R206:T003,2025秋-数学模型-问答记录导出20260502导出_已标注_已更新.xlsx::问答记录::R206,探知侠,0.99,380,scaffold_path,2025秋;探知侠;long_>=200;explicit_question_mark;scaffold_path,L4,L4,true,RANDOM_NORMAL_AUDIT,57,Random normal-case audit (fixed seed 20260925).,V0.1.1
70,P074,2025秋,259865,2025秋-数学模型-问答记录导出20260502导出_已标注_已更新.xlsx::问答记录::R408:T007,2025秋-数学模型-问答记录导出20260502导出_已标注_已更新.xlsx::问答记录::R408,数模全才,0.99,528,other_or_unknown,2025秋;数模全才;long_>=200;statement_or_other;other_or_unknown,L3,L3,true,RANDOM_NORMAL_AUDIT,35,Random normal-case audit (fixed seed 20260925).,V0.1.1
