open_time,close,volume,close_time
1771459200000,67003.73,14542.26988,1771545599999
1771545600000,68020.01,35351.87091,1771631999999
1771632000000,67975.93,8032.84131,1771718399999
1771718400000,67643.4,8175.13484,1771804799999
1771804800000,64656.02,33075.90923,1771891199999
1771891200000,64058.15,23102.83622,1771977599999
1771977600000,67988.04,30749.99259,1772063999999
1772064000000,67485.18,20737.77792,1772150399999
1772150400000,65872.1,21228.58424,1772236799999
1772236800000,66973.26,22548.71649,1772323199999
1772323200000,65776.47,23201.85859,1772409599999
1772409600000,68830.06,32010.38431,1772495999999
1772496000000,68338.0,24972.2418,1772582399999
1772582400000,72666.77,44919.0761,1772668799999
1772668800000,70890.72,26590.51253,1772755199999
1772755200000,68114.02,22629.88722,1772841599999
1772841600000,67262.91,12719.54315,1772927999999
1772928000000,65971.2,21593.63901,1773014399999
1773014400000,68432.16,28896.7213,1773100799999
1773100800000,69948.63,32602.57726,1773187199999
1773187200000,70191.86,27249.27542,1773273599999
1773273600000,70541.34,21997.1605,1773359999999
1773360000000,70930.0,35996.61678,1773446399999
1773446400000,71211.95,13017.24737,1773532799999
1773532800000,72815.24,14037.30704,1773619199999
1773619200000,74884.67,28409.53019,1773705599999
1773705600000,73909.36,24521.26636,1773791999999
1773792000000,71246.54,23392.88093,1773878399999
1773878400000,69930.0,22364.81819,1773964799999
1773964800000,70510.73,18121.16745,1774051199999
1774051200000,68918.12,13397.1675,1774137599999
1774137600000,67859.0,14843.78682,1774223999999
1774224000000,70906.45,28335.09119,1774310399999
1774310400000,70556.74,20702.42244,1774396799999
1774396800000,71336.53,17719.50066,1774483199999
1774483200000,68820.31,20820.45768,1774569599999
1774569600000,66407.28,28603.69557,1774655999999
1774656000000,66377.03,11462.39847,1774742399999
1774742400000,66010.93,10052.85584,1774828799999
1774828800000,66797.37,18353.38975,1774915199999
1774915200000,68284.48,22105.40662,1775001599999
1775001600000,68113.92,19020.1899,1775087999999
1775088000000,66901.99,20203.47916,1775174399999
1775174400000,66964.3,11429.13131,1775260799999
1775260800000,67300.42,7373.51613,1775347199999
1775347200000,69034.18,11733.46752,1775433599999
1775433600000,68853.66,20281.61044,1775519999999
1775520000000,71924.22,23750.49661,1775606399999
1775606400000,71069.93,19802.68627,1775692799999
1775692800000,71787.97,18158.42159,1775779199999
1775779200000,72962.7,17372.63288,1775865599999
1775865600000,73043.16,9070.94374,1775951999999
1775952000000,70740.98,13472.46801,1776038399999
1776038400000,74417.99,24230.21625,1776124799999
1776124800000,74131.55,26532.94456,1776211199999
1776211200000,74809.99,14425.04167,1776297599999
1776297600000,75154.29,17088.68777,1776383999999
1776384000000,77072.0,25941.36694,1776470399999
1776470400000,75691.76,9141.84456,1776556799999
1776556800000,73801.79,11369.82232,1776643199999
1776643200000,75840.97,16993.41034,1776729599999
1776729600000,76336.15,14912.57132,1776815999999
1776816000000,78178.23,19737.51225,1776902399999
1776902400000,78257.48,16970.79501,1776988799999
1776988800000,77437.13,12675.14315,1777075199999
1777075200000,77625.0,5685.1142,1777161599999
1777161600000,78657.55,7963.56162,1777247999999
1777248000000,77371.32,16046.92418,1777334399999
1777334400000,76342.77,13210.72383,1777420799999
1777420800000,75780.0,18279.93022,1777507199999
1777507200000,76346.57,10381.81607,1777593599999
1777593600000,78231.13,17315.46502,1777679999999
1777680000000,78686.85,6150.87642,1777766399999
1777766400000,78568.57,7425.7929,1777852799999
1777852800000,79861.01,26042.96135,1777939199999
1777939200000,80905.52,16947.17995,1778025599999
1778025600000,81447.01,18798.77396,1778111999999
1778112000000,80006.0,16154.80338,1778198399999
1778198400000,80193.17,16001.31009,1778284799999
1778284800000,80678.4,7548.42177,1778371199999
1778371200000,82210.07,12034.31882,1778457599999
1778457600000,81745.65,12951.76056,1778543999999
1778544000000,80504.47,12386.25676,1778630399999
1778630400000,79313.61,14810.05643,1778716799999
1778716800000,81089.99,19727.86807,1778803199999
1778803200000,79113.21,17351.27079,1778889599999
1778889600000,78148.05,12132.86192,1778975999999
1778976000000,77457.67,8442.7022,1779062399999
1779062400000,77001.87,18745.51678,1779148799999
1779148800000,76834.36,11024.85978,1779235199999
1779235200000,77552.23,11296.26307,1779321599999
1779321600000,77615.52,11318.25841,1779407999999
1779408000000,75539.5,11272.36134,1779494399999
1779494400000,76752.01,15086.88814,1779580799999
1779580800000,77064.96,8398.00156,1779667199999
1779667200000,77322.01,7672.32197,1779753599999
1779753600000,75930.01,16953.47629,1779839999999
1779840000000,74449.3,16877.77483,1779926399999
1779926400000,73617.51,21274.02026,1780012799999
1780012800000,73460.78,18686.74141,1780099199999
1780099200000,73884.38,7515.40909,1780185599999
1780185600000,73674.39,6986.45707,1780271999999
1780272000000,71408.9,23921.09184,1780358399999
1780358400000,66760.83,32858.19586,1780444799999
1780444800000,64142.75,30138.3065,1780531199999
1780531200000,63885.99,43577.17571,1780617599999
1780617600000,61056.47,55027.28807,1780703999999
1780704000000,60884.62,19795.58877,1780790399999
1780790400000,63332.01,26612.10443,1780876799999
1780876800000,63085.99,23053.38624,1780963199999
1780963200000,61730.0,21636.21959,1781049599999
1781049600000,61510.99,15998.71652,1781135999999
1781136000000,63625.99,17380.94642,1781222399999
1781222400000,63580.01,16397.0524,1781308799999
1781308800000,64458.01,9960.74163,1781395199999
1781395200000,65746.45,13203.03375,1781481599999
1781481600000,66328.74,18559.80102,1781567999999
1781568000000,65675.01,14302.05801,1781654399999
1781654400000,64509.4,19048.65409,1781740799999
1781740800000,62958.01,16935.59661,1781827199999
1781827200000,63543.91,14247.424,1781913599999
1781913600000,64298.01,9522.10324,1781999999999
1782000000000,63311.99,8034.66333,1782086399999
1782086400000,64020.01,15423.10851,1782172799999
1782172800000,62734.57,20222.99292,1782259199999
1782259200000,61077.99,30678.28543,1782345599999
1782345600000,59794.0,30386.00694,1782431999999
1782432000000,60097.27,27403.55723,1782518399999
1782518400000,60029.0,9587.22916,1782604799999
1782604800000,59577.01,8907.13796,1782691199999
1782691200000,60260.21,20203.14178,1782777599999
1782777600000,58624.71,19639.82787,1782863999999
1782864000000,60024.0,25093.44662,1782950399999
1782950400000,61560.0,21382.14163,1783036799999
1783036800000,62583.26,14048.98627,1783123199999
1783123200000,63144.01,9139.8274,1783209599999
1783209600000,63650.0,9172.07758,1783295999999
1783296000000,64042.02,21435.28437,1783382399999
1783382400000,63363.99,16834.20823,1783468799999
1783468800000,62290.0,18620.09796,1783555199999
1783555200000,63230.0,16742.80672,1783641599999
1783641600000,64161.72,17589.00122,1783727999999
1783728000000,63819.0,9151.97432,1783814399999
1783814400000,63780.0,13914.83703,1783900799999
1783900800000,62334.52,21682.50204,1783987199999
1783987200000,65043.98,20552.41384,1784073599999
1784073600000,64756.28,18401.89741,1784159999999
1784160000000,63830.2,18764.52679,1784246399999
1784246400000,63931.67,18189.89389,1784332799999
1784332800000,64834.22,8031.18012,1784419199999
1784419200000,64722.54,8379.91474,1784505599999
1784505600000,65255.51,21323.48702,1784591999999
1784592000000,66556.16,18618.28087,1784678399999
1784678400000,66114.49,18074.86602,1784764799999
1784764800000,65098.97,14698.22673,1784851199999
1784851200000,64139.99,16821.2718,1784937599999
1784937600000,64375.0,8863.0503,1785023999999
1785024000000,65399.99,7933.06089,1785110399999
1785110400000,63755.86,14791.90543,1785196799999
1785196800000,63915.0,13889.82996,1785283199999
1785283200000,63984.28,16780.11912,1785369599999
1785369600000,64780.02,17131.58486,1785455999999
1785456000000,62887.88,20475.60686,1785542399999
1785542400000,62823.64,7563.08904,1785628799999
1785628800000,63570.0,8387.01154,1785715199999
1785715200000,63520.0,15543.29743,1785801599999
1785801600000,64106.56,13690.47909,1785887999999
1785888000000,64665.23,12742.85528,1785974399999
1785974400000,64323.61,9864.43284,1786060799999
1786060800000,64923.19,11807.40403,1786147199999
1786147200000,64962.6,5760.14298,1786233599999
1786233600000,64901.59,7031.23606,1786319999999
1786320000000,63970.01,13638.40877,1786406399999
1786406400000,63600.0,12891.63248,1786492799999
1786492800000,63479.99,13627.06822,1786579199999
1786579200000,63490.86,10793.85853,1786665599999
1786665600000,63043.56,12340.82899,1786751999999
1786752000000,63086.01,5405.16038,1786838399999
1786838400000,62900.0,4737.23135,1786924799999
1786924800000,64532.1,14255.64713,1787011199999
1787011200000,64725.42,11789.91312,1787097599999
1787097600000,69334.79,29054.29976,1787183999999
1787184000000,73025.15,35904.79287,1787270399999
1787270400000,78338.03,44339.56568,1787356799999
1787356800000,77074.93,18524.50847,1787443199999
1787443200000,77734.0,15367.23185,1787529599999
1787529600000,78992.75,30179.29391,1787615999999
1787616000000,78539.14,24772.51394,1787702399999
1787702400000,79023.75,14613.75887,1787788799999
1787788800000,80249.58,16265.53695,1787875199999
1787875200000,77845.87,19756.43646,1787961599999
1787961600000,78230.0,7016.30257,1788047999999
1788048000000,77682.0,9085.42405,1788134399999
1788134400000,78581.29,15303.90602,1788220799999
1788220800000,77439.0,14130.63949,1788307199999
1788307200000,77340.01,13070.9782,1788393599999
1788393600000,81270.37,19806.42247,1788479999999
1788480000000,79660.77,19198.62549,1788566399999
1788566400000,79831.75,9117.2402,1788652799999
1788652800000,80341.83,8854.81827,1788739199999
1788739200000,79112.01,10572.45495,1788825599999
1788825600000,78455.8,19235.06605,1788911999999
1788912000000,78306.43,14129.92027,1788998399999
1788998400000,76568.72,15320.36904,1789084799999
1789084800000,77225.7,19713.27729,1789171199999
1789171200000,77278.73,8060.44455,1789257599999
1789257600000,76842.01,6959.68366,1789343999999
1789344000000,78189.21,15413.48971,1789430399999
1789430400000,75644.48,21682.71734,1789516799999
1789516800000,76206.01,14887.98431,1789603199999
1789603200000,76417.01,10925.02219,1789689599999
1789689600000,80883.87,23907.77962,1789775999999
1789776000000,81249.99,10663.76706,1789862399999
1789862400000,81178.0,10993.68293,1789948799999
1789948800000,86620.0,31963.17872,1790035199999
1790035200000,86208.56,21328.45813,1790121599999
1790121600000,84397.6,22150.93277,1790207999999
1790208000000,84410.24,18703.61971,1790294399999
1790294400000,84099.99,18056.26519,1790380799999
1790380800000,83931.5,1816.93776,1790467199999
