timestamp,symbol,close,volume,raw_signal,reliability,completeness,agreement,stability,calibration,adjusted_signal,decision,evaluation_status,future_return,raw_signal_correct,adjusted_signal_correct,accepted_sample,abstained_sample,parameter_version,model_version,source_endpoint,capture_mode
2026-09-26T05:20:00+00:00,BTCUSDT,83945.49,3.5275,0.580693085836,0.598965761395,1,0.666666666667,0.0837176958658,0.411111111111,0.347815276295,ABSTAIN,PENDING_FUTURE_RETURN,,,,0,1,transfer_finance_v1_frozen_2026-09-26,btc_usdt_7d_momentum_market_evidence_v1,https://data-api.binance.vision/api/v3/klines,LIVE_PUBLIC_1M_SNAPSHOT
2026-09-26T05:21:00+00:00,BTCUSDT,83957.43,1.29945,0.582637768559,0.598965761395,1,0.666666666667,0.0837176958658,0.411111111111,0.348980074663,ABSTAIN,PENDING_FUTURE_RETURN,,,,0,1,transfer_finance_v1_frozen_2026-09-26,btc_usdt_7d_momentum_market_evidence_v1,https://data-api.binance.vision/api/v3/klines,LIVE_PUBLIC_1M_SNAPSHOT
2026-09-26T05:22:00+00:00,BTCUSDT,83957.43,1.23646,0.582637768559,0.598965761395,1,0.666666666667,0.0837176958658,0.411111111111,0.348980074663,ABSTAIN,PENDING_FUTURE_RETURN,,,,0,1,transfer_finance_v1_frozen_2026-09-26,btc_usdt_7d_momentum_market_evidence_v1,https://data-api.binance.vision/api/v3/klines,LIVE_PUBLIC_1M_SNAPSHOT
2026-09-26T05:23:00+00:00,BTCUSDT,83979.99,3.03428,0.586293995085,0.598965761395,1,0.666666666667,0.0837176958658,0.411111111111,0.351170029167,ABSTAIN,PENDING_FUTURE_RETURN,,,,0,1,transfer_finance_v1_frozen_2026-09-26,btc_usdt_7d_momentum_market_evidence_v1,https://data-api.binance.vision/api/v3/klines,LIVE_PUBLIC_1M_SNAPSHOT
2026-09-26T05:24:00+00:00,BTCUSDT,83991.99,2.11976,0.58822912755,0.598965761395,1,0.666666666667,0.0837176958658,0.411111111111,0.352329107258,ABSTAIN,PENDING_FUTURE_RETURN,,,,0,1,transfer_finance_v1_frozen_2026-09-26,btc_usdt_7d_momentum_market_evidence_v1,https://data-api.binance.vision/api/v3/klines,LIVE_PUBLIC_1M_SNAPSHOT
2026-09-26T05:25:00+00:00,BTCUSDT,83982.98,1.23092,0.586776793606,0.598965761395,1,0.666666666667,0.0837176958658,0.411111111111,0.351459208951,ABSTAIN,PENDING_FUTURE_RETURN,,,,0,1,transfer_finance_v1_frozen_2026-09-26,btc_usdt_7d_momentum_market_evidence_v1,https://data-api.binance.vision/api/v3/klines,LIVE_PUBLIC_1M_SNAPSHOT
2026-09-26T05:26:00+00:00,BTCUSDT,83994.14,5.29463,0.588575129622,0.598965761395,1,0.666666666667,0.0837176958658,0.411111111111,0.352536350652,ABSTAIN,PENDING_FUTURE_RETURN,,,,0,1,transfer_finance_v1_frozen_2026-09-26,btc_usdt_7d_momentum_market_evidence_v1,https://data-api.binance.vision/api/v3/klines,LIVE_PUBLIC_1M_SNAPSHOT
2026-09-26T05:27:00+00:00,BTCUSDT,83948.37,4.31226,0.581162763518,0.598965761395,1,0.666666666667,0.0837176958658,0.411111111111,0.348096597145,ABSTAIN,PENDING_FUTURE_RETURN,,,,0,1,transfer_finance_v1_frozen_2026-09-26,btc_usdt_7d_momentum_market_evidence_v1,https://data-api.binance.vision/api/v3/klines,LIVE_PUBLIC_1M_SNAPSHOT
2026-09-26T05:28:00+00:00,BTCUSDT,83931.5,3.94948,0.578406057257,0.598965761395,1,0.666666666667,0.0837176958658,0.411111111111,0.34644542448,ABSTAIN,PENDING_FUTURE_RETURN,,,,0,1,transfer_finance_v1_frozen_2026-09-26,btc_usdt_7d_momentum_market_evidence_v1,https://data-api.binance.vision/api/v3/klines,LIVE_PUBLIC_1M_SNAPSHOT
2026-09-26T05:29:00+00:00,BTCUSDT,83931.51,0.40096,0.578407695277,0.598965761395,1,0.666666666667,0.0837176958658,0.411111111111,0.346446405598,ABSTAIN,PENDING_FUTURE_RETURN,,,,0,1,transfer_finance_v1_frozen_2026-09-26,btc_usdt_7d_momentum_market_evidence_v1,https://data-api.binance.vision/api/v3/klines,LIVE_PUBLIC_1M_SNAPSHOT
