result_scope,result_source,claim_boundary,record_id,task_level,evidence_level,evidence_observable,evidence_high_order,task_evidence_gap,development_score,development_score_0_1,task_confidence,evidence_confidence,confidence,task_actor,task_source,prompt_induced_flag,context_truncated_flag,content_relation,annotation_source,annotation_status
DEVELOPMENT_ONLY,AI_PROVISIONAL,NOT FOR FORMAL GATE OR FINAL CLAIMS,P072,4.0,,False,False,,,,medium,low,low,ai,ai_prompt,True,True,not_comparable,AI_PROVISIONAL,DEVELOPMENT_ONLY
DEVELOPMENT_ONLY,AI_PROVISIONAL,NOT FOR FORMAL GATE OR FINAL CLAIMS,P071,4.0,,False,False,,,,low,low,low,student,student_request,False,False,not_comparable,AI_PROVISIONAL,DEVELOPMENT_ONLY
DEVELOPMENT_ONLY,AI_PROVISIONAL,NOT FOR FORMAL GATE OR FINAL CLAIMS,P005,3.0,,False,False,,,,low,high,low,student,student_request,False,False,not_comparable,AI_PROVISIONAL,DEVELOPMENT_ONLY
DEVELOPMENT_ONLY,AI_PROVISIONAL,NOT FOR FORMAL GATE OR FINAL CLAIMS,P017,6.0,,False,False,,,,medium,high,medium,ai,ai_prompt,True,False,reworked_with_addition,AI_PROVISIONAL,DEVELOPMENT_ONLY
DEVELOPMENT_ONLY,AI_PROVISIONAL,NOT FOR FORMAL GATE OR FINAL CLAIMS,P097,6.0,,False,False,,,,medium,high,low,ai,ai_prompt,True,True,not_comparable,AI_PROVISIONAL,DEVELOPMENT_ONLY
DEVELOPMENT_ONLY,AI_PROVISIONAL,NOT FOR FORMAL GATE OR FINAL CLAIMS,P028,4.0,,False,False,,,,medium,low,low,ai,ai_prompt,True,True,not_comparable,AI_PROVISIONAL,DEVELOPMENT_ONLY
DEVELOPMENT_ONLY,AI_PROVISIONAL,NOT FOR FORMAL GATE OR FINAL CLAIMS,P008,,,False,False,,,,low,high,low,unknown,unknown,False,False,not_comparable,AI_PROVISIONAL,DEVELOPMENT_ONLY
DEVELOPMENT_ONLY,AI_PROVISIONAL,NOT FOR FORMAL GATE OR FINAL CLAIMS,P002,,,False,False,,,,low,low,low,unknown,unknown,False,False,not_comparable,AI_PROVISIONAL,DEVELOPMENT_ONLY
DEVELOPMENT_ONLY,AI_PROVISIONAL,NOT FOR FORMAL GATE OR FINAL CLAIMS,P036,4.0,,False,False,,,,medium,low,low,ai,ai_prompt,True,True,not_comparable,AI_PROVISIONAL,DEVELOPMENT_ONLY
DEVELOPMENT_ONLY,AI_PROVISIONAL,NOT FOR FORMAL GATE OR FINAL CLAIMS,P131,4.0,,False,False,,,,low,high,low,student,student_request,False,False,not_comparable,AI_PROVISIONAL,DEVELOPMENT_ONLY
DEVELOPMENT_ONLY,AI_PROVISIONAL,NOT FOR FORMAL GATE OR FINAL CLAIMS,P105,5.0,2.0,True,False,3.0,2.0,0.2,medium,medium,medium,ai,ai_prompt,True,False,reworked_with_addition,AI_PROVISIONAL,DEVELOPMENT_ONLY
DEVELOPMENT_ONLY,AI_PROVISIONAL,NOT FOR FORMAL GATE OR FINAL CLAIMS,P080,4.0,,False,False,,,,medium,low,low,ai,ai_prompt,True,True,not_comparable,AI_PROVISIONAL,DEVELOPMENT_ONLY
DEVELOPMENT_ONLY,AI_PROVISIONAL,NOT FOR FORMAL GATE OR FINAL CLAIMS,P089,4.0,,False,False,,,,low,high,low,student,student_request,False,False,not_comparable,AI_PROVISIONAL,DEVELOPMENT_ONLY
DEVELOPMENT_ONLY,AI_PROVISIONAL,NOT FOR FORMAL GATE OR FINAL CLAIMS,P035,6.0,,False,False,,,,medium,low,low,ai,ai_prompt,True,True,not_comparable,AI_PROVISIONAL,DEVELOPMENT_ONLY
DEVELOPMENT_ONLY,AI_PROVISIONAL,NOT FOR FORMAL GATE OR FINAL CLAIMS,P010,3.0,,False,False,,,,low,low,low,student,student_request,False,False,not_comparable,AI_PROVISIONAL,DEVELOPMENT_ONLY
DEVELOPMENT_ONLY,AI_PROVISIONAL,NOT FOR FORMAL GATE OR FINAL CLAIMS,P096,3.0,,False,False,,,,low,high,low,student,student_request,False,False,not_comparable,AI_PROVISIONAL,DEVELOPMENT_ONLY
DEVELOPMENT_ONLY,AI_PROVISIONAL,NOT FOR FORMAL GATE OR FINAL CLAIMS,P031,4.0,,False,False,,,,low,high,low,student,student_request,False,False,not_comparable,AI_PROVISIONAL,DEVELOPMENT_ONLY
DEVELOPMENT_ONLY,AI_PROVISIONAL,NOT FOR FORMAL GATE OR FINAL CLAIMS,P038,6.0,,False,False,,,,medium,low,low,ai,ai_prompt,True,True,not_comparable,AI_PROVISIONAL,DEVELOPMENT_ONLY
DEVELOPMENT_ONLY,AI_PROVISIONAL,NOT FOR FORMAL GATE OR FINAL CLAIMS,P018,6.0,,False,False,,,,medium,low,low,ai,ai_prompt,True,True,not_comparable,AI_PROVISIONAL,DEVELOPMENT_ONLY
DEVELOPMENT_ONLY,AI_PROVISIONAL,NOT FOR FORMAL GATE OR FINAL CLAIMS,P023,6.0,,False,False,,,,medium,low,low,ai,ai_prompt,True,True,not_comparable,AI_PROVISIONAL,DEVELOPMENT_ONLY
DEVELOPMENT_ONLY,AI_PROVISIONAL,NOT FOR FORMAL GATE OR FINAL CLAIMS,P116,6.0,,False,False,,,,medium,low,low,ai,ai_prompt,True,True,not_comparable,AI_PROVISIONAL,DEVELOPMENT_ONLY
DEVELOPMENT_ONLY,AI_PROVISIONAL,NOT FOR FORMAL GATE OR FINAL CLAIMS,P138,6.0,,False,False,,,,medium,low,low,ai,ai_prompt,True,False,reworked_with_addition,AI_PROVISIONAL,DEVELOPMENT_ONLY
DEVELOPMENT_ONLY,AI_PROVISIONAL,NOT FOR FORMAL GATE OR FINAL CLAIMS,P118,5.0,5.0,True,True,0.0,5.0,0.8,medium,medium,medium,ai,ai_prompt,True,False,reworked_with_addition,AI_PROVISIONAL,DEVELOPMENT_ONLY
DEVELOPMENT_ONLY,AI_PROVISIONAL,NOT FOR FORMAL GATE OR FINAL CLAIMS,P094,3.0,3.0,True,False,0.0,3.0,0.4,medium,medium,medium,ai,ai_prompt,True,False,reworked_with_addition,AI_PROVISIONAL,DEVELOPMENT_ONLY
DEVELOPMENT_ONLY,AI_PROVISIONAL,NOT FOR FORMAL GATE OR FINAL CLAIMS,P006,,,False,False,,,,low,low,low,unknown,unknown,False,False,not_comparable,AI_PROVISIONAL,DEVELOPMENT_ONLY
DEVELOPMENT_ONLY,AI_PROVISIONAL,NOT FOR FORMAL GATE OR FINAL CLAIMS,P061,6.0,,False,False,,,,medium,high,medium,ai,ai_prompt,True,False,copied_verbatim,AI_PROVISIONAL,DEVELOPMENT_ONLY
DEVELOPMENT_ONLY,AI_PROVISIONAL,NOT FOR FORMAL GATE OR FINAL CLAIMS,P014,3.0,,False,False,,,,medium,low,low,ai,ai_prompt,True,False,reworked_with_addition,AI_PROVISIONAL,DEVELOPMENT_ONLY
DEVELOPMENT_ONLY,AI_PROVISIONAL,NOT FOR FORMAL GATE OR FINAL CLAIMS,P127,2.0,,False,False,,,,low,high,low,student,student_request,False,False,not_comparable,AI_PROVISIONAL,DEVELOPMENT_ONLY
DEVELOPMENT_ONLY,AI_PROVISIONAL,NOT FOR FORMAL GATE OR FINAL CLAIMS,P082,4.0,,False,False,,,,medium,low,low,ai,ai_prompt,True,True,not_comparable,AI_PROVISIONAL,DEVELOPMENT_ONLY
DEVELOPMENT_ONLY,AI_PROVISIONAL,NOT FOR FORMAL GATE OR FINAL CLAIMS,P004,,,False,False,,,,low,high,low,ai,ai_prompt,True,False,copied_verbatim,AI_PROVISIONAL,DEVELOPMENT_ONLY
DEVELOPMENT_ONLY,AI_PROVISIONAL,NOT FOR FORMAL GATE OR FINAL CLAIMS,P088,4.0,,False,False,,,,medium,high,medium,ai,ai_prompt,True,False,reworked_with_addition,AI_PROVISIONAL,DEVELOPMENT_ONLY
DEVELOPMENT_ONLY,AI_PROVISIONAL,NOT FOR FORMAL GATE OR FINAL CLAIMS,P050,5.0,2.0,True,False,3.0,2.0,0.2,medium,medium,medium,ai,ai_prompt,True,False,reworked_with_addition,AI_PROVISIONAL,DEVELOPMENT_ONLY
DEVELOPMENT_ONLY,AI_PROVISIONAL,NOT FOR FORMAL GATE OR FINAL CLAIMS,P053,6.0,,False,False,,,,medium,low,low,ai,ai_prompt,True,True,not_comparable,AI_PROVISIONAL,DEVELOPMENT_ONLY
DEVELOPMENT_ONLY,AI_PROVISIONAL,NOT FOR FORMAL GATE OR FINAL CLAIMS,P047,4.0,3.0,True,False,1.0,3.0,0.4,medium,medium,medium,ai,ai_prompt,True,False,reworked_with_addition,AI_PROVISIONAL,DEVELOPMENT_ONLY
DEVELOPMENT_ONLY,AI_PROVISIONAL,NOT FOR FORMAL GATE OR FINAL CLAIMS,P062,4.0,,False,False,,,,medium,low,low,ai,ai_prompt,True,True,not_comparable,AI_PROVISIONAL,DEVELOPMENT_ONLY
DEVELOPMENT_ONLY,AI_PROVISIONAL,NOT FOR FORMAL GATE OR FINAL CLAIMS,P083,4.0,2.0,True,False,2.0,2.0,0.2,medium,medium,medium,ai,ai_prompt,True,False,reworked_with_addition,AI_PROVISIONAL,DEVELOPMENT_ONLY
DEVELOPMENT_ONLY,AI_PROVISIONAL,NOT FOR FORMAL GATE OR FINAL CLAIMS,P140,,,False,False,,,,low,high,low,ai,ai_prompt,True,False,reworked_with_addition,AI_PROVISIONAL,DEVELOPMENT_ONLY
DEVELOPMENT_ONLY,AI_PROVISIONAL,NOT FOR FORMAL GATE OR FINAL CLAIMS,P032,6.0,,False,False,,,,medium,low,low,ai,ai_prompt,True,True,not_comparable,AI_PROVISIONAL,DEVELOPMENT_ONLY
DEVELOPMENT_ONLY,AI_PROVISIONAL,NOT FOR FORMAL GATE OR FINAL CLAIMS,P040,5.0,2.0,True,False,3.0,2.0,0.2,medium,medium,medium,ai,ai_prompt,True,False,reworked_with_addition,AI_PROVISIONAL,DEVELOPMENT_ONLY
DEVELOPMENT_ONLY,AI_PROVISIONAL,NOT FOR FORMAL GATE OR FINAL CLAIMS,P065,6.0,,False,False,,,,medium,low,low,ai,ai_prompt,True,True,not_comparable,AI_PROVISIONAL,DEVELOPMENT_ONLY
DEVELOPMENT_ONLY,AI_PROVISIONAL,NOT FOR FORMAL GATE OR FINAL CLAIMS,P108,6.0,6.0,True,True,0.0,6.0,1.0,medium,medium,medium,ai,ai_prompt,True,False,reworked_with_addition,AI_PROVISIONAL,DEVELOPMENT_ONLY
DEVELOPMENT_ONLY,AI_PROVISIONAL,NOT FOR FORMAL GATE OR FINAL CLAIMS,P054,6.0,,False,False,,,,medium,low,low,ai,ai_prompt,True,True,not_comparable,AI_PROVISIONAL,DEVELOPMENT_ONLY
DEVELOPMENT_ONLY,AI_PROVISIONAL,NOT FOR FORMAL GATE OR FINAL CLAIMS,P020,4.0,,False,False,,,,medium,low,low,ai,ai_prompt,True,True,not_comparable,AI_PROVISIONAL,DEVELOPMENT_ONLY
DEVELOPMENT_ONLY,AI_PROVISIONAL,NOT FOR FORMAL GATE OR FINAL CLAIMS,P009,,,False,False,,,,low,low,low,unknown,unknown,False,False,not_comparable,AI_PROVISIONAL,DEVELOPMENT_ONLY
DEVELOPMENT_ONLY,AI_PROVISIONAL,NOT FOR FORMAL GATE OR FINAL CLAIMS,P103,6.0,,False,False,,,,medium,low,low,ai,ai_prompt,True,True,not_comparable,AI_PROVISIONAL,DEVELOPMENT_ONLY
DEVELOPMENT_ONLY,AI_PROVISIONAL,NOT FOR FORMAL GATE OR FINAL CLAIMS,P067,4.0,3.0,True,False,1.0,3.0,0.4,medium,medium,medium,ai,ai_prompt,True,False,reworked_with_addition,AI_PROVISIONAL,DEVELOPMENT_ONLY
DEVELOPMENT_ONLY,AI_PROVISIONAL,NOT FOR FORMAL GATE OR FINAL CLAIMS,P051,6.0,,False,False,,,,low,low,low,student,student_request,False,False,not_comparable,AI_PROVISIONAL,DEVELOPMENT_ONLY
DEVELOPMENT_ONLY,AI_PROVISIONAL,NOT FOR FORMAL GATE OR FINAL CLAIMS,P024,4.0,2.0,True,False,2.0,2.0,0.2,medium,medium,medium,ai,ai_prompt,True,False,reworked_with_addition,AI_PROVISIONAL,DEVELOPMENT_ONLY
DEVELOPMENT_ONLY,AI_PROVISIONAL,NOT FOR FORMAL GATE OR FINAL CLAIMS,P077,4.0,,False,False,,,,medium,high,low,ai,ai_prompt,True,True,not_comparable,AI_PROVISIONAL,DEVELOPMENT_ONLY
DEVELOPMENT_ONLY,AI_PROVISIONAL,NOT FOR FORMAL GATE OR FINAL CLAIMS,P076,6.0,3.0,True,False,3.0,3.0,0.4,medium,medium,medium,ai,ai_prompt,True,False,reworked_with_addition,AI_PROVISIONAL,DEVELOPMENT_ONLY
DEVELOPMENT_ONLY,AI_PROVISIONAL,NOT FOR FORMAL GATE OR FINAL CLAIMS,P068,5.0,,False,False,,,,medium,low,low,ai,ai_prompt,True,True,not_comparable,AI_PROVISIONAL,DEVELOPMENT_ONLY
DEVELOPMENT_ONLY,AI_PROVISIONAL,NOT FOR FORMAL GATE OR FINAL CLAIMS,P069,4.0,,False,False,,,,medium,low,low,ai,ai_prompt,True,True,not_comparable,AI_PROVISIONAL,DEVELOPMENT_ONLY
DEVELOPMENT_ONLY,AI_PROVISIONAL,NOT FOR FORMAL GATE OR FINAL CLAIMS,P137,6.0,,False,False,,,,medium,low,low,ai,ai_prompt,True,False,reworked_with_addition,AI_PROVISIONAL,DEVELOPMENT_ONLY
DEVELOPMENT_ONLY,AI_PROVISIONAL,NOT FOR FORMAL GATE OR FINAL CLAIMS,P033,4.0,6.0,True,True,-2.0,6.0,1.0,medium,medium,medium,ai,ai_prompt,True,False,reworked_with_addition,AI_PROVISIONAL,DEVELOPMENT_ONLY
DEVELOPMENT_ONLY,AI_PROVISIONAL,NOT FOR FORMAL GATE OR FINAL CLAIMS,P107,4.0,,False,False,,,,medium,low,low,ai,ai_prompt,True,True,not_comparable,AI_PROVISIONAL,DEVELOPMENT_ONLY
DEVELOPMENT_ONLY,AI_PROVISIONAL,NOT FOR FORMAL GATE OR FINAL CLAIMS,P100,5.0,5.0,True,True,0.0,5.0,0.8,medium,medium,medium,ai,ai_prompt,True,False,reworked_with_addition,AI_PROVISIONAL,DEVELOPMENT_ONLY
DEVELOPMENT_ONLY,AI_PROVISIONAL,NOT FOR FORMAL GATE OR FINAL CLAIMS,P030,4.0,4.0,True,True,0.0,4.0,0.6,medium,medium,medium,ai,ai_prompt,True,False,reworked_with_addition,AI_PROVISIONAL,DEVELOPMENT_ONLY
DEVELOPMENT_ONLY,AI_PROVISIONAL,NOT FOR FORMAL GATE OR FINAL CLAIMS,P001,3.0,,False,False,,,,low,low,low,student,student_request,False,False,not_comparable,AI_PROVISIONAL,DEVELOPMENT_ONLY
DEVELOPMENT_ONLY,AI_PROVISIONAL,NOT FOR FORMAL GATE OR FINAL CLAIMS,P106,5.0,,False,False,,,,medium,high,low,ai,ai_prompt,True,True,not_comparable,AI_PROVISIONAL,DEVELOPMENT_ONLY
DEVELOPMENT_ONLY,AI_PROVISIONAL,NOT FOR FORMAL GATE OR FINAL CLAIMS,P139,,,False,False,,,,low,high,low,ai,ai_prompt,True,False,reworked_with_addition,AI_PROVISIONAL,DEVELOPMENT_ONLY
DEVELOPMENT_ONLY,AI_PROVISIONAL,NOT FOR FORMAL GATE OR FINAL CLAIMS,P059,6.0,3.0,True,False,3.0,3.0,0.4,medium,medium,medium,ai,ai_prompt,True,False,reworked_with_addition,AI_PROVISIONAL,DEVELOPMENT_ONLY
DEVELOPMENT_ONLY,AI_PROVISIONAL,NOT FOR FORMAL GATE OR FINAL CLAIMS,P007,,,False,False,,,,low,low,low,unknown,unknown,False,False,not_comparable,AI_PROVISIONAL,DEVELOPMENT_ONLY
DEVELOPMENT_ONLY,AI_PROVISIONAL,NOT FOR FORMAL GATE OR FINAL CLAIMS,P039,5.0,6.0,True,True,-1.0,6.0,1.0,medium,medium,medium,ai,ai_prompt,True,False,reworked_with_addition,AI_PROVISIONAL,DEVELOPMENT_ONLY
DEVELOPMENT_ONLY,AI_PROVISIONAL,NOT FOR FORMAL GATE OR FINAL CLAIMS,P121,3.0,,False,False,,,,low,high,low,student,student_request,False,False,not_comparable,AI_PROVISIONAL,DEVELOPMENT_ONLY
DEVELOPMENT_ONLY,AI_PROVISIONAL,NOT FOR FORMAL GATE OR FINAL CLAIMS,P052,,,False,False,,,,low,high,low,unknown,unknown,False,False,not_comparable,AI_PROVISIONAL,DEVELOPMENT_ONLY
DEVELOPMENT_ONLY,AI_PROVISIONAL,NOT FOR FORMAL GATE OR FINAL CLAIMS,P104,6.0,,False,False,,,,medium,high,low,ai,ai_prompt,True,True,not_comparable,AI_PROVISIONAL,DEVELOPMENT_ONLY
DEVELOPMENT_ONLY,AI_PROVISIONAL,NOT FOR FORMAL GATE OR FINAL CLAIMS,P026,5.0,,False,False,,,,medium,low,low,ai,ai_prompt,True,True,not_comparable,AI_PROVISIONAL,DEVELOPMENT_ONLY
DEVELOPMENT_ONLY,AI_PROVISIONAL,NOT FOR FORMAL GATE OR FINAL CLAIMS,P133,5.0,,False,False,,,,medium,low,low,ai,ai_prompt,True,True,not_comparable,AI_PROVISIONAL,DEVELOPMENT_ONLY
DEVELOPMENT_ONLY,AI_PROVISIONAL,NOT FOR FORMAL GATE OR FINAL CLAIMS,P027,6.0,,False,False,,,,medium,low,low,ai,ai_prompt,True,True,not_comparable,AI_PROVISIONAL,DEVELOPMENT_ONLY
DEVELOPMENT_ONLY,AI_PROVISIONAL,NOT FOR FORMAL GATE OR FINAL CLAIMS,P074,6.0,,False,False,,,,medium,low,low,ai,ai_prompt,True,True,not_comparable,AI_PROVISIONAL,DEVELOPMENT_ONLY
