section,row_variable,column_variable,row_level,column_level,n,zero_cell,small_cell,status,note
cross_support_matrix,student_evidence_bloom,prompt_induced,L2,false,0,True,False,,
cross_support_matrix,student_evidence_bloom,prompt_induced,L2,true,5,False,False,,
cross_support_matrix,student_evidence_bloom,prompt_induced,L3,false,0,True,False,,
cross_support_matrix,student_evidence_bloom,prompt_induced,L3,true,5,False,False,,
cross_support_matrix,student_evidence_bloom,prompt_induced,L4,false,0,True,False,,
cross_support_matrix,student_evidence_bloom,prompt_induced,L4,true,1,False,True,,
cross_support_matrix,student_evidence_bloom,prompt_induced,L5,false,0,True,False,,
cross_support_matrix,student_evidence_bloom,prompt_induced,L5,true,2,False,True,,
cross_support_matrix,student_evidence_bloom,prompt_induced,L6,false,0,True,False,,
cross_support_matrix,student_evidence_bloom,prompt_induced,L6,true,3,False,True,,
cross_support_matrix,student_evidence_bloom,prompt_induced,NO_EVIDENCE,false,9,False,False,,
cross_support_matrix,student_evidence_bloom,prompt_induced,NO_EVIDENCE,true,10,False,False,,
cross_support_matrix,student_evidence_bloom,prompt_induced,UNDETERMINED,false,8,False,False,,
cross_support_matrix,student_evidence_bloom,prompt_induced,UNDETERMINED,true,27,False,False,,
cross_support_matrix,student_evidence_bloom,context_truncated,L2,false,5,False,False,,
cross_support_matrix,student_evidence_bloom,context_truncated,L2,true,0,True,False,,
cross_support_matrix,student_evidence_bloom,context_truncated,L3,false,5,False,False,,
cross_support_matrix,student_evidence_bloom,context_truncated,L3,true,0,True,False,,
cross_support_matrix,student_evidence_bloom,context_truncated,L4,false,1,False,True,,
cross_support_matrix,student_evidence_bloom,context_truncated,L4,true,0,True,False,,
cross_support_matrix,student_evidence_bloom,context_truncated,L5,false,2,False,True,,
cross_support_matrix,student_evidence_bloom,context_truncated,L5,true,0,True,False,,
cross_support_matrix,student_evidence_bloom,context_truncated,L6,false,3,False,True,,
cross_support_matrix,student_evidence_bloom,context_truncated,L6,true,0,True,False,,
cross_support_matrix,student_evidence_bloom,context_truncated,NO_EVIDENCE,false,15,False,False,,
cross_support_matrix,student_evidence_bloom,context_truncated,NO_EVIDENCE,true,4,False,True,,
cross_support_matrix,student_evidence_bloom,context_truncated,UNDETERMINED,false,11,False,False,,
cross_support_matrix,student_evidence_bloom,context_truncated,UNDETERMINED,true,24,False,False,,
cross_support_matrix,student_evidence_bloom,confidence,L2,low,0,True,False,,
cross_support_matrix,student_evidence_bloom,confidence,L2,medium,5,False,False,,
cross_support_matrix,student_evidence_bloom,confidence,L3,low,0,True,False,,
cross_support_matrix,student_evidence_bloom,confidence,L3,medium,5,False,False,,
cross_support_matrix,student_evidence_bloom,confidence,L4,low,0,True,False,,
cross_support_matrix,student_evidence_bloom,confidence,L4,medium,1,False,True,,
cross_support_matrix,student_evidence_bloom,confidence,L5,low,0,True,False,,
cross_support_matrix,student_evidence_bloom,confidence,L5,medium,2,False,True,,
cross_support_matrix,student_evidence_bloom,confidence,L6,low,0,True,False,,
cross_support_matrix,student_evidence_bloom,confidence,L6,medium,3,False,True,,
cross_support_matrix,student_evidence_bloom,confidence,NO_EVIDENCE,low,16,False,False,,
cross_support_matrix,student_evidence_bloom,confidence,NO_EVIDENCE,medium,3,False,True,,
cross_support_matrix,student_evidence_bloom,confidence,UNDETERMINED,low,35,False,False,,
cross_support_matrix,student_evidence_bloom,confidence,UNDETERMINED,medium,0,True,False,,
cross_support_matrix,student_evidence_bloom,task_actor,L2,ai,5,False,False,,
cross_support_matrix,student_evidence_bloom,task_actor,L2,student,0,True,False,,
cross_support_matrix,student_evidence_bloom,task_actor,L2,unknown,0,True,False,,
cross_support_matrix,student_evidence_bloom,task_actor,L3,ai,5,False,False,,
cross_support_matrix,student_evidence_bloom,task_actor,L3,student,0,True,False,,
cross_support_matrix,student_evidence_bloom,task_actor,L3,unknown,0,True,False,,
cross_support_matrix,student_evidence_bloom,task_actor,L4,ai,1,False,True,,
cross_support_matrix,student_evidence_bloom,task_actor,L4,student,0,True,False,,
cross_support_matrix,student_evidence_bloom,task_actor,L4,unknown,0,True,False,,
cross_support_matrix,student_evidence_bloom,task_actor,L5,ai,2,False,True,,
cross_support_matrix,student_evidence_bloom,task_actor,L5,student,0,True,False,,
cross_support_matrix,student_evidence_bloom,task_actor,L5,unknown,0,True,False,,
cross_support_matrix,student_evidence_bloom,task_actor,L6,ai,3,False,True,,
cross_support_matrix,student_evidence_bloom,task_actor,L6,student,0,True,False,,
cross_support_matrix,student_evidence_bloom,task_actor,L6,unknown,0,True,False,,
cross_support_matrix,student_evidence_bloom,task_actor,NO_EVIDENCE,ai,10,False,False,,
cross_support_matrix,student_evidence_bloom,task_actor,NO_EVIDENCE,student,7,False,False,,
cross_support_matrix,student_evidence_bloom,task_actor,NO_EVIDENCE,unknown,2,False,True,,
cross_support_matrix,student_evidence_bloom,task_actor,UNDETERMINED,ai,27,False,False,,
cross_support_matrix,student_evidence_bloom,task_actor,UNDETERMINED,student,4,False,True,,
cross_support_matrix,student_evidence_bloom,task_actor,UNDETERMINED,unknown,4,False,True,,
cross_support_matrix,prompt_induced,context_truncated,false,false,17,False,False,,
cross_support_matrix,prompt_induced,context_truncated,false,true,0,True,False,,
cross_support_matrix,prompt_induced,context_truncated,true,false,25,False,False,,
cross_support_matrix,prompt_induced,context_truncated,true,true,28,False,False,,
cross_support_matrix,task_bloom,student_evidence_bloom,L2,L2,0,True,False,,
cross_support_matrix,task_bloom,student_evidence_bloom,L2,L3,0,True,False,,
cross_support_matrix,task_bloom,student_evidence_bloom,L2,L4,0,True,False,,
cross_support_matrix,task_bloom,student_evidence_bloom,L2,L5,0,True,False,,
cross_support_matrix,task_bloom,student_evidence_bloom,L2,L6,0,True,False,,
cross_support_matrix,task_bloom,student_evidence_bloom,L2,NO_EVIDENCE,1,False,True,,
cross_support_matrix,task_bloom,student_evidence_bloom,L2,UNDETERMINED,0,True,False,,
cross_support_matrix,task_bloom,student_evidence_bloom,L3,L2,0,True,False,,
cross_support_matrix,task_bloom,student_evidence_bloom,L3,L3,1,False,True,,
cross_support_matrix,task_bloom,student_evidence_bloom,L3,L4,0,True,False,,
cross_support_matrix,task_bloom,student_evidence_bloom,L3,L5,0,True,False,,
cross_support_matrix,task_bloom,student_evidence_bloom,L3,L6,0,True,False,,
cross_support_matrix,task_bloom,student_evidence_bloom,L3,NO_EVIDENCE,3,False,True,,
cross_support_matrix,task_bloom,student_evidence_bloom,L3,UNDETERMINED,3,False,True,,
cross_support_matrix,task_bloom,student_evidence_bloom,L4,L2,2,False,True,,
cross_support_matrix,task_bloom,student_evidence_bloom,L4,L3,2,False,True,,
cross_support_matrix,task_bloom,student_evidence_bloom,L4,L4,1,False,True,,
cross_support_matrix,task_bloom,student_evidence_bloom,L4,L5,0,True,False,,
cross_support_matrix,task_bloom,student_evidence_bloom,L4,L6,1,False,True,,
cross_support_matrix,task_bloom,student_evidence_bloom,L4,NO_EVIDENCE,5,False,False,,
cross_support_matrix,task_bloom,student_evidence_bloom,L4,UNDETERMINED,10,False,False,,
cross_support_matrix,task_bloom,student_evidence_bloom,L5,L2,3,False,True,,
cross_support_matrix,task_bloom,student_evidence_bloom,L5,L3,0,True,False,,
cross_support_matrix,task_bloom,student_evidence_bloom,L5,L4,0,True,False,,
cross_support_matrix,task_bloom,student_evidence_bloom,L5,L5,2,False,True,,
cross_support_matrix,task_bloom,student_evidence_bloom,L5,L6,1,False,True,,
cross_support_matrix,task_bloom,student_evidence_bloom,L5,NO_EVIDENCE,1,False,True,,
cross_support_matrix,task_bloom,student_evidence_bloom,L5,UNDETERMINED,3,False,True,,
cross_support_matrix,task_bloom,student_evidence_bloom,L6,L2,0,True,False,,
cross_support_matrix,task_bloom,student_evidence_bloom,L6,L3,2,False,True,,
cross_support_matrix,task_bloom,student_evidence_bloom,L6,L4,0,True,False,,
cross_support_matrix,task_bloom,student_evidence_bloom,L6,L5,0,True,False,,
cross_support_matrix,task_bloom,student_evidence_bloom,L6,L6,1,False,True,,
cross_support_matrix,task_bloom,student_evidence_bloom,L6,NO_EVIDENCE,4,False,True,,
cross_support_matrix,task_bloom,student_evidence_bloom,L6,UNDETERMINED,15,False,False,,
cross_support_matrix,task_bloom,student_evidence_bloom,UNDETERMINED,L2,0,True,False,,
cross_support_matrix,task_bloom,student_evidence_bloom,UNDETERMINED,L3,0,True,False,,
cross_support_matrix,task_bloom,student_evidence_bloom,UNDETERMINED,L4,0,True,False,,
cross_support_matrix,task_bloom,student_evidence_bloom,UNDETERMINED,L5,0,True,False,,
cross_support_matrix,task_bloom,student_evidence_bloom,UNDETERMINED,L6,0,True,False,,
cross_support_matrix,task_bloom,student_evidence_bloom,UNDETERMINED,NO_EVIDENCE,5,False,False,,
cross_support_matrix,task_bloom,student_evidence_bloom,UNDETERMINED,UNDETERMINED,4,False,True,,
cross_support_matrix,task_actor,prompt_induced,ai,false,0,True,False,,
cross_support_matrix,task_actor,prompt_induced,ai,true,53,False,False,,
cross_support_matrix,task_actor,prompt_induced,student,false,11,False,False,,
cross_support_matrix,task_actor,prompt_induced,student,true,0,True,False,,
cross_support_matrix,task_actor,prompt_induced,unknown,false,6,False,False,,
cross_support_matrix,task_actor,prompt_induced,unknown,true,0,True,False,,
identifiability_support,prompt_induced,,false,,0,True,False,NOT_IDENTIFIABLE,"Both levels are marginally observed, but readable Evidence has only true=16 and false=0: no prompt counterfactual contrast."
identifiability_support,prompt_induced,,true,,16,False,False,NOT_IDENTIFIABLE,"Both levels are marginally observed, but readable Evidence has only true=16 and false=0: no prompt counterfactual contrast."
identifiability_support,context_truncated,,false,,16,False,False,NOT_IDENTIFIABLE,"Both levels are marginally observed, but readable Evidence has only false=16 and true=0: no truncation counterfactual contrast."
identifiability_support,context_truncated,,true,,0,True,False,NOT_IDENTIFIABLE,"Both levels are marginally observed, but readable Evidence has only false=16 and true=0: no truncation counterfactual contrast."
identifiability_support,confidence,,low,,0,True,False,NOT_IDENTIFIABLE,"Only medium confidence has readable Evidence (16); low=0 and high=0, so confidence stratification/calibration is not identified."
identifiability_support,confidence,,medium,,16,False,False,NOT_IDENTIFIABLE,"Only medium confidence has readable Evidence (16); low=0 and high=0, so confidence stratification/calibration is not identified."
identifiability_support,confidence,,high,,0,True,False,NOT_IDENTIFIABLE,"Only medium confidence has readable Evidence (16); low=0 and high=0, so confidence stratification/calibration is not identified."
identifiability_support,task_actor,,ai,,16,False,False,NOT_IDENTIFIABLE,"Only ai has readable Evidence (16); student=0 and unknown=0, so actor-stratified correction is not identified."
identifiability_support,task_actor,,student,,0,True,False,NOT_IDENTIFIABLE,"Only ai has readable Evidence (16); student=0 and unknown=0, so actor-stratified correction is not identified."
identifiability_support,task_actor,,unknown,,0,True,False,NOT_IDENTIFIABLE,"Only ai has readable Evidence (16); student=0 and unknown=0, so actor-stratified correction is not identified."
