lambda_prompt,lambda_context,r_medium,effective_weight,effective_coverage,valid_or_undefined,adjusted_ABL,adjusted_HOT,adjusted_gap,undefined_reason
0.0,0.0,0.5,8.0,0.11428571428571428,True,3.5625,0.375,1.125,
0.0,0.0,0.75,12.0,0.17142857142857143,True,3.5625,0.375,1.125,
0.0,0.0,1.0,16.0,0.22857142857142856,True,3.5625,0.375,1.125,
0.0,0.1,0.5,8.0,0.11428571428571428,True,3.5625,0.375,1.125,
0.0,0.1,0.75,12.0,0.17142857142857143,True,3.5625,0.375,1.125,
0.0,0.1,1.0,16.0,0.22857142857142856,True,3.5625,0.375,1.125,
0.0,0.2,0.5,8.0,0.11428571428571428,True,3.5625,0.375,1.125,
0.0,0.2,0.75,12.0,0.17142857142857143,True,3.5625,0.375,1.125,
0.0,0.2,1.0,16.0,0.22857142857142856,True,3.5625,0.375,1.125,
0.0,0.3,0.5,8.0,0.11428571428571428,True,3.5625,0.375,1.125,
0.0,0.3,0.75,12.0,0.17142857142857143,True,3.5625,0.375,1.125,
0.0,0.3,1.0,16.0,0.22857142857142856,True,3.5625,0.375,1.125,
0.0,0.4,0.5,8.0,0.11428571428571428,True,3.5625,0.375,1.125,
0.0,0.4,0.75,12.0,0.17142857142857143,True,3.5625,0.375,1.125,
0.0,0.4,1.0,16.0,0.22857142857142856,True,3.5625,0.375,1.125,
0.0,0.5,0.5,8.0,0.11428571428571428,True,3.5625,0.375,1.125,
0.0,0.5,0.75,12.0,0.17142857142857143,True,3.5625,0.375,1.125,
0.0,0.5,1.0,16.0,0.22857142857142856,True,3.5625,0.375,1.125,
0.0,0.6,0.5,8.0,0.11428571428571428,True,3.5625,0.375,1.125,
0.0,0.6,0.75,12.0,0.17142857142857143,True,3.5625,0.375,1.125,
0.0,0.6,1.0,16.0,0.22857142857142856,True,3.5625,0.375,1.125,
0.0,0.7,0.5,8.0,0.11428571428571428,True,3.5625,0.375,1.125,
0.0,0.7,0.75,12.0,0.17142857142857143,True,3.5625,0.375,1.125,
0.0,0.7,1.0,16.0,0.22857142857142856,True,3.5625,0.375,1.125,
0.0,0.8,0.5,8.0,0.11428571428571428,True,3.5625,0.375,1.125,
0.0,0.8,0.75,12.0,0.17142857142857143,True,3.5625,0.375,1.125,
0.0,0.8,1.0,16.0,0.22857142857142856,True,3.5625,0.375,1.125,
0.0,0.9,0.5,8.0,0.11428571428571428,True,3.5625,0.375,1.125,
0.0,0.9,0.75,12.0,0.17142857142857143,True,3.5625,0.375,1.125,
0.0,0.9,1.0,16.0,0.22857142857142856,True,3.5625,0.375,1.125,
0.0,1.0,0.5,8.0,0.11428571428571428,True,3.5625,0.375,1.125,
0.0,1.0,0.75,12.0,0.17142857142857143,True,3.5625,0.375,1.125,
0.0,1.0,1.0,16.0,0.22857142857142856,True,3.5625,0.375,1.125,
0.05,0.0,0.5,7.6,0.10857142857142857,True,3.5625,0.37499999999999994,1.125,
0.05,0.0,0.75,11.399999999999999,0.16285714285714284,True,3.5625,0.375,1.125,
0.05,0.0,1.0,15.2,0.21714285714285714,True,3.5625,0.37499999999999994,1.125,
0.05,0.1,0.5,7.6,0.10857142857142857,True,3.5625,0.37499999999999994,1.125,
0.05,0.1,0.75,11.399999999999999,0.16285714285714284,True,3.5625,0.375,1.125,
0.05,0.1,1.0,15.2,0.21714285714285714,True,3.5625,0.37499999999999994,1.125,
0.05,0.2,0.5,7.6,0.10857142857142857,True,3.5625,0.37499999999999994,1.125,
0.05,0.2,0.75,11.399999999999999,0.16285714285714284,True,3.5625,0.375,1.125,
0.05,0.2,1.0,15.2,0.21714285714285714,True,3.5625,0.37499999999999994,1.125,
0.05,0.3,0.5,7.6,0.10857142857142857,True,3.5625,0.37499999999999994,1.125,
0.05,0.3,0.75,11.399999999999999,0.16285714285714284,True,3.5625,0.375,1.125,
0.05,0.3,1.0,15.2,0.21714285714285714,True,3.5625,0.37499999999999994,1.125,
0.05,0.4,0.5,7.6,0.10857142857142857,True,3.5625,0.37499999999999994,1.125,
0.05,0.4,0.75,11.399999999999999,0.16285714285714284,True,3.5625,0.375,1.125,
0.05,0.4,1.0,15.2,0.21714285714285714,True,3.5625,0.37499999999999994,1.125,
0.05,0.5,0.5,7.6,0.10857142857142857,True,3.5625,0.37499999999999994,1.125,
0.05,0.5,0.75,11.399999999999999,0.16285714285714284,True,3.5625,0.375,1.125,
0.05,0.5,1.0,15.2,0.21714285714285714,True,3.5625,0.37499999999999994,1.125,
0.05,0.6,0.5,7.6,0.10857142857142857,True,3.5625,0.37499999999999994,1.125,
0.05,0.6,0.75,11.399999999999999,0.16285714285714284,True,3.5625,0.375,1.125,
0.05,0.6,1.0,15.2,0.21714285714285714,True,3.5625,0.37499999999999994,1.125,
0.05,0.7,0.5,7.6,0.10857142857142857,True,3.5625,0.37499999999999994,1.125,
0.05,0.7,0.75,11.399999999999999,0.16285714285714284,True,3.5625,0.375,1.125,
0.05,0.7,1.0,15.2,0.21714285714285714,True,3.5625,0.37499999999999994,1.125,
0.05,0.8,0.5,7.6,0.10857142857142857,True,3.5625,0.37499999999999994,1.125,
0.05,0.8,0.75,11.399999999999999,0.16285714285714284,True,3.5625,0.375,1.125,
0.05,0.8,1.0,15.2,0.21714285714285714,True,3.5625,0.37499999999999994,1.125,
0.05,0.9,0.5,7.6,0.10857142857142857,True,3.5625,0.37499999999999994,1.125,
0.05,0.9,0.75,11.399999999999999,0.16285714285714284,True,3.5625,0.375,1.125,
0.05,0.9,1.0,15.2,0.21714285714285714,True,3.5625,0.37499999999999994,1.125,
0.05,1.0,0.5,7.6,0.10857142857142857,True,3.5625,0.37499999999999994,1.125,
0.05,1.0,0.75,11.399999999999999,0.16285714285714284,True,3.5625,0.375,1.125,
0.05,1.0,1.0,15.2,0.21714285714285714,True,3.5625,0.37499999999999994,1.125,
0.1,0.0,0.5,7.2,0.10285714285714286,True,3.5625,0.375,1.125,
0.1,0.0,0.75,10.8,0.1542857142857143,True,3.5625,0.37500000000000006,1.1250000000000002,
0.1,0.0,1.0,14.4,0.2057142857142857,True,3.5625,0.375,1.125,
0.1,0.1,0.5,7.2,0.10285714285714286,True,3.5625,0.375,1.125,
0.1,0.1,0.75,10.8,0.1542857142857143,True,3.5625,0.37500000000000006,1.1250000000000002,
0.1,0.1,1.0,14.4,0.2057142857142857,True,3.5625,0.375,1.125,
0.1,0.2,0.5,7.2,0.10285714285714286,True,3.5625,0.375,1.125,
0.1,0.2,0.75,10.8,0.1542857142857143,True,3.5625,0.37500000000000006,1.1250000000000002,
0.1,0.2,1.0,14.4,0.2057142857142857,True,3.5625,0.375,1.125,
0.1,0.3,0.5,7.2,0.10285714285714286,True,3.5625,0.375,1.125,
0.1,0.3,0.75,10.8,0.1542857142857143,True,3.5625,0.37500000000000006,1.1250000000000002,
0.1,0.3,1.0,14.4,0.2057142857142857,True,3.5625,0.375,1.125,
0.1,0.4,0.5,7.2,0.10285714285714286,True,3.5625,0.375,1.125,
0.1,0.4,0.75,10.8,0.1542857142857143,True,3.5625,0.37500000000000006,1.1250000000000002,
0.1,0.4,1.0,14.4,0.2057142857142857,True,3.5625,0.375,1.125,
0.1,0.5,0.5,7.2,0.10285714285714286,True,3.5625,0.375,1.125,
0.1,0.5,0.75,10.8,0.1542857142857143,True,3.5625,0.37500000000000006,1.1250000000000002,
0.1,0.5,1.0,14.4,0.2057142857142857,True,3.5625,0.375,1.125,
0.1,0.6,0.5,7.2,0.10285714285714286,True,3.5625,0.375,1.125,
0.1,0.6,0.75,10.8,0.1542857142857143,True,3.5625,0.37500000000000006,1.1250000000000002,
0.1,0.6,1.0,14.4,0.2057142857142857,True,3.5625,0.375,1.125,
0.1,0.7,0.5,7.2,0.10285714285714286,True,3.5625,0.375,1.125,
0.1,0.7,0.75,10.8,0.1542857142857143,True,3.5625,0.37500000000000006,1.1250000000000002,
0.1,0.7,1.0,14.4,0.2057142857142857,True,3.5625,0.375,1.125,
0.1,0.8,0.5,7.2,0.10285714285714286,True,3.5625,0.375,1.125,
0.1,0.8,0.75,10.8,0.1542857142857143,True,3.5625,0.37500000000000006,1.1250000000000002,
0.1,0.8,1.0,14.4,0.2057142857142857,True,3.5625,0.375,1.125,
0.1,0.9,0.5,7.2,0.10285714285714286,True,3.5625,0.375,1.125,
0.1,0.9,0.75,10.8,0.1542857142857143,True,3.5625,0.37500000000000006,1.1250000000000002,
0.1,0.9,1.0,14.4,0.2057142857142857,True,3.5625,0.375,1.125,
0.1,1.0,0.5,7.2,0.10285714285714286,True,3.5625,0.375,1.125,
0.1,1.0,0.75,10.8,0.1542857142857143,True,3.5625,0.37500000000000006,1.1250000000000002,
0.1,1.0,1.0,14.4,0.2057142857142857,True,3.5625,0.375,1.125,
0.15,0.0,0.5,6.8,0.09714285714285714,True,3.5625,0.375,1.125,
0.15,0.0,0.75,10.2,0.1457142857142857,True,3.5625,0.375,1.125,
0.15,0.0,1.0,13.6,0.19428571428571428,True,3.5625,0.375,1.125,
0.15,0.1,0.5,6.8,0.09714285714285714,True,3.5625,0.375,1.125,
0.15,0.1,0.75,10.2,0.1457142857142857,True,3.5625,0.375,1.125,
0.15,0.1,1.0,13.6,0.19428571428571428,True,3.5625,0.375,1.125,
0.15,0.2,0.5,6.8,0.09714285714285714,True,3.5625,0.375,1.125,
0.15,0.2,0.75,10.2,0.1457142857142857,True,3.5625,0.375,1.125,
0.15,0.2,1.0,13.6,0.19428571428571428,True,3.5625,0.375,1.125,
0.15,0.3,0.5,6.8,0.09714285714285714,True,3.5625,0.375,1.125,
0.15,0.3,0.75,10.2,0.1457142857142857,True,3.5625,0.375,1.125,
0.15,0.3,1.0,13.6,0.19428571428571428,True,3.5625,0.375,1.125,
0.15,0.4,0.5,6.8,0.09714285714285714,True,3.5625,0.375,1.125,
0.15,0.4,0.75,10.2,0.1457142857142857,True,3.5625,0.375,1.125,
0.15,0.4,1.0,13.6,0.19428571428571428,True,3.5625,0.375,1.125,
0.15,0.5,0.5,6.8,0.09714285714285714,True,3.5625,0.375,1.125,
0.15,0.5,0.75,10.2,0.1457142857142857,True,3.5625,0.375,1.125,
0.15,0.5,1.0,13.6,0.19428571428571428,True,3.5625,0.375,1.125,
0.15,0.6,0.5,6.8,0.09714285714285714,True,3.5625,0.375,1.125,
0.15,0.6,0.75,10.2,0.1457142857142857,True,3.5625,0.375,1.125,
0.15,0.6,1.0,13.6,0.19428571428571428,True,3.5625,0.375,1.125,
0.15,0.7,0.5,6.8,0.09714285714285714,True,3.5625,0.375,1.125,
0.15,0.7,0.75,10.2,0.1457142857142857,True,3.5625,0.375,1.125,
0.15,0.7,1.0,13.6,0.19428571428571428,True,3.5625,0.375,1.125,
0.15,0.8,0.5,6.8,0.09714285714285714,True,3.5625,0.375,1.125,
0.15,0.8,0.75,10.2,0.1457142857142857,True,3.5625,0.375,1.125,
0.15,0.8,1.0,13.6,0.19428571428571428,True,3.5625,0.375,1.125,
0.15,0.9,0.5,6.8,0.09714285714285714,True,3.5625,0.375,1.125,
0.15,0.9,0.75,10.2,0.1457142857142857,True,3.5625,0.375,1.125,
0.15,0.9,1.0,13.6,0.19428571428571428,True,3.5625,0.375,1.125,
0.15,1.0,0.5,6.8,0.09714285714285714,True,3.5625,0.375,1.125,
0.15,1.0,0.75,10.2,0.1457142857142857,True,3.5625,0.375,1.125,
0.15,1.0,1.0,13.6,0.19428571428571428,True,3.5625,0.375,1.125,
0.2,0.0,0.5,6.4,0.09142857142857143,True,3.5625,0.37500000000000006,1.125,
0.2,0.0,0.75,9.600000000000001,0.13714285714285715,True,3.5624999999999996,0.375,1.125,
0.2,0.0,1.0,12.8,0.18285714285714286,True,3.5625,0.37500000000000006,1.125,
0.2,0.1,0.5,6.4,0.09142857142857143,True,3.5625,0.37500000000000006,1.125,
0.2,0.1,0.75,9.600000000000001,0.13714285714285715,True,3.5624999999999996,0.375,1.125,
0.2,0.1,1.0,12.8,0.18285714285714286,True,3.5625,0.37500000000000006,1.125,
0.2,0.2,0.5,6.4,0.09142857142857143,True,3.5625,0.37500000000000006,1.125,
0.2,0.2,0.75,9.600000000000001,0.13714285714285715,True,3.5624999999999996,0.375,1.125,
0.2,0.2,1.0,12.8,0.18285714285714286,True,3.5625,0.37500000000000006,1.125,
0.2,0.3,0.5,6.4,0.09142857142857143,True,3.5625,0.37500000000000006,1.125,
0.2,0.3,0.75,9.600000000000001,0.13714285714285715,True,3.5624999999999996,0.375,1.125,
0.2,0.3,1.0,12.8,0.18285714285714286,True,3.5625,0.37500000000000006,1.125,
0.2,0.4,0.5,6.4,0.09142857142857143,True,3.5625,0.37500000000000006,1.125,
0.2,0.4,0.75,9.600000000000001,0.13714285714285715,True,3.5624999999999996,0.375,1.125,
0.2,0.4,1.0,12.8,0.18285714285714286,True,3.5625,0.37500000000000006,1.125,
0.2,0.5,0.5,6.4,0.09142857142857143,True,3.5625,0.37500000000000006,1.125,
0.2,0.5,0.75,9.600000000000001,0.13714285714285715,True,3.5624999999999996,0.375,1.125,
0.2,0.5,1.0,12.8,0.18285714285714286,True,3.5625,0.37500000000000006,1.125,
0.2,0.6,0.5,6.4,0.09142857142857143,True,3.5625,0.37500000000000006,1.125,
0.2,0.6,0.75,9.600000000000001,0.13714285714285715,True,3.5624999999999996,0.375,1.125,
0.2,0.6,1.0,12.8,0.18285714285714286,True,3.5625,0.37500000000000006,1.125,
0.2,0.7,0.5,6.4,0.09142857142857143,True,3.5625,0.37500000000000006,1.125,
0.2,0.7,0.75,9.600000000000001,0.13714285714285715,True,3.5624999999999996,0.375,1.125,
0.2,0.7,1.0,12.8,0.18285714285714286,True,3.5625,0.37500000000000006,1.125,
0.2,0.8,0.5,6.4,0.09142857142857143,True,3.5625,0.37500000000000006,1.125,
0.2,0.8,0.75,9.600000000000001,0.13714285714285715,True,3.5624999999999996,0.375,1.125,
0.2,0.8,1.0,12.8,0.18285714285714286,True,3.5625,0.37500000000000006,1.125,
0.2,0.9,0.5,6.4,0.09142857142857143,True,3.5625,0.37500000000000006,1.125,
0.2,0.9,0.75,9.600000000000001,0.13714285714285715,True,3.5624999999999996,0.375,1.125,
0.2,0.9,1.0,12.8,0.18285714285714286,True,3.5625,0.37500000000000006,1.125,
0.2,1.0,0.5,6.4,0.09142857142857143,True,3.5625,0.37500000000000006,1.125,
0.2,1.0,0.75,9.600000000000001,0.13714285714285715,True,3.5624999999999996,0.375,1.125,
0.2,1.0,1.0,12.8,0.18285714285714286,True,3.5625,0.37500000000000006,1.125,
0.25,0.0,0.5,6.0,0.08571428571428572,True,3.5625,0.375,1.125,
0.25,0.0,0.75,9.0,0.12857142857142856,True,3.5625,0.375,1.125,
0.25,0.0,1.0,12.0,0.17142857142857143,True,3.5625,0.375,1.125,
0.25,0.1,0.5,6.0,0.08571428571428572,True,3.5625,0.375,1.125,
0.25,0.1,0.75,9.0,0.12857142857142856,True,3.5625,0.375,1.125,
0.25,0.1,1.0,12.0,0.17142857142857143,True,3.5625,0.375,1.125,
0.25,0.2,0.5,6.0,0.08571428571428572,True,3.5625,0.375,1.125,
0.25,0.2,0.75,9.0,0.12857142857142856,True,3.5625,0.375,1.125,
0.25,0.2,1.0,12.0,0.17142857142857143,True,3.5625,0.375,1.125,
0.25,0.3,0.5,6.0,0.08571428571428572,True,3.5625,0.375,1.125,
0.25,0.3,0.75,9.0,0.12857142857142856,True,3.5625,0.375,1.125,
0.25,0.3,1.0,12.0,0.17142857142857143,True,3.5625,0.375,1.125,
0.25,0.4,0.5,6.0,0.08571428571428572,True,3.5625,0.375,1.125,
0.25,0.4,0.75,9.0,0.12857142857142856,True,3.5625,0.375,1.125,
0.25,0.4,1.0,12.0,0.17142857142857143,True,3.5625,0.375,1.125,
0.25,0.5,0.5,6.0,0.08571428571428572,True,3.5625,0.375,1.125,
0.25,0.5,0.75,9.0,0.12857142857142856,True,3.5625,0.375,1.125,
0.25,0.5,1.0,12.0,0.17142857142857143,True,3.5625,0.375,1.125,
0.25,0.6,0.5,6.0,0.08571428571428572,True,3.5625,0.375,1.125,
0.25,0.6,0.75,9.0,0.12857142857142856,True,3.5625,0.375,1.125,
0.25,0.6,1.0,12.0,0.17142857142857143,True,3.5625,0.375,1.125,
0.25,0.7,0.5,6.0,0.08571428571428572,True,3.5625,0.375,1.125,
0.25,0.7,0.75,9.0,0.12857142857142856,True,3.5625,0.375,1.125,
0.25,0.7,1.0,12.0,0.17142857142857143,True,3.5625,0.375,1.125,
0.25,0.8,0.5,6.0,0.08571428571428572,True,3.5625,0.375,1.125,
0.25,0.8,0.75,9.0,0.12857142857142856,True,3.5625,0.375,1.125,
0.25,0.8,1.0,12.0,0.17142857142857143,True,3.5625,0.375,1.125,
0.25,0.9,0.5,6.0,0.08571428571428572,True,3.5625,0.375,1.125,
0.25,0.9,0.75,9.0,0.12857142857142856,True,3.5625,0.375,1.125,
0.25,0.9,1.0,12.0,0.17142857142857143,True,3.5625,0.375,1.125,
0.25,1.0,0.5,6.0,0.08571428571428572,True,3.5625,0.375,1.125,
0.25,1.0,0.75,9.0,0.12857142857142856,True,3.5625,0.375,1.125,
0.25,1.0,1.0,12.0,0.17142857142857143,True,3.5625,0.375,1.125,
0.3,0.0,0.5,5.6,0.08,True,3.5625,0.37499999999999994,1.1249999999999998,
0.3,0.0,0.75,8.399999999999999,0.11999999999999998,True,3.5625,0.375,1.125,
0.3,0.0,1.0,11.2,0.16,True,3.5625,0.37499999999999994,1.1249999999999998,
0.3,0.1,0.5,5.6,0.08,True,3.5625,0.37499999999999994,1.1249999999999998,
0.3,0.1,0.75,8.399999999999999,0.11999999999999998,True,3.5625,0.375,1.125,
0.3,0.1,1.0,11.2,0.16,True,3.5625,0.37499999999999994,1.1249999999999998,
0.3,0.2,0.5,5.6,0.08,True,3.5625,0.37499999999999994,1.1249999999999998,
0.3,0.2,0.75,8.399999999999999,0.11999999999999998,True,3.5625,0.375,1.125,
0.3,0.2,1.0,11.2,0.16,True,3.5625,0.37499999999999994,1.1249999999999998,
0.3,0.3,0.5,5.6,0.08,True,3.5625,0.37499999999999994,1.1249999999999998,
0.3,0.3,0.75,8.399999999999999,0.11999999999999998,True,3.5625,0.375,1.125,
0.3,0.3,1.0,11.2,0.16,True,3.5625,0.37499999999999994,1.1249999999999998,
0.3,0.4,0.5,5.6,0.08,True,3.5625,0.37499999999999994,1.1249999999999998,
0.3,0.4,0.75,8.399999999999999,0.11999999999999998,True,3.5625,0.375,1.125,
0.3,0.4,1.0,11.2,0.16,True,3.5625,0.37499999999999994,1.1249999999999998,
0.3,0.5,0.5,5.6,0.08,True,3.5625,0.37499999999999994,1.1249999999999998,
0.3,0.5,0.75,8.399999999999999,0.11999999999999998,True,3.5625,0.375,1.125,
0.3,0.5,1.0,11.2,0.16,True,3.5625,0.37499999999999994,1.1249999999999998,
0.3,0.6,0.5,5.6,0.08,True,3.5625,0.37499999999999994,1.1249999999999998,
0.3,0.6,0.75,8.399999999999999,0.11999999999999998,True,3.5625,0.375,1.125,
0.3,0.6,1.0,11.2,0.16,True,3.5625,0.37499999999999994,1.1249999999999998,
0.3,0.7,0.5,5.6,0.08,True,3.5625,0.37499999999999994,1.1249999999999998,
0.3,0.7,0.75,8.399999999999999,0.11999999999999998,True,3.5625,0.375,1.125,
0.3,0.7,1.0,11.2,0.16,True,3.5625,0.37499999999999994,1.1249999999999998,
0.3,0.8,0.5,5.6,0.08,True,3.5625,0.37499999999999994,1.1249999999999998,
0.3,0.8,0.75,8.399999999999999,0.11999999999999998,True,3.5625,0.375,1.125,
0.3,0.8,1.0,11.2,0.16,True,3.5625,0.37499999999999994,1.1249999999999998,
0.3,0.9,0.5,5.6,0.08,True,3.5625,0.37499999999999994,1.1249999999999998,
0.3,0.9,0.75,8.399999999999999,0.11999999999999998,True,3.5625,0.375,1.125,
0.3,0.9,1.0,11.2,0.16,True,3.5625,0.37499999999999994,1.1249999999999998,
0.3,1.0,0.5,5.6,0.08,True,3.5625,0.37499999999999994,1.1249999999999998,
0.3,1.0,0.75,8.399999999999999,0.11999999999999998,True,3.5625,0.375,1.125,
0.3,1.0,1.0,11.2,0.16,True,3.5625,0.37499999999999994,1.1249999999999998,
0.35,0.0,0.5,5.2,0.07428571428571429,True,3.5625000000000004,0.375,1.125,
0.35,0.0,0.75,7.800000000000001,0.11142857142857143,True,3.5625,0.375,1.125,
0.35,0.0,1.0,10.4,0.14857142857142858,True,3.5625000000000004,0.375,1.125,
0.35,0.1,0.5,5.2,0.07428571428571429,True,3.5625000000000004,0.375,1.125,
0.35,0.1,0.75,7.800000000000001,0.11142857142857143,True,3.5625,0.375,1.125,
0.35,0.1,1.0,10.4,0.14857142857142858,True,3.5625000000000004,0.375,1.125,
0.35,0.2,0.5,5.2,0.07428571428571429,True,3.5625000000000004,0.375,1.125,
0.35,0.2,0.75,7.800000000000001,0.11142857142857143,True,3.5625,0.375,1.125,
0.35,0.2,1.0,10.4,0.14857142857142858,True,3.5625000000000004,0.375,1.125,
0.35,0.3,0.5,5.2,0.07428571428571429,True,3.5625000000000004,0.375,1.125,
0.35,0.3,0.75,7.800000000000001,0.11142857142857143,True,3.5625,0.375,1.125,
0.35,0.3,1.0,10.4,0.14857142857142858,True,3.5625000000000004,0.375,1.125,
0.35,0.4,0.5,5.2,0.07428571428571429,True,3.5625000000000004,0.375,1.125,
0.35,0.4,0.75,7.800000000000001,0.11142857142857143,True,3.5625,0.375,1.125,
0.35,0.4,1.0,10.4,0.14857142857142858,True,3.5625000000000004,0.375,1.125,
0.35,0.5,0.5,5.2,0.07428571428571429,True,3.5625000000000004,0.375,1.125,
0.35,0.5,0.75,7.800000000000001,0.11142857142857143,True,3.5625,0.375,1.125,
0.35,0.5,1.0,10.4,0.14857142857142858,True,3.5625000000000004,0.375,1.125,
0.35,0.6,0.5,5.2,0.07428571428571429,True,3.5625000000000004,0.375,1.125,
0.35,0.6,0.75,7.800000000000001,0.11142857142857143,True,3.5625,0.375,1.125,
0.35,0.6,1.0,10.4,0.14857142857142858,True,3.5625000000000004,0.375,1.125,
0.35,0.7,0.5,5.2,0.07428571428571429,True,3.5625000000000004,0.375,1.125,
0.35,0.7,0.75,7.800000000000001,0.11142857142857143,True,3.5625,0.375,1.125,
0.35,0.7,1.0,10.4,0.14857142857142858,True,3.5625000000000004,0.375,1.125,
0.35,0.8,0.5,5.2,0.07428571428571429,True,3.5625000000000004,0.375,1.125,
0.35,0.8,0.75,7.800000000000001,0.11142857142857143,True,3.5625,0.375,1.125,
0.35,0.8,1.0,10.4,0.14857142857142858,True,3.5625000000000004,0.375,1.125,
0.35,0.9,0.5,5.2,0.07428571428571429,True,3.5625000000000004,0.375,1.125,
0.35,0.9,0.75,7.800000000000001,0.11142857142857143,True,3.5625,0.375,1.125,
0.35,0.9,1.0,10.4,0.14857142857142858,True,3.5625000000000004,0.375,1.125,
0.35,1.0,0.5,5.2,0.07428571428571429,True,3.5625000000000004,0.375,1.125,
0.35,1.0,0.75,7.800000000000001,0.11142857142857143,True,3.5625,0.375,1.125,
0.35,1.0,1.0,10.4,0.14857142857142858,True,3.5625000000000004,0.375,1.125,
0.4,0.0,0.5,4.8,0.06857142857142857,True,3.5624999999999996,0.375,1.125,
0.4,0.0,0.75,7.199999999999999,0.10285714285714284,True,3.5625,0.375,1.125,
0.4,0.0,1.0,9.6,0.13714285714285715,True,3.5624999999999996,0.375,1.125,
0.4,0.1,0.5,4.8,0.06857142857142857,True,3.5624999999999996,0.375,1.125,
0.4,0.1,0.75,7.199999999999999,0.10285714285714284,True,3.5625,0.375,1.125,
0.4,0.1,1.0,9.6,0.13714285714285715,True,3.5624999999999996,0.375,1.125,
0.4,0.2,0.5,4.8,0.06857142857142857,True,3.5624999999999996,0.375,1.125,
0.4,0.2,0.75,7.199999999999999,0.10285714285714284,True,3.5625,0.375,1.125,
0.4,0.2,1.0,9.6,0.13714285714285715,True,3.5624999999999996,0.375,1.125,
0.4,0.3,0.5,4.8,0.06857142857142857,True,3.5624999999999996,0.375,1.125,
0.4,0.3,0.75,7.199999999999999,0.10285714285714284,True,3.5625,0.375,1.125,
0.4,0.3,1.0,9.6,0.13714285714285715,True,3.5624999999999996,0.375,1.125,
0.4,0.4,0.5,4.8,0.06857142857142857,True,3.5624999999999996,0.375,1.125,
0.4,0.4,0.75,7.199999999999999,0.10285714285714284,True,3.5625,0.375,1.125,
0.4,0.4,1.0,9.6,0.13714285714285715,True,3.5624999999999996,0.375,1.125,
0.4,0.5,0.5,4.8,0.06857142857142857,True,3.5624999999999996,0.375,1.125,
0.4,0.5,0.75,7.199999999999999,0.10285714285714284,True,3.5625,0.375,1.125,
0.4,0.5,1.0,9.6,0.13714285714285715,True,3.5624999999999996,0.375,1.125,
0.4,0.6,0.5,4.8,0.06857142857142857,True,3.5624999999999996,0.375,1.125,
0.4,0.6,0.75,7.199999999999999,0.10285714285714284,True,3.5625,0.375,1.125,
0.4,0.6,1.0,9.6,0.13714285714285715,True,3.5624999999999996,0.375,1.125,
0.4,0.7,0.5,4.8,0.06857142857142857,True,3.5624999999999996,0.375,1.125,
0.4,0.7,0.75,7.199999999999999,0.10285714285714284,True,3.5625,0.375,1.125,
0.4,0.7,1.0,9.6,0.13714285714285715,True,3.5624999999999996,0.375,1.125,
0.4,0.8,0.5,4.8,0.06857142857142857,True,3.5624999999999996,0.375,1.125,
0.4,0.8,0.75,7.199999999999999,0.10285714285714284,True,3.5625,0.375,1.125,
0.4,0.8,1.0,9.6,0.13714285714285715,True,3.5624999999999996,0.375,1.125,
0.4,0.9,0.5,4.8,0.06857142857142857,True,3.5624999999999996,0.375,1.125,
0.4,0.9,0.75,7.199999999999999,0.10285714285714284,True,3.5625,0.375,1.125,
0.4,0.9,1.0,9.6,0.13714285714285715,True,3.5624999999999996,0.375,1.125,
0.4,1.0,0.5,4.8,0.06857142857142857,True,3.5624999999999996,0.375,1.125,
0.4,1.0,0.75,7.199999999999999,0.10285714285714284,True,3.5625,0.375,1.125,
0.4,1.0,1.0,9.6,0.13714285714285715,True,3.5624999999999996,0.375,1.125,
0.45,0.0,0.5,4.4,0.06285714285714286,True,3.5625,0.375,1.125,
0.45,0.0,0.75,6.6000000000000005,0.09428571428571429,True,3.5624999999999996,0.375,1.125,
0.45,0.0,1.0,8.8,0.12571428571428572,True,3.5625,0.375,1.125,
0.45,0.1,0.5,4.4,0.06285714285714286,True,3.5625,0.375,1.125,
0.45,0.1,0.75,6.6000000000000005,0.09428571428571429,True,3.5624999999999996,0.375,1.125,
0.45,0.1,1.0,8.8,0.12571428571428572,True,3.5625,0.375,1.125,
0.45,0.2,0.5,4.4,0.06285714285714286,True,3.5625,0.375,1.125,
0.45,0.2,0.75,6.6000000000000005,0.09428571428571429,True,3.5624999999999996,0.375,1.125,
0.45,0.2,1.0,8.8,0.12571428571428572,True,3.5625,0.375,1.125,
0.45,0.3,0.5,4.4,0.06285714285714286,True,3.5625,0.375,1.125,
0.45,0.3,0.75,6.6000000000000005,0.09428571428571429,True,3.5624999999999996,0.375,1.125,
0.45,0.3,1.0,8.8,0.12571428571428572,True,3.5625,0.375,1.125,
0.45,0.4,0.5,4.4,0.06285714285714286,True,3.5625,0.375,1.125,
0.45,0.4,0.75,6.6000000000000005,0.09428571428571429,True,3.5624999999999996,0.375,1.125,
0.45,0.4,1.0,8.8,0.12571428571428572,True,3.5625,0.375,1.125,
0.45,0.5,0.5,4.4,0.06285714285714286,True,3.5625,0.375,1.125,
0.45,0.5,0.75,6.6000000000000005,0.09428571428571429,True,3.5624999999999996,0.375,1.125,
0.45,0.5,1.0,8.8,0.12571428571428572,True,3.5625,0.375,1.125,
0.45,0.6,0.5,4.4,0.06285714285714286,True,3.5625,0.375,1.125,
0.45,0.6,0.75,6.6000000000000005,0.09428571428571429,True,3.5624999999999996,0.375,1.125,
0.45,0.6,1.0,8.8,0.12571428571428572,True,3.5625,0.375,1.125,
0.45,0.7,0.5,4.4,0.06285714285714286,True,3.5625,0.375,1.125,
0.45,0.7,0.75,6.6000000000000005,0.09428571428571429,True,3.5624999999999996,0.375,1.125,
0.45,0.7,1.0,8.8,0.12571428571428572,True,3.5625,0.375,1.125,
0.45,0.8,0.5,4.4,0.06285714285714286,True,3.5625,0.375,1.125,
0.45,0.8,0.75,6.6000000000000005,0.09428571428571429,True,3.5624999999999996,0.375,1.125,
0.45,0.8,1.0,8.8,0.12571428571428572,True,3.5625,0.375,1.125,
0.45,0.9,0.5,4.4,0.06285714285714286,True,3.5625,0.375,1.125,
0.45,0.9,0.75,6.6000000000000005,0.09428571428571429,True,3.5624999999999996,0.375,1.125,
0.45,0.9,1.0,8.8,0.12571428571428572,True,3.5625,0.375,1.125,
0.45,1.0,0.5,4.4,0.06285714285714286,True,3.5625,0.375,1.125,
0.45,1.0,0.75,6.6000000000000005,0.09428571428571429,True,3.5624999999999996,0.375,1.125,
0.45,1.0,1.0,8.8,0.12571428571428572,True,3.5625,0.375,1.125,
0.5,0.0,0.5,4.0,0.05714285714285714,True,3.5625,0.375,1.125,
0.5,0.0,0.75,6.0,0.08571428571428572,True,3.5625,0.375,1.125,
0.5,0.0,1.0,8.0,0.11428571428571428,True,3.5625,0.375,1.125,
0.5,0.1,0.5,4.0,0.05714285714285714,True,3.5625,0.375,1.125,
0.5,0.1,0.75,6.0,0.08571428571428572,True,3.5625,0.375,1.125,
0.5,0.1,1.0,8.0,0.11428571428571428,True,3.5625,0.375,1.125,
0.5,0.2,0.5,4.0,0.05714285714285714,True,3.5625,0.375,1.125,
0.5,0.2,0.75,6.0,0.08571428571428572,True,3.5625,0.375,1.125,
0.5,0.2,1.0,8.0,0.11428571428571428,True,3.5625,0.375,1.125,
0.5,0.3,0.5,4.0,0.05714285714285714,True,3.5625,0.375,1.125,
0.5,0.3,0.75,6.0,0.08571428571428572,True,3.5625,0.375,1.125,
0.5,0.3,1.0,8.0,0.11428571428571428,True,3.5625,0.375,1.125,
0.5,0.4,0.5,4.0,0.05714285714285714,True,3.5625,0.375,1.125,
0.5,0.4,0.75,6.0,0.08571428571428572,True,3.5625,0.375,1.125,
0.5,0.4,1.0,8.0,0.11428571428571428,True,3.5625,0.375,1.125,
0.5,0.5,0.5,4.0,0.05714285714285714,True,3.5625,0.375,1.125,
0.5,0.5,0.75,6.0,0.08571428571428572,True,3.5625,0.375,1.125,
0.5,0.5,1.0,8.0,0.11428571428571428,True,3.5625,0.375,1.125,
0.5,0.6,0.5,4.0,0.05714285714285714,True,3.5625,0.375,1.125,
0.5,0.6,0.75,6.0,0.08571428571428572,True,3.5625,0.375,1.125,
0.5,0.6,1.0,8.0,0.11428571428571428,True,3.5625,0.375,1.125,
0.5,0.7,0.5,4.0,0.05714285714285714,True,3.5625,0.375,1.125,
0.5,0.7,0.75,6.0,0.08571428571428572,True,3.5625,0.375,1.125,
0.5,0.7,1.0,8.0,0.11428571428571428,True,3.5625,0.375,1.125,
0.5,0.8,0.5,4.0,0.05714285714285714,True,3.5625,0.375,1.125,
0.5,0.8,0.75,6.0,0.08571428571428572,True,3.5625,0.375,1.125,
0.5,0.8,1.0,8.0,0.11428571428571428,True,3.5625,0.375,1.125,
0.5,0.9,0.5,4.0,0.05714285714285714,True,3.5625,0.375,1.125,
0.5,0.9,0.75,6.0,0.08571428571428572,True,3.5625,0.375,1.125,
0.5,0.9,1.0,8.0,0.11428571428571428,True,3.5625,0.375,1.125,
0.5,1.0,0.5,4.0,0.05714285714285714,True,3.5625,0.375,1.125,
0.5,1.0,0.75,6.0,0.08571428571428572,True,3.5625,0.375,1.125,
0.5,1.0,1.0,8.0,0.11428571428571428,True,3.5625,0.375,1.125,
0.55,0.0,0.5,3.5999999999999996,0.05142857142857142,True,3.5625,0.375,1.125,
0.55,0.0,0.75,5.3999999999999995,0.07714285714285714,True,3.5625,0.375,1.125,
0.55,0.0,1.0,7.199999999999999,0.10285714285714284,True,3.5625,0.375,1.125,
0.55,0.1,0.5,3.5999999999999996,0.05142857142857142,True,3.5625,0.375,1.125,
0.55,0.1,0.75,5.3999999999999995,0.07714285714285714,True,3.5625,0.375,1.125,
0.55,0.1,1.0,7.199999999999999,0.10285714285714284,True,3.5625,0.375,1.125,
0.55,0.2,0.5,3.5999999999999996,0.05142857142857142,True,3.5625,0.375,1.125,
0.55,0.2,0.75,5.3999999999999995,0.07714285714285714,True,3.5625,0.375,1.125,
0.55,0.2,1.0,7.199999999999999,0.10285714285714284,True,3.5625,0.375,1.125,
0.55,0.3,0.5,3.5999999999999996,0.05142857142857142,True,3.5625,0.375,1.125,
0.55,0.3,0.75,5.3999999999999995,0.07714285714285714,True,3.5625,0.375,1.125,
0.55,0.3,1.0,7.199999999999999,0.10285714285714284,True,3.5625,0.375,1.125,
0.55,0.4,0.5,3.5999999999999996,0.05142857142857142,True,3.5625,0.375,1.125,
0.55,0.4,0.75,5.3999999999999995,0.07714285714285714,True,3.5625,0.375,1.125,
0.55,0.4,1.0,7.199999999999999,0.10285714285714284,True,3.5625,0.375,1.125,
0.55,0.5,0.5,3.5999999999999996,0.05142857142857142,True,3.5625,0.375,1.125,
0.55,0.5,0.75,5.3999999999999995,0.07714285714285714,True,3.5625,0.375,1.125,
0.55,0.5,1.0,7.199999999999999,0.10285714285714284,True,3.5625,0.375,1.125,
0.55,0.6,0.5,3.5999999999999996,0.05142857142857142,True,3.5625,0.375,1.125,
0.55,0.6,0.75,5.3999999999999995,0.07714285714285714,True,3.5625,0.375,1.125,
0.55,0.6,1.0,7.199999999999999,0.10285714285714284,True,3.5625,0.375,1.125,
0.55,0.7,0.5,3.5999999999999996,0.05142857142857142,True,3.5625,0.375,1.125,
0.55,0.7,0.75,5.3999999999999995,0.07714285714285714,True,3.5625,0.375,1.125,
0.55,0.7,1.0,7.199999999999999,0.10285714285714284,True,3.5625,0.375,1.125,
0.55,0.8,0.5,3.5999999999999996,0.05142857142857142,True,3.5625,0.375,1.125,
0.55,0.8,0.75,5.3999999999999995,0.07714285714285714,True,3.5625,0.375,1.125,
0.55,0.8,1.0,7.199999999999999,0.10285714285714284,True,3.5625,0.375,1.125,
0.55,0.9,0.5,3.5999999999999996,0.05142857142857142,True,3.5625,0.375,1.125,
0.55,0.9,0.75,5.3999999999999995,0.07714285714285714,True,3.5625,0.375,1.125,
0.55,0.9,1.0,7.199999999999999,0.10285714285714284,True,3.5625,0.375,1.125,
0.55,1.0,0.5,3.5999999999999996,0.05142857142857142,True,3.5625,0.375,1.125,
0.55,1.0,0.75,5.3999999999999995,0.07714285714285714,True,3.5625,0.375,1.125,
0.55,1.0,1.0,7.199999999999999,0.10285714285714284,True,3.5625,0.375,1.125,
0.6,0.0,0.5,3.2,0.045714285714285714,True,3.5625,0.37500000000000006,1.125,
0.6,0.0,0.75,4.800000000000001,0.06857142857142857,True,3.5624999999999996,0.375,1.125,
0.6,0.0,1.0,6.4,0.09142857142857143,True,3.5625,0.37500000000000006,1.125,
0.6,0.1,0.5,3.2,0.045714285714285714,True,3.5625,0.37500000000000006,1.125,
0.6,0.1,0.75,4.800000000000001,0.06857142857142857,True,3.5624999999999996,0.375,1.125,
0.6,0.1,1.0,6.4,0.09142857142857143,True,3.5625,0.37500000000000006,1.125,
0.6,0.2,0.5,3.2,0.045714285714285714,True,3.5625,0.37500000000000006,1.125,
0.6,0.2,0.75,4.800000000000001,0.06857142857142857,True,3.5624999999999996,0.375,1.125,
0.6,0.2,1.0,6.4,0.09142857142857143,True,3.5625,0.37500000000000006,1.125,
0.6,0.3,0.5,3.2,0.045714285714285714,True,3.5625,0.37500000000000006,1.125,
0.6,0.3,0.75,4.800000000000001,0.06857142857142857,True,3.5624999999999996,0.375,1.125,
0.6,0.3,1.0,6.4,0.09142857142857143,True,3.5625,0.37500000000000006,1.125,
0.6,0.4,0.5,3.2,0.045714285714285714,True,3.5625,0.37500000000000006,1.125,
0.6,0.4,0.75,4.800000000000001,0.06857142857142857,True,3.5624999999999996,0.375,1.125,
0.6,0.4,1.0,6.4,0.09142857142857143,True,3.5625,0.37500000000000006,1.125,
0.6,0.5,0.5,3.2,0.045714285714285714,True,3.5625,0.37500000000000006,1.125,
0.6,0.5,0.75,4.800000000000001,0.06857142857142857,True,3.5624999999999996,0.375,1.125,
0.6,0.5,1.0,6.4,0.09142857142857143,True,3.5625,0.37500000000000006,1.125,
0.6,0.6,0.5,3.2,0.045714285714285714,True,3.5625,0.37500000000000006,1.125,
0.6,0.6,0.75,4.800000000000001,0.06857142857142857,True,3.5624999999999996,0.375,1.125,
0.6,0.6,1.0,6.4,0.09142857142857143,True,3.5625,0.37500000000000006,1.125,
0.6,0.7,0.5,3.2,0.045714285714285714,True,3.5625,0.37500000000000006,1.125,
0.6,0.7,0.75,4.800000000000001,0.06857142857142857,True,3.5624999999999996,0.375,1.125,
0.6,0.7,1.0,6.4,0.09142857142857143,True,3.5625,0.37500000000000006,1.125,
0.6,0.8,0.5,3.2,0.045714285714285714,True,3.5625,0.37500000000000006,1.125,
0.6,0.8,0.75,4.800000000000001,0.06857142857142857,True,3.5624999999999996,0.375,1.125,
0.6,0.8,1.0,6.4,0.09142857142857143,True,3.5625,0.37500000000000006,1.125,
0.6,0.9,0.5,3.2,0.045714285714285714,True,3.5625,0.37500000000000006,1.125,
0.6,0.9,0.75,4.800000000000001,0.06857142857142857,True,3.5624999999999996,0.375,1.125,
0.6,0.9,1.0,6.4,0.09142857142857143,True,3.5625,0.37500000000000006,1.125,
0.6,1.0,0.5,3.2,0.045714285714285714,True,3.5625,0.37500000000000006,1.125,
0.6,1.0,0.75,4.800000000000001,0.06857142857142857,True,3.5624999999999996,0.375,1.125,
0.6,1.0,1.0,6.4,0.09142857142857143,True,3.5625,0.37500000000000006,1.125,
0.65,0.0,0.5,2.8,0.04,True,3.5625,0.37499999999999994,1.1249999999999998,
0.65,0.0,0.75,4.199999999999999,0.05999999999999999,True,3.5625,0.375,1.125,
0.65,0.0,1.0,5.6,0.08,True,3.5625,0.37499999999999994,1.1249999999999998,
0.65,0.1,0.5,2.8,0.04,True,3.5625,0.37499999999999994,1.1249999999999998,
0.65,0.1,0.75,4.199999999999999,0.05999999999999999,True,3.5625,0.375,1.125,
0.65,0.1,1.0,5.6,0.08,True,3.5625,0.37499999999999994,1.1249999999999998,
0.65,0.2,0.5,2.8,0.04,True,3.5625,0.37499999999999994,1.1249999999999998,
0.65,0.2,0.75,4.199999999999999,0.05999999999999999,True,3.5625,0.375,1.125,
0.65,0.2,1.0,5.6,0.08,True,3.5625,0.37499999999999994,1.1249999999999998,
0.65,0.3,0.5,2.8,0.04,True,3.5625,0.37499999999999994,1.1249999999999998,
0.65,0.3,0.75,4.199999999999999,0.05999999999999999,True,3.5625,0.375,1.125,
0.65,0.3,1.0,5.6,0.08,True,3.5625,0.37499999999999994,1.1249999999999998,
0.65,0.4,0.5,2.8,0.04,True,3.5625,0.37499999999999994,1.1249999999999998,
0.65,0.4,0.75,4.199999999999999,0.05999999999999999,True,3.5625,0.375,1.125,
0.65,0.4,1.0,5.6,0.08,True,3.5625,0.37499999999999994,1.1249999999999998,
0.65,0.5,0.5,2.8,0.04,True,3.5625,0.37499999999999994,1.1249999999999998,
0.65,0.5,0.75,4.199999999999999,0.05999999999999999,True,3.5625,0.375,1.125,
0.65,0.5,1.0,5.6,0.08,True,3.5625,0.37499999999999994,1.1249999999999998,
0.65,0.6,0.5,2.8,0.04,True,3.5625,0.37499999999999994,1.1249999999999998,
0.65,0.6,0.75,4.199999999999999,0.05999999999999999,True,3.5625,0.375,1.125,
0.65,0.6,1.0,5.6,0.08,True,3.5625,0.37499999999999994,1.1249999999999998,
0.65,0.7,0.5,2.8,0.04,True,3.5625,0.37499999999999994,1.1249999999999998,
0.65,0.7,0.75,4.199999999999999,0.05999999999999999,True,3.5625,0.375,1.125,
0.65,0.7,1.0,5.6,0.08,True,3.5625,0.37499999999999994,1.1249999999999998,
0.65,0.8,0.5,2.8,0.04,True,3.5625,0.37499999999999994,1.1249999999999998,
0.65,0.8,0.75,4.199999999999999,0.05999999999999999,True,3.5625,0.375,1.125,
0.65,0.8,1.0,5.6,0.08,True,3.5625,0.37499999999999994,1.1249999999999998,
0.65,0.9,0.5,2.8,0.04,True,3.5625,0.37499999999999994,1.1249999999999998,
0.65,0.9,0.75,4.199999999999999,0.05999999999999999,True,3.5625,0.375,1.125,
0.65,0.9,1.0,5.6,0.08,True,3.5625,0.37499999999999994,1.1249999999999998,
0.65,1.0,0.5,2.8,0.04,True,3.5625,0.37499999999999994,1.1249999999999998,
0.65,1.0,0.75,4.199999999999999,0.05999999999999999,True,3.5625,0.375,1.125,
0.65,1.0,1.0,5.6,0.08,True,3.5625,0.37499999999999994,1.1249999999999998,
0.7,0.0,0.5,2.4000000000000004,0.03428571428571429,True,3.5624999999999996,0.375,1.125,
0.7,0.0,0.75,3.6000000000000005,0.051428571428571435,True,3.5624999999999996,0.37499999999999994,1.125,
0.7,0.0,1.0,4.800000000000001,0.06857142857142857,True,3.5624999999999996,0.375,1.125,
0.7,0.1,0.5,2.4000000000000004,0.03428571428571429,True,3.5624999999999996,0.375,1.125,
0.7,0.1,0.75,3.6000000000000005,0.051428571428571435,True,3.5624999999999996,0.37499999999999994,1.125,
0.7,0.1,1.0,4.800000000000001,0.06857142857142857,True,3.5624999999999996,0.375,1.125,
0.7,0.2,0.5,2.4000000000000004,0.03428571428571429,True,3.5624999999999996,0.375,1.125,
0.7,0.2,0.75,3.6000000000000005,0.051428571428571435,True,3.5624999999999996,0.37499999999999994,1.125,
0.7,0.2,1.0,4.800000000000001,0.06857142857142857,True,3.5624999999999996,0.375,1.125,
0.7,0.3,0.5,2.4000000000000004,0.03428571428571429,True,3.5624999999999996,0.375,1.125,
0.7,0.3,0.75,3.6000000000000005,0.051428571428571435,True,3.5624999999999996,0.37499999999999994,1.125,
0.7,0.3,1.0,4.800000000000001,0.06857142857142857,True,3.5624999999999996,0.375,1.125,
0.7,0.4,0.5,2.4000000000000004,0.03428571428571429,True,3.5624999999999996,0.375,1.125,
0.7,0.4,0.75,3.6000000000000005,0.051428571428571435,True,3.5624999999999996,0.37499999999999994,1.125,
0.7,0.4,1.0,4.800000000000001,0.06857142857142857,True,3.5624999999999996,0.375,1.125,
0.7,0.5,0.5,2.4000000000000004,0.03428571428571429,True,3.5624999999999996,0.375,1.125,
0.7,0.5,0.75,3.6000000000000005,0.051428571428571435,True,3.5624999999999996,0.37499999999999994,1.125,
0.7,0.5,1.0,4.800000000000001,0.06857142857142857,True,3.5624999999999996,0.375,1.125,
0.7,0.6,0.5,2.4000000000000004,0.03428571428571429,True,3.5624999999999996,0.375,1.125,
0.7,0.6,0.75,3.6000000000000005,0.051428571428571435,True,3.5624999999999996,0.37499999999999994,1.125,
0.7,0.6,1.0,4.800000000000001,0.06857142857142857,True,3.5624999999999996,0.375,1.125,
0.7,0.7,0.5,2.4000000000000004,0.03428571428571429,True,3.5624999999999996,0.375,1.125,
0.7,0.7,0.75,3.6000000000000005,0.051428571428571435,True,3.5624999999999996,0.37499999999999994,1.125,
0.7,0.7,1.0,4.800000000000001,0.06857142857142857,True,3.5624999999999996,0.375,1.125,
0.7,0.8,0.5,2.4000000000000004,0.03428571428571429,True,3.5624999999999996,0.375,1.125,
0.7,0.8,0.75,3.6000000000000005,0.051428571428571435,True,3.5624999999999996,0.37499999999999994,1.125,
0.7,0.8,1.0,4.800000000000001,0.06857142857142857,True,3.5624999999999996,0.375,1.125,
0.7,0.9,0.5,2.4000000000000004,0.03428571428571429,True,3.5624999999999996,0.375,1.125,
0.7,0.9,0.75,3.6000000000000005,0.051428571428571435,True,3.5624999999999996,0.37499999999999994,1.125,
0.7,0.9,1.0,4.800000000000001,0.06857142857142857,True,3.5624999999999996,0.375,1.125,
0.7,1.0,0.5,2.4000000000000004,0.03428571428571429,True,3.5624999999999996,0.375,1.125,
0.7,1.0,0.75,3.6000000000000005,0.051428571428571435,True,3.5624999999999996,0.37499999999999994,1.125,
0.7,1.0,1.0,4.800000000000001,0.06857142857142857,True,3.5624999999999996,0.375,1.125,
0.75,0.0,0.5,2.0,0.02857142857142857,True,3.5625,0.375,1.125,
0.75,0.0,0.75,3.0,0.04285714285714286,True,3.5625,0.375,1.125,
0.75,0.0,1.0,4.0,0.05714285714285714,True,3.5625,0.375,1.125,
0.75,0.1,0.5,2.0,0.02857142857142857,True,3.5625,0.375,1.125,
0.75,0.1,0.75,3.0,0.04285714285714286,True,3.5625,0.375,1.125,
0.75,0.1,1.0,4.0,0.05714285714285714,True,3.5625,0.375,1.125,
0.75,0.2,0.5,2.0,0.02857142857142857,True,3.5625,0.375,1.125,
0.75,0.2,0.75,3.0,0.04285714285714286,True,3.5625,0.375,1.125,
0.75,0.2,1.0,4.0,0.05714285714285714,True,3.5625,0.375,1.125,
0.75,0.3,0.5,2.0,0.02857142857142857,True,3.5625,0.375,1.125,
0.75,0.3,0.75,3.0,0.04285714285714286,True,3.5625,0.375,1.125,
0.75,0.3,1.0,4.0,0.05714285714285714,True,3.5625,0.375,1.125,
0.75,0.4,0.5,2.0,0.02857142857142857,True,3.5625,0.375,1.125,
0.75,0.4,0.75,3.0,0.04285714285714286,True,3.5625,0.375,1.125,
0.75,0.4,1.0,4.0,0.05714285714285714,True,3.5625,0.375,1.125,
0.75,0.5,0.5,2.0,0.02857142857142857,True,3.5625,0.375,1.125,
0.75,0.5,0.75,3.0,0.04285714285714286,True,3.5625,0.375,1.125,
0.75,0.5,1.0,4.0,0.05714285714285714,True,3.5625,0.375,1.125,
0.75,0.6,0.5,2.0,0.02857142857142857,True,3.5625,0.375,1.125,
0.75,0.6,0.75,3.0,0.04285714285714286,True,3.5625,0.375,1.125,
0.75,0.6,1.0,4.0,0.05714285714285714,True,3.5625,0.375,1.125,
0.75,0.7,0.5,2.0,0.02857142857142857,True,3.5625,0.375,1.125,
0.75,0.7,0.75,3.0,0.04285714285714286,True,3.5625,0.375,1.125,
0.75,0.7,1.0,4.0,0.05714285714285714,True,3.5625,0.375,1.125,
0.75,0.8,0.5,2.0,0.02857142857142857,True,3.5625,0.375,1.125,
0.75,0.8,0.75,3.0,0.04285714285714286,True,3.5625,0.375,1.125,
0.75,0.8,1.0,4.0,0.05714285714285714,True,3.5625,0.375,1.125,
0.75,0.9,0.5,2.0,0.02857142857142857,True,3.5625,0.375,1.125,
0.75,0.9,0.75,3.0,0.04285714285714286,True,3.5625,0.375,1.125,
0.75,0.9,1.0,4.0,0.05714285714285714,True,3.5625,0.375,1.125,
0.75,1.0,0.5,2.0,0.02857142857142857,True,3.5625,0.375,1.125,
0.75,1.0,0.75,3.0,0.04285714285714286,True,3.5625,0.375,1.125,
0.75,1.0,1.0,4.0,0.05714285714285714,True,3.5625,0.375,1.125,
0.8,0.0,0.5,1.5999999999999996,0.022857142857142854,True,3.5625,0.375,1.125,
0.8,0.0,0.75,2.3999999999999995,0.03428571428571428,True,3.5624999999999996,0.375,1.125,
0.8,0.0,1.0,3.1999999999999993,0.04571428571428571,True,3.5625,0.375,1.125,
0.8,0.1,0.5,1.5999999999999996,0.022857142857142854,True,3.5625,0.375,1.125,
0.8,0.1,0.75,2.3999999999999995,0.03428571428571428,True,3.5624999999999996,0.375,1.125,
0.8,0.1,1.0,3.1999999999999993,0.04571428571428571,True,3.5625,0.375,1.125,
0.8,0.2,0.5,1.5999999999999996,0.022857142857142854,True,3.5625,0.375,1.125,
0.8,0.2,0.75,2.3999999999999995,0.03428571428571428,True,3.5624999999999996,0.375,1.125,
0.8,0.2,1.0,3.1999999999999993,0.04571428571428571,True,3.5625,0.375,1.125,
0.8,0.3,0.5,1.5999999999999996,0.022857142857142854,True,3.5625,0.375,1.125,
0.8,0.3,0.75,2.3999999999999995,0.03428571428571428,True,3.5624999999999996,0.375,1.125,
0.8,0.3,1.0,3.1999999999999993,0.04571428571428571,True,3.5625,0.375,1.125,
0.8,0.4,0.5,1.5999999999999996,0.022857142857142854,True,3.5625,0.375,1.125,
0.8,0.4,0.75,2.3999999999999995,0.03428571428571428,True,3.5624999999999996,0.375,1.125,
0.8,0.4,1.0,3.1999999999999993,0.04571428571428571,True,3.5625,0.375,1.125,
0.8,0.5,0.5,1.5999999999999996,0.022857142857142854,True,3.5625,0.375,1.125,
0.8,0.5,0.75,2.3999999999999995,0.03428571428571428,True,3.5624999999999996,0.375,1.125,
0.8,0.5,1.0,3.1999999999999993,0.04571428571428571,True,3.5625,0.375,1.125,
0.8,0.6,0.5,1.5999999999999996,0.022857142857142854,True,3.5625,0.375,1.125,
0.8,0.6,0.75,2.3999999999999995,0.03428571428571428,True,3.5624999999999996,0.375,1.125,
0.8,0.6,1.0,3.1999999999999993,0.04571428571428571,True,3.5625,0.375,1.125,
0.8,0.7,0.5,1.5999999999999996,0.022857142857142854,True,3.5625,0.375,1.125,
0.8,0.7,0.75,2.3999999999999995,0.03428571428571428,True,3.5624999999999996,0.375,1.125,
0.8,0.7,1.0,3.1999999999999993,0.04571428571428571,True,3.5625,0.375,1.125,
0.8,0.8,0.5,1.5999999999999996,0.022857142857142854,True,3.5625,0.375,1.125,
0.8,0.8,0.75,2.3999999999999995,0.03428571428571428,True,3.5624999999999996,0.375,1.125,
0.8,0.8,1.0,3.1999999999999993,0.04571428571428571,True,3.5625,0.375,1.125,
0.8,0.9,0.5,1.5999999999999996,0.022857142857142854,True,3.5625,0.375,1.125,
0.8,0.9,0.75,2.3999999999999995,0.03428571428571428,True,3.5624999999999996,0.375,1.125,
0.8,0.9,1.0,3.1999999999999993,0.04571428571428571,True,3.5625,0.375,1.125,
0.8,1.0,0.5,1.5999999999999996,0.022857142857142854,True,3.5625,0.375,1.125,
0.8,1.0,0.75,2.3999999999999995,0.03428571428571428,True,3.5624999999999996,0.375,1.125,
0.8,1.0,1.0,3.1999999999999993,0.04571428571428571,True,3.5625,0.375,1.125,
0.85,0.0,0.5,1.2000000000000002,0.017142857142857144,True,3.5624999999999996,0.375,1.125,
0.85,0.0,0.75,1.8000000000000003,0.025714285714285717,True,3.5624999999999996,0.37499999999999994,1.125,
0.85,0.0,1.0,2.4000000000000004,0.03428571428571429,True,3.5624999999999996,0.375,1.125,
0.85,0.1,0.5,1.2000000000000002,0.017142857142857144,True,3.5624999999999996,0.375,1.125,
0.85,0.1,0.75,1.8000000000000003,0.025714285714285717,True,3.5624999999999996,0.37499999999999994,1.125,
0.85,0.1,1.0,2.4000000000000004,0.03428571428571429,True,3.5624999999999996,0.375,1.125,
0.85,0.2,0.5,1.2000000000000002,0.017142857142857144,True,3.5624999999999996,0.375,1.125,
0.85,0.2,0.75,1.8000000000000003,0.025714285714285717,True,3.5624999999999996,0.37499999999999994,1.125,
0.85,0.2,1.0,2.4000000000000004,0.03428571428571429,True,3.5624999999999996,0.375,1.125,
0.85,0.3,0.5,1.2000000000000002,0.017142857142857144,True,3.5624999999999996,0.375,1.125,
0.85,0.3,0.75,1.8000000000000003,0.025714285714285717,True,3.5624999999999996,0.37499999999999994,1.125,
0.85,0.3,1.0,2.4000000000000004,0.03428571428571429,True,3.5624999999999996,0.375,1.125,
0.85,0.4,0.5,1.2000000000000002,0.017142857142857144,True,3.5624999999999996,0.375,1.125,
0.85,0.4,0.75,1.8000000000000003,0.025714285714285717,True,3.5624999999999996,0.37499999999999994,1.125,
0.85,0.4,1.0,2.4000000000000004,0.03428571428571429,True,3.5624999999999996,0.375,1.125,
0.85,0.5,0.5,1.2000000000000002,0.017142857142857144,True,3.5624999999999996,0.375,1.125,
0.85,0.5,0.75,1.8000000000000003,0.025714285714285717,True,3.5624999999999996,0.37499999999999994,1.125,
0.85,0.5,1.0,2.4000000000000004,0.03428571428571429,True,3.5624999999999996,0.375,1.125,
0.85,0.6,0.5,1.2000000000000002,0.017142857142857144,True,3.5624999999999996,0.375,1.125,
0.85,0.6,0.75,1.8000000000000003,0.025714285714285717,True,3.5624999999999996,0.37499999999999994,1.125,
0.85,0.6,1.0,2.4000000000000004,0.03428571428571429,True,3.5624999999999996,0.375,1.125,
0.85,0.7,0.5,1.2000000000000002,0.017142857142857144,True,3.5624999999999996,0.375,1.125,
0.85,0.7,0.75,1.8000000000000003,0.025714285714285717,True,3.5624999999999996,0.37499999999999994,1.125,
0.85,0.7,1.0,2.4000000000000004,0.03428571428571429,True,3.5624999999999996,0.375,1.125,
0.85,0.8,0.5,1.2000000000000002,0.017142857142857144,True,3.5624999999999996,0.375,1.125,
0.85,0.8,0.75,1.8000000000000003,0.025714285714285717,True,3.5624999999999996,0.37499999999999994,1.125,
0.85,0.8,1.0,2.4000000000000004,0.03428571428571429,True,3.5624999999999996,0.375,1.125,
0.85,0.9,0.5,1.2000000000000002,0.017142857142857144,True,3.5624999999999996,0.375,1.125,
0.85,0.9,0.75,1.8000000000000003,0.025714285714285717,True,3.5624999999999996,0.37499999999999994,1.125,
0.85,0.9,1.0,2.4000000000000004,0.03428571428571429,True,3.5624999999999996,0.375,1.125,
0.85,1.0,0.5,1.2000000000000002,0.017142857142857144,True,3.5624999999999996,0.375,1.125,
0.85,1.0,0.75,1.8000000000000003,0.025714285714285717,True,3.5624999999999996,0.37499999999999994,1.125,
0.85,1.0,1.0,2.4000000000000004,0.03428571428571429,True,3.5624999999999996,0.375,1.125,
0.9,0.0,0.5,0.7999999999999998,0.011428571428571427,True,3.5625,0.375,1.125,
0.9,0.0,0.75,1.1999999999999997,0.01714285714285714,True,3.5624999999999996,0.375,1.125,
0.9,0.0,1.0,1.5999999999999996,0.022857142857142854,True,3.5625,0.375,1.125,
0.9,0.1,0.5,0.7999999999999998,0.011428571428571427,True,3.5625,0.375,1.125,
0.9,0.1,0.75,1.1999999999999997,0.01714285714285714,True,3.5624999999999996,0.375,1.125,
0.9,0.1,1.0,1.5999999999999996,0.022857142857142854,True,3.5625,0.375,1.125,
0.9,0.2,0.5,0.7999999999999998,0.011428571428571427,True,3.5625,0.375,1.125,
0.9,0.2,0.75,1.1999999999999997,0.01714285714285714,True,3.5624999999999996,0.375,1.125,
0.9,0.2,1.0,1.5999999999999996,0.022857142857142854,True,3.5625,0.375,1.125,
0.9,0.3,0.5,0.7999999999999998,0.011428571428571427,True,3.5625,0.375,1.125,
0.9,0.3,0.75,1.1999999999999997,0.01714285714285714,True,3.5624999999999996,0.375,1.125,
0.9,0.3,1.0,1.5999999999999996,0.022857142857142854,True,3.5625,0.375,1.125,
0.9,0.4,0.5,0.7999999999999998,0.011428571428571427,True,3.5625,0.375,1.125,
0.9,0.4,0.75,1.1999999999999997,0.01714285714285714,True,3.5624999999999996,0.375,1.125,
0.9,0.4,1.0,1.5999999999999996,0.022857142857142854,True,3.5625,0.375,1.125,
0.9,0.5,0.5,0.7999999999999998,0.011428571428571427,True,3.5625,0.375,1.125,
0.9,0.5,0.75,1.1999999999999997,0.01714285714285714,True,3.5624999999999996,0.375,1.125,
0.9,0.5,1.0,1.5999999999999996,0.022857142857142854,True,3.5625,0.375,1.125,
0.9,0.6,0.5,0.7999999999999998,0.011428571428571427,True,3.5625,0.375,1.125,
0.9,0.6,0.75,1.1999999999999997,0.01714285714285714,True,3.5624999999999996,0.375,1.125,
0.9,0.6,1.0,1.5999999999999996,0.022857142857142854,True,3.5625,0.375,1.125,
0.9,0.7,0.5,0.7999999999999998,0.011428571428571427,True,3.5625,0.375,1.125,
0.9,0.7,0.75,1.1999999999999997,0.01714285714285714,True,3.5624999999999996,0.375,1.125,
0.9,0.7,1.0,1.5999999999999996,0.022857142857142854,True,3.5625,0.375,1.125,
0.9,0.8,0.5,0.7999999999999998,0.011428571428571427,True,3.5625,0.375,1.125,
0.9,0.8,0.75,1.1999999999999997,0.01714285714285714,True,3.5624999999999996,0.375,1.125,
0.9,0.8,1.0,1.5999999999999996,0.022857142857142854,True,3.5625,0.375,1.125,
0.9,0.9,0.5,0.7999999999999998,0.011428571428571427,True,3.5625,0.375,1.125,
0.9,0.9,0.75,1.1999999999999997,0.01714285714285714,True,3.5624999999999996,0.375,1.125,
0.9,0.9,1.0,1.5999999999999996,0.022857142857142854,True,3.5625,0.375,1.125,
0.9,1.0,0.5,0.7999999999999998,0.011428571428571427,True,3.5625,0.375,1.125,
0.9,1.0,0.75,1.1999999999999997,0.01714285714285714,True,3.5624999999999996,0.375,1.125,
0.9,1.0,1.0,1.5999999999999996,0.022857142857142854,True,3.5625,0.375,1.125,
0.95,0.0,0.5,0.40000000000000036,0.0057142857142857195,True,3.5624999999999996,0.375,1.125,
0.95,0.0,0.75,0.6000000000000005,0.008571428571428579,True,3.5625,0.375,1.125,
0.95,0.0,1.0,0.8000000000000007,0.011428571428571439,True,3.5624999999999996,0.375,1.125,
0.95,0.1,0.5,0.40000000000000036,0.0057142857142857195,True,3.5624999999999996,0.375,1.125,
0.95,0.1,0.75,0.6000000000000005,0.008571428571428579,True,3.5625,0.375,1.125,
0.95,0.1,1.0,0.8000000000000007,0.011428571428571439,True,3.5624999999999996,0.375,1.125,
0.95,0.2,0.5,0.40000000000000036,0.0057142857142857195,True,3.5624999999999996,0.375,1.125,
0.95,0.2,0.75,0.6000000000000005,0.008571428571428579,True,3.5625,0.375,1.125,
0.95,0.2,1.0,0.8000000000000007,0.011428571428571439,True,3.5624999999999996,0.375,1.125,
0.95,0.3,0.5,0.40000000000000036,0.0057142857142857195,True,3.5624999999999996,0.375,1.125,
0.95,0.3,0.75,0.6000000000000005,0.008571428571428579,True,3.5625,0.375,1.125,
0.95,0.3,1.0,0.8000000000000007,0.011428571428571439,True,3.5624999999999996,0.375,1.125,
0.95,0.4,0.5,0.40000000000000036,0.0057142857142857195,True,3.5624999999999996,0.375,1.125,
0.95,0.4,0.75,0.6000000000000005,0.008571428571428579,True,3.5625,0.375,1.125,
0.95,0.4,1.0,0.8000000000000007,0.011428571428571439,True,3.5624999999999996,0.375,1.125,
0.95,0.5,0.5,0.40000000000000036,0.0057142857142857195,True,3.5624999999999996,0.375,1.125,
0.95,0.5,0.75,0.6000000000000005,0.008571428571428579,True,3.5625,0.375,1.125,
0.95,0.5,1.0,0.8000000000000007,0.011428571428571439,True,3.5624999999999996,0.375,1.125,
0.95,0.6,0.5,0.40000000000000036,0.0057142857142857195,True,3.5624999999999996,0.375,1.125,
0.95,0.6,0.75,0.6000000000000005,0.008571428571428579,True,3.5625,0.375,1.125,
0.95,0.6,1.0,0.8000000000000007,0.011428571428571439,True,3.5624999999999996,0.375,1.125,
0.95,0.7,0.5,0.40000000000000036,0.0057142857142857195,True,3.5624999999999996,0.375,1.125,
0.95,0.7,0.75,0.6000000000000005,0.008571428571428579,True,3.5625,0.375,1.125,
0.95,0.7,1.0,0.8000000000000007,0.011428571428571439,True,3.5624999999999996,0.375,1.125,
0.95,0.8,0.5,0.40000000000000036,0.0057142857142857195,True,3.5624999999999996,0.375,1.125,
0.95,0.8,0.75,0.6000000000000005,0.008571428571428579,True,3.5625,0.375,1.125,
0.95,0.8,1.0,0.8000000000000007,0.011428571428571439,True,3.5624999999999996,0.375,1.125,
0.95,0.9,0.5,0.40000000000000036,0.0057142857142857195,True,3.5624999999999996,0.375,1.125,
0.95,0.9,0.75,0.6000000000000005,0.008571428571428579,True,3.5625,0.375,1.125,
0.95,0.9,1.0,0.8000000000000007,0.011428571428571439,True,3.5624999999999996,0.375,1.125,
0.95,1.0,0.5,0.40000000000000036,0.0057142857142857195,True,3.5624999999999996,0.375,1.125,
0.95,1.0,0.75,0.6000000000000005,0.008571428571428579,True,3.5625,0.375,1.125,
0.95,1.0,1.0,0.8000000000000007,0.011428571428571439,True,3.5624999999999996,0.375,1.125,
1.0,0.0,0.5,0.0,0.0,False,,,,NO_EFFECTIVE_EVIDENCE
1.0,0.0,0.75,0.0,0.0,False,,,,NO_EFFECTIVE_EVIDENCE
1.0,0.0,1.0,0.0,0.0,False,,,,NO_EFFECTIVE_EVIDENCE
1.0,0.1,0.5,0.0,0.0,False,,,,NO_EFFECTIVE_EVIDENCE
1.0,0.1,0.75,0.0,0.0,False,,,,NO_EFFECTIVE_EVIDENCE
1.0,0.1,1.0,0.0,0.0,False,,,,NO_EFFECTIVE_EVIDENCE
1.0,0.2,0.5,0.0,0.0,False,,,,NO_EFFECTIVE_EVIDENCE
1.0,0.2,0.75,0.0,0.0,False,,,,NO_EFFECTIVE_EVIDENCE
1.0,0.2,1.0,0.0,0.0,False,,,,NO_EFFECTIVE_EVIDENCE
1.0,0.3,0.5,0.0,0.0,False,,,,NO_EFFECTIVE_EVIDENCE
1.0,0.3,0.75,0.0,0.0,False,,,,NO_EFFECTIVE_EVIDENCE
1.0,0.3,1.0,0.0,0.0,False,,,,NO_EFFECTIVE_EVIDENCE
1.0,0.4,0.5,0.0,0.0,False,,,,NO_EFFECTIVE_EVIDENCE
1.0,0.4,0.75,0.0,0.0,False,,,,NO_EFFECTIVE_EVIDENCE
1.0,0.4,1.0,0.0,0.0,False,,,,NO_EFFECTIVE_EVIDENCE
1.0,0.5,0.5,0.0,0.0,False,,,,NO_EFFECTIVE_EVIDENCE
1.0,0.5,0.75,0.0,0.0,False,,,,NO_EFFECTIVE_EVIDENCE
1.0,0.5,1.0,0.0,0.0,False,,,,NO_EFFECTIVE_EVIDENCE
1.0,0.6,0.5,0.0,0.0,False,,,,NO_EFFECTIVE_EVIDENCE
1.0,0.6,0.75,0.0,0.0,False,,,,NO_EFFECTIVE_EVIDENCE
1.0,0.6,1.0,0.0,0.0,False,,,,NO_EFFECTIVE_EVIDENCE
1.0,0.7,0.5,0.0,0.0,False,,,,NO_EFFECTIVE_EVIDENCE
1.0,0.7,0.75,0.0,0.0,False,,,,NO_EFFECTIVE_EVIDENCE
1.0,0.7,1.0,0.0,0.0,False,,,,NO_EFFECTIVE_EVIDENCE
1.0,0.8,0.5,0.0,0.0,False,,,,NO_EFFECTIVE_EVIDENCE
1.0,0.8,0.75,0.0,0.0,False,,,,NO_EFFECTIVE_EVIDENCE
1.0,0.8,1.0,0.0,0.0,False,,,,NO_EFFECTIVE_EVIDENCE
1.0,0.9,0.5,0.0,0.0,False,,,,NO_EFFECTIVE_EVIDENCE
1.0,0.9,0.75,0.0,0.0,False,,,,NO_EFFECTIVE_EVIDENCE
1.0,0.9,1.0,0.0,0.0,False,,,,NO_EFFECTIVE_EVIDENCE
1.0,1.0,0.5,0.0,0.0,False,,,,NO_EFFECTIVE_EVIDENCE
1.0,1.0,0.75,0.0,0.0,False,,,,NO_EFFECTIVE_EVIDENCE
1.0,1.0,1.0,0.0,0.0,False,,,,NO_EFFECTIVE_EVIDENCE
