result_scope,result_source,claim_boundary,lambda_prompt,lambda_context,adjusted_abl,adjusted_hot,effective_evidence_coverage,effective_sample_weight,adjusted_task_evidence_gap,raw_abl,raw_hot,raw_evidence_coverage,raw_task_evidence_gap,prompt_flagged_rows,context_flagged_rows,low_confidence_rows
DEVELOPMENT_ONLY,AI_PROVISIONAL,NOT FOR FORMAL GATE OR FINAL CLAIMS,0.0,0.0,3.5625,0.375,0.17142857142857143,12.0,1.125,3.5625,0.375,0.22857142857142856,1.125,53,28,51
DEVELOPMENT_ONLY,AI_PROVISIONAL,NOT FOR FORMAL GATE OR FINAL CLAIMS,0.0,0.5,3.5625,0.375,0.17142857142857143,12.0,1.125,3.5625,0.375,0.22857142857142856,1.125,53,28,51
DEVELOPMENT_ONLY,AI_PROVISIONAL,NOT FOR FORMAL GATE OR FINAL CLAIMS,0.0,1.0,3.5625,0.375,0.17142857142857143,12.0,1.125,3.5625,0.375,0.22857142857142856,1.125,53,28,51
DEVELOPMENT_ONLY,AI_PROVISIONAL,NOT FOR FORMAL GATE OR FINAL CLAIMS,0.25,0.0,3.5625,0.375,0.12857142857142856,9.0,1.125,3.5625,0.375,0.22857142857142856,1.125,53,28,51
DEVELOPMENT_ONLY,AI_PROVISIONAL,NOT FOR FORMAL GATE OR FINAL CLAIMS,0.25,0.5,3.5625,0.375,0.12857142857142856,9.0,1.125,3.5625,0.375,0.22857142857142856,1.125,53,28,51
DEVELOPMENT_ONLY,AI_PROVISIONAL,NOT FOR FORMAL GATE OR FINAL CLAIMS,0.25,1.0,3.5625,0.375,0.12857142857142856,9.0,1.125,3.5625,0.375,0.22857142857142856,1.125,53,28,51
DEVELOPMENT_ONLY,AI_PROVISIONAL,NOT FOR FORMAL GATE OR FINAL CLAIMS,0.5,0.0,3.5625,0.375,0.08571428571428572,6.0,1.125,3.5625,0.375,0.22857142857142856,1.125,53,28,51
DEVELOPMENT_ONLY,AI_PROVISIONAL,NOT FOR FORMAL GATE OR FINAL CLAIMS,0.5,0.5,3.5625,0.375,0.08571428571428572,6.0,1.125,3.5625,0.375,0.22857142857142856,1.125,53,28,51
DEVELOPMENT_ONLY,AI_PROVISIONAL,NOT FOR FORMAL GATE OR FINAL CLAIMS,0.5,1.0,3.5625,0.375,0.08571428571428572,6.0,1.125,3.5625,0.375,0.22857142857142856,1.125,53,28,51
DEVELOPMENT_ONLY,AI_PROVISIONAL,NOT FOR FORMAL GATE OR FINAL CLAIMS,0.75,0.0,3.5625,0.375,0.04285714285714286,3.0,1.125,3.5625,0.375,0.22857142857142856,1.125,53,28,51
DEVELOPMENT_ONLY,AI_PROVISIONAL,NOT FOR FORMAL GATE OR FINAL CLAIMS,0.75,0.5,3.5625,0.375,0.04285714285714286,3.0,1.125,3.5625,0.375,0.22857142857142856,1.125,53,28,51
DEVELOPMENT_ONLY,AI_PROVISIONAL,NOT FOR FORMAL GATE OR FINAL CLAIMS,0.75,1.0,3.5625,0.375,0.04285714285714286,3.0,1.125,3.5625,0.375,0.22857142857142856,1.125,53,28,51
DEVELOPMENT_ONLY,AI_PROVISIONAL,NOT FOR FORMAL GATE OR FINAL CLAIMS,1.0,0.0,,,0.0,0.0,,3.5625,0.375,0.22857142857142856,1.125,53,28,51
DEVELOPMENT_ONLY,AI_PROVISIONAL,NOT FOR FORMAL GATE OR FINAL CLAIMS,1.0,0.5,,,0.0,0.0,,3.5625,0.375,0.22857142857142856,1.125,53,28,51
DEVELOPMENT_ONLY,AI_PROVISIONAL,NOT FOR FORMAL GATE OR FINAL CLAIMS,1.0,1.0,,,0.0,0.0,,3.5625,0.375,0.22857142857142856,1.125,53,28,51
