parameter,change,value,delta_reliability,delta_adjusted_score,evaluation_status_changed,core_conclusion_changed,adjusted_score,evaluation_status
lambda_prompt,-20%,0.4,0.017142857142857126,0.0,False,False,3.5625,DEVELOPMENT_ONLY_STRUCTURAL_SUPPORT
lambda_prompt,-10%,0.45,0.008571428571428563,0.0,False,False,3.5625,DEVELOPMENT_ONLY_STRUCTURAL_SUPPORT
lambda_prompt,baseline,0.5,0.0,0.0,False,False,3.5625,DEVELOPMENT_ONLY_STRUCTURAL_SUPPORT
lambda_prompt,+10%,0.55,-0.008571428571428563,0.0,False,False,3.5625,DEVELOPMENT_ONLY_STRUCTURAL_SUPPORT
lambda_prompt,+20%,0.6,-0.01714285714285714,-4.440892098500626e-16,False,False,3.5624999999999996,DEVELOPMENT_ONLY_STRUCTURAL_SUPPORT
lambda_context,-20%,0.4,0.0,0.0,False,False,3.5625,DEVELOPMENT_ONLY_STRUCTURAL_SUPPORT
lambda_context,-10%,0.45,0.0,0.0,False,False,3.5625,DEVELOPMENT_ONLY_STRUCTURAL_SUPPORT
lambda_context,baseline,0.5,0.0,0.0,False,False,3.5625,DEVELOPMENT_ONLY_STRUCTURAL_SUPPORT
lambda_context,+10%,0.55,0.0,0.0,False,False,3.5625,DEVELOPMENT_ONLY_STRUCTURAL_SUPPORT
lambda_context,+20%,0.6,0.0,0.0,False,False,3.5625,DEVELOPMENT_ONLY_STRUCTURAL_SUPPORT
r_medium,-20%,0.6000000000000001,-0.01714285714285714,-4.440892098500626e-16,False,False,3.5624999999999996,DEVELOPMENT_ONLY_STRUCTURAL_SUPPORT
r_medium,-10%,0.675,-0.008571428571428563,0.0,False,False,3.5625,DEVELOPMENT_ONLY_STRUCTURAL_SUPPORT
r_medium,baseline,0.75,0.0,0.0,False,False,3.5625,DEVELOPMENT_ONLY_STRUCTURAL_SUPPORT
r_medium,+10%,0.8250000000000001,0.008571428571428563,0.0,False,False,3.5625,DEVELOPMENT_ONLY_STRUCTURAL_SUPPORT
r_medium,+20%,0.8999999999999999,0.017142857142857126,0.0,False,False,3.5625,DEVELOPMENT_ONLY_STRUCTURAL_SUPPORT
