model,parameter,ablation,n,raw_observed,defined_n,coverage_observed,missing_evidence_n,abstain_n,no_effective_evidence_n,mean_output,rmse_vs_raw,rank_stability_vs_raw
A_multiplicative,,raw,70,16,16,1.0,54,0,54,3.5625,0.0,1.0
A_multiplicative,,no_confidence,70,16,16,1.0,54,0,54,1.78125,1.9324531042175384,1.0
A_multiplicative,,no_prompt,70,16,16,1.0,54,0,54,2.671875,0.9662265521087692,1.0
A_multiplicative,,no_context,70,16,16,1.0,54,0,54,1.3359375,2.415566380271923,1.0
B_additive,0.5,raw,70,16,16,1.0,54,0,54,3.5625,0.0,1.0
B_additive,0.5,no_confidence,70,16,16,1.0,54,0,54,3.3125,0.25,1.0
B_additive,0.5,no_prompt,70,16,16,1.0,54,0,54,3.4375,0.125,1.0
B_additive,0.5,no_context,70,16,16,1.0,54,0,54,3.25,0.3125,1.0
B_additive,1.0,raw,70,16,16,1.0,54,0,54,3.5625,0.0,1.0
B_additive,1.0,no_confidence,70,16,16,1.0,54,0,54,3.0625,0.5,1.0
B_additive,1.0,no_prompt,70,16,16,1.0,54,0,54,3.3125,0.25,1.0
B_additive,1.0,no_context,70,16,16,1.0,54,0,54,2.9375,0.625,1.0
C_gated,0.5,raw,70,16,16,1.0,54,0,54,3.5625,0.0,1.0
C_gated,0.5,no_confidence,70,16,16,1.0,54,0,54,3.5625,0.0,1.0
C_gated,0.5,no_prompt,70,16,16,1.0,54,0,54,3.5625,0.0,1.0
C_gated,0.5,no_context,70,16,0,0.0,54,16,54,,,
D_nonlinear,0.5,raw,70,16,16,1.0,54,0,54,3.5625,0.0,1.0
D_nonlinear,0.5,no_confidence,70,16,16,1.0,54,0,54,2.519067907977076,1.1320048198006456,1.0
D_nonlinear,0.5,no_prompt,70,16,16,1.0,54,0,54,3.0852155009820628,0.5177992486861056,1.0
D_nonlinear,0.5,no_context,70,16,16,1.0,54,0,54,2.1815768021662674,1.498144179839891,1.0
D_nonlinear,1.0,raw,70,16,16,1.0,54,0,54,3.5625,0.0,1.0
D_nonlinear,1.0,no_confidence,70,16,16,1.0,54,0,54,1.78125,1.9324531042175384,1.0
D_nonlinear,1.0,no_prompt,70,16,16,1.0,54,0,54,2.671875,0.9662265521087692,1.0
D_nonlinear,1.0,no_context,70,16,16,1.0,54,0,54,1.3359375,2.415566380271923,1.0
D_nonlinear,2.0,raw,70,16,16,1.0,54,0,54,3.5625,0.0,1.0
D_nonlinear,2.0,no_confidence,70,16,16,1.0,54,0,54,0.890625,2.8986796563263075,1.0
D_nonlinear,2.0,no_prompt,70,16,16,1.0,54,0,54,2.00390625,1.690896466190346,1.0
D_nonlinear,2.0,no_context,70,16,16,1.0,54,0,54,0.5009765625,3.321403772873894,1.0
