model,parameter,record_id,raw,R,output,status
A_multiplicative,,P108,6.0,0.375,2.25,DEFINED
A_multiplicative,,P072,,0.0,,NO_EFFECTIVE_EVIDENCE
A_multiplicative,,P035,,0.0,,NO_EFFECTIVE_EVIDENCE
B_additive,0.5,P108,6.0,0.375,5.6875,DEFINED
B_additive,0.5,P072,,0.0,,NO_EFFECTIVE_EVIDENCE
B_additive,0.5,P035,,0.0,,NO_EFFECTIVE_EVIDENCE
B_additive,1.0,P108,6.0,0.375,5.375,DEFINED
B_additive,1.0,P072,,0.0,,NO_EFFECTIVE_EVIDENCE
B_additive,1.0,P035,,0.0,,NO_EFFECTIVE_EVIDENCE
C_gated,0.5,P108,6.0,0.375,,ABSTAIN
C_gated,0.5,P072,,0.0,,NO_EFFECTIVE_EVIDENCE
C_gated,0.5,P035,,0.0,,NO_EFFECTIVE_EVIDENCE
D_nonlinear,0.5,P108,6.0,0.375,3.674234614174767,DEFINED
D_nonlinear,0.5,P072,,0.0,,NO_EFFECTIVE_EVIDENCE
D_nonlinear,0.5,P035,,0.0,,NO_EFFECTIVE_EVIDENCE
D_nonlinear,1.0,P108,6.0,0.375,2.25,DEFINED
D_nonlinear,1.0,P072,,0.0,,NO_EFFECTIVE_EVIDENCE
D_nonlinear,1.0,P035,,0.0,,NO_EFFECTIVE_EVIDENCE
D_nonlinear,2.0,P108,6.0,0.375,0.84375,DEFINED
D_nonlinear,2.0,P072,,0.0,,NO_EFFECTIVE_EVIDENCE
D_nonlinear,2.0,P035,,0.0,,NO_EFFECTIVE_EVIDENCE
