model,parameter,raw,R,output,status
A_multiplicative,,1.0,0.0,0.0,DEFINED
A_multiplicative,,1.0,0.01,0.01,DEFINED
A_multiplicative,,1.0,0.25,0.25,DEFINED
A_multiplicative,,1.0,0.5,0.5,DEFINED
A_multiplicative,,1.0,1.0,1.0,DEFINED
A_multiplicative,,6.0,0.0,0.0,DEFINED
A_multiplicative,,6.0,0.01,0.06,DEFINED
A_multiplicative,,6.0,0.25,1.5,DEFINED
A_multiplicative,,6.0,0.5,3.0,DEFINED
A_multiplicative,,6.0,1.0,6.0,DEFINED
B_additive,0.5,1.0,0.0,0.5,DEFINED
B_additive,0.5,1.0,0.01,0.505,DEFINED
B_additive,0.5,1.0,0.25,0.625,DEFINED
B_additive,0.5,1.0,0.5,0.75,DEFINED
B_additive,0.5,1.0,1.0,1.0,DEFINED
B_additive,0.5,6.0,0.0,5.5,DEFINED
B_additive,0.5,6.0,0.01,5.505,DEFINED
B_additive,0.5,6.0,0.25,5.625,DEFINED
B_additive,0.5,6.0,0.5,5.75,DEFINED
B_additive,0.5,6.0,1.0,6.0,DEFINED
B_additive,1.0,1.0,0.0,0.0,DEFINED
B_additive,1.0,1.0,0.01,0.010000000000000009,DEFINED
B_additive,1.0,1.0,0.25,0.25,DEFINED
B_additive,1.0,1.0,0.5,0.5,DEFINED
B_additive,1.0,1.0,1.0,1.0,DEFINED
B_additive,1.0,6.0,0.0,5.0,DEFINED
B_additive,1.0,6.0,0.01,5.01,DEFINED
B_additive,1.0,6.0,0.25,5.25,DEFINED
B_additive,1.0,6.0,0.5,5.5,DEFINED
B_additive,1.0,6.0,1.0,6.0,DEFINED
C_gated,0.5,1.0,0.0,,ABSTAIN
C_gated,0.5,1.0,0.01,,ABSTAIN
C_gated,0.5,1.0,0.25,,ABSTAIN
C_gated,0.5,1.0,0.5,1.0,ACCEPT
C_gated,0.5,1.0,1.0,1.0,ACCEPT
C_gated,0.5,6.0,0.0,,ABSTAIN
C_gated,0.5,6.0,0.01,,ABSTAIN
C_gated,0.5,6.0,0.25,,ABSTAIN
C_gated,0.5,6.0,0.5,6.0,ACCEPT
C_gated,0.5,6.0,1.0,6.0,ACCEPT
D_nonlinear,0.5,1.0,0.0,0.0,DEFINED
D_nonlinear,0.5,1.0,0.01,0.1,DEFINED
D_nonlinear,0.5,1.0,0.25,0.5,DEFINED
D_nonlinear,0.5,1.0,0.5,0.7071067811865476,DEFINED
D_nonlinear,0.5,1.0,1.0,1.0,DEFINED
D_nonlinear,0.5,6.0,0.0,0.0,DEFINED
D_nonlinear,0.5,6.0,0.01,0.6000000000000001,DEFINED
D_nonlinear,0.5,6.0,0.25,3.0,DEFINED
D_nonlinear,0.5,6.0,0.5,4.242640687119286,DEFINED
D_nonlinear,0.5,6.0,1.0,6.0,DEFINED
D_nonlinear,1.0,1.0,0.0,0.0,DEFINED
D_nonlinear,1.0,1.0,0.01,0.01,DEFINED
D_nonlinear,1.0,1.0,0.25,0.25,DEFINED
D_nonlinear,1.0,1.0,0.5,0.5,DEFINED
D_nonlinear,1.0,1.0,1.0,1.0,DEFINED
D_nonlinear,1.0,6.0,0.0,0.0,DEFINED
D_nonlinear,1.0,6.0,0.01,0.06,DEFINED
D_nonlinear,1.0,6.0,0.25,1.5,DEFINED
D_nonlinear,1.0,6.0,0.5,3.0,DEFINED
D_nonlinear,1.0,6.0,1.0,6.0,DEFINED
D_nonlinear,2.0,1.0,0.0,0.0,DEFINED
D_nonlinear,2.0,1.0,0.01,0.0001,DEFINED
D_nonlinear,2.0,1.0,0.25,0.0625,DEFINED
D_nonlinear,2.0,1.0,0.5,0.25,DEFINED
D_nonlinear,2.0,1.0,1.0,1.0,DEFINED
D_nonlinear,2.0,6.0,0.0,0.0,DEFINED
D_nonlinear,2.0,6.0,0.01,0.0006000000000000001,DEFINED
D_nonlinear,2.0,6.0,0.25,0.375,DEFINED
D_nonlinear,2.0,6.0,0.5,1.5,DEFINED
D_nonlinear,2.0,6.0,1.0,6.0,DEFINED
