model,parameter,r_multiplier,n,raw_observed,defined_n,coverage_observed,missing_evidence_n,abstain_n,no_effective_evidence_n,mean_output,rmse_vs_raw,rank_stability_vs_raw
A_multiplicative,,0.0,70,16,16,1.0,54,0,54,0.0,3.8649062084350767,
A_multiplicative,,0.5,70,16,16,1.0,54,0,54,0.66796875,3.1402362943534996,1.0
A_multiplicative,,0.8,70,16,16,1.0,54,0,54,1.06875,2.7054343459045533,1.0
A_multiplicative,,1.0,70,16,16,1.0,54,0,54,1.3359375,2.415566380271923,1.0
A_multiplicative,,1.2,70,16,16,1.0,54,0,54,1.603125,2.1256984146392925,1.0
B_additive,0.5,0.0,70,16,16,1.0,54,0,54,3.0625,0.5,1.0
B_additive,0.5,0.5,70,16,16,1.0,54,0,54,3.15625,0.40625,1.0
B_additive,0.5,0.8,70,16,16,1.0,54,0,54,3.2125000000000004,0.35,1.0
B_additive,0.5,1.0,70,16,16,1.0,54,0,54,3.25,0.3125,1.0
B_additive,0.5,1.2,70,16,16,1.0,54,0,54,3.2874999999999996,0.275,1.0
B_additive,1.0,0.0,70,16,16,1.0,54,0,54,2.5625,1.0,1.0
B_additive,1.0,0.5,70,16,16,1.0,54,0,54,2.75,0.8125,1.0
B_additive,1.0,0.8,70,16,16,1.0,54,0,54,2.8625,0.7000000000000001,1.0
B_additive,1.0,1.0,70,16,16,1.0,54,0,54,2.9375,0.625,1.0
B_additive,1.0,1.2,70,16,16,1.0,54,0,54,3.0125,0.5499999999999999,1.0
C_gated,0.5,0.0,70,16,0,0.0,54,16,54,,,
C_gated,0.5,0.5,70,16,0,0.0,54,16,54,,,
C_gated,0.5,0.8,70,16,0,0.0,54,16,54,,,
C_gated,0.5,1.0,70,16,0,0.0,54,16,54,,,
C_gated,0.5,1.2,70,16,0,0.0,54,16,54,,,
D_nonlinear,0.5,0.0,70,16,16,1.0,54,0,54,0.0,3.8649062084350767,
D_nonlinear,0.5,0.5,70,16,16,1.0,54,0,54,1.5426077504910314,2.191352728560591,1.0
D_nonlinear,0.5,0.8,70,16,16,1.0,54,0,54,1.9512616111121543,1.7480098954334216,1.0
D_nonlinear,0.5,1.0,70,16,16,1.0,54,0,54,2.1815768021662674,1.498144179839891,1.0
D_nonlinear,0.5,1.2,70,16,16,1.0,54,0,54,2.3897976509529,1.2722483058185359,1.0
D_nonlinear,1.0,0.0,70,16,16,1.0,54,0,54,0.0,3.8649062084350767,
D_nonlinear,1.0,0.5,70,16,16,1.0,54,0,54,0.66796875,3.1402362943534996,1.0
D_nonlinear,1.0,0.8,70,16,16,1.0,54,0,54,1.06875,2.7054343459045533,1.0
D_nonlinear,1.0,1.0,70,16,16,1.0,54,0,54,1.3359375,2.415566380271923,1.0
D_nonlinear,1.0,1.2,70,16,16,1.0,54,0,54,1.603125,2.1256984146392925,1.0
D_nonlinear,2.0,0.0,70,16,16,1.0,54,0,54,0.0,3.8649062084350767,
D_nonlinear,2.0,0.5,70,16,16,1.0,54,0,54,0.125244140625,3.7290305995447808,1.0
D_nonlinear,2.0,0.8,70,16,16,1.0,54,0,54,0.3206250000000001,3.5170646496759197,1.0
D_nonlinear,2.0,1.0,70,16,16,1.0,54,0,54,0.5009765625,3.321403772873894,1.0
D_nonlinear,2.0,1.2,70,16,16,1.0,54,0,54,0.7214062499999998,3.0822627012269734,1.0
