quantity,scope,value,value_max,annotation_source,development_status,formal_gate_eligible,claim_boundary
records_total,70-record denominator,70,,AI_PROVISIONAL,DEVELOPMENT_ONLY,false,NOT A FORMAL COMPETITION RESULT OR RANKING
readable_evidence,L1-L6,16,,AI_PROVISIONAL,DEVELOPMENT_ONLY,false,NOT A FORMAL COMPETITION RESULT OR RANKING
no_evidence,NO_EVIDENCE,19,,AI_PROVISIONAL,DEVELOPMENT_ONLY,false,NOT A FORMAL COMPETITION RESULT OR RANKING
undetermined,UNDETERMINED,35,,AI_PROVISIONAL,DEVELOPMENT_ONLY,false,NOT A FORMAL COMPETITION RESULT OR RANKING
grid_cells,parameter grid,693,,AI_PROVISIONAL,DEVELOPMENT_ONLY,false,NOT A FORMAL COMPETITION RESULT OR RANKING
grid_defined,effective weight > 0,660,,AI_PROVISIONAL,DEVELOPMENT_ONLY,false,NOT A FORMAL COMPETITION RESULT OR RANKING
grid_undefined,NO_EFFECTIVE_EVIDENCE,33,,AI_PROVISIONAL,DEVELOPMENT_ONLY,false,NOT A FORMAL COMPETITION RESULT OR RANKING
ABL_baseline,Score @ theta0,3.5625,,AI_PROVISIONAL,DEVELOPMENT_ONLY,false,NOT A FORMAL COMPETITION RESULT OR RANKING
HOT_baseline,Score @ theta0,0.375,,AI_PROVISIONAL,DEVELOPMENT_ONLY,false,NOT A FORMAL COMPETITION RESULT OR RANKING
Gap_baseline,Score @ theta0,1.125,,AI_PROVISIONAL,DEVELOPMENT_ONLY,false,NOT A FORMAL COMPETITION RESULT OR RANKING
effective_weight_baseline,Support @ theta0,12.0,,AI_PROVISIONAL,DEVELOPMENT_ONLY,false,NOT A FORMAL COMPETITION RESULT OR RANKING
effective_coverage_baseline,Support @ theta0; denominator 70,0.17142857142857143,,AI_PROVISIONAL,DEVELOPMENT_ONLY,false,NOT A FORMAL COMPETITION RESULT OR RANKING
ABL_range_defined,min..max over defined cells,3.5624999999999996,3.5625000000000004,AI_PROVISIONAL,DEVELOPMENT_ONLY,false,NOT A FORMAL COMPETITION RESULT OR RANKING
HOT_range_defined,min..max over defined cells,0.37499999999999994,0.37500000000000006,AI_PROVISIONAL,DEVELOPMENT_ONLY,false,NOT A FORMAL COMPETITION RESULT OR RANKING
Gap_range_defined,min..max over defined cells,1.1249999999999998,1.1250000000000002,AI_PROVISIONAL,DEVELOPMENT_ONLY,false,NOT A FORMAL COMPETITION RESULT OR RANKING
effective_weight_range_defined,min..max over defined cells,0.40000000000000036,16.0,AI_PROVISIONAL,DEVELOPMENT_ONLY,false,NOT A FORMAL COMPETITION RESULT OR RANKING
effective_coverage_range_defined,min..max over defined cells,0.0057142857142857195,0.22857142857142856,AI_PROVISIONAL,DEVELOPMENT_ONLY,false,NOT A FORMAL COMPETITION RESULT OR RANKING
AIV,formal only,NOT_AVAILABLE_PENDING_FORMAL_GATE,,AI_PROVISIONAL,DEVELOPMENT_ONLY,false,NOT A FORMAL COMPETITION RESULT OR RANKING
ranking,formal only,NOT_AVAILABLE_PENDING_FORMAL_GATE,,AI_PROVISIONAL,DEVELOPMENT_ONLY,false,NOT A FORMAL COMPETITION RESULT OR RANKING
