category,value,count
student_evidence_bloom,L2,5
student_evidence_bloom,L3,5
student_evidence_bloom,L4,1
student_evidence_bloom,L5,2
student_evidence_bloom,L6,3
student_evidence_bloom,NO_EVIDENCE,19
student_evidence_bloom,UNDETERMINED,35
prompt_induced,false,17
prompt_induced,true,53
context_truncated,false,42
context_truncated,true,28
confidence,low,51
confidence,medium,19
task_actor,ai,53
task_actor,student,11
task_actor,unknown,6
task_source,ai_prompt,53
task_source,student_request,11
task_source,unknown,6
