record_id,evidence_class,student_evidence_bloom,task_bloom,evidence_level_numeric,confidence,prompt_induced,context_truncated,baseline_weight,enters_score,record_score_status,AIV,ranking,annotation_source,development_status,formal_gate_eligible,claim_boundary
P001,UNDETERMINED,UNDETERMINED,L3,,low,false,false,0.0,false,NOT_SCORED_UNDETERMINED,NOT_AVAILABLE_PENDING_FORMAL_GATE,NOT_AVAILABLE_PENDING_FORMAL_GATE,AI_PROVISIONAL,DEVELOPMENT_ONLY,false,NOT A FORMAL COMPETITION RESULT OR RANKING
P002,UNDETERMINED,UNDETERMINED,UNDETERMINED,,low,false,false,0.0,false,NOT_SCORED_UNDETERMINED,NOT_AVAILABLE_PENDING_FORMAL_GATE,NOT_AVAILABLE_PENDING_FORMAL_GATE,AI_PROVISIONAL,DEVELOPMENT_ONLY,false,NOT A FORMAL COMPETITION RESULT OR RANKING
P004,NO_EVIDENCE,NO_EVIDENCE,UNDETERMINED,,low,true,false,0.0,false,NOT_SCORED_NO_EVIDENCE,NOT_AVAILABLE_PENDING_FORMAL_GATE,NOT_AVAILABLE_PENDING_FORMAL_GATE,AI_PROVISIONAL,DEVELOPMENT_ONLY,false,NOT A FORMAL COMPETITION RESULT OR RANKING
P005,NO_EVIDENCE,NO_EVIDENCE,L3,,low,false,false,0.0,false,NOT_SCORED_NO_EVIDENCE,NOT_AVAILABLE_PENDING_FORMAL_GATE,NOT_AVAILABLE_PENDING_FORMAL_GATE,AI_PROVISIONAL,DEVELOPMENT_ONLY,false,NOT A FORMAL COMPETITION RESULT OR RANKING
P006,UNDETERMINED,UNDETERMINED,UNDETERMINED,,low,false,false,0.0,false,NOT_SCORED_UNDETERMINED,NOT_AVAILABLE_PENDING_FORMAL_GATE,NOT_AVAILABLE_PENDING_FORMAL_GATE,AI_PROVISIONAL,DEVELOPMENT_ONLY,false,NOT A FORMAL COMPETITION RESULT OR RANKING
P007,UNDETERMINED,UNDETERMINED,UNDETERMINED,,low,false,false,0.0,false,NOT_SCORED_UNDETERMINED,NOT_AVAILABLE_PENDING_FORMAL_GATE,NOT_AVAILABLE_PENDING_FORMAL_GATE,AI_PROVISIONAL,DEVELOPMENT_ONLY,false,NOT A FORMAL COMPETITION RESULT OR RANKING
P008,NO_EVIDENCE,NO_EVIDENCE,UNDETERMINED,,low,false,false,0.0,false,NOT_SCORED_NO_EVIDENCE,NOT_AVAILABLE_PENDING_FORMAL_GATE,NOT_AVAILABLE_PENDING_FORMAL_GATE,AI_PROVISIONAL,DEVELOPMENT_ONLY,false,NOT A FORMAL COMPETITION RESULT OR RANKING
P009,UNDETERMINED,UNDETERMINED,UNDETERMINED,,low,false,false,0.0,false,NOT_SCORED_UNDETERMINED,NOT_AVAILABLE_PENDING_FORMAL_GATE,NOT_AVAILABLE_PENDING_FORMAL_GATE,AI_PROVISIONAL,DEVELOPMENT_ONLY,false,NOT A FORMAL COMPETITION RESULT OR RANKING
P010,UNDETERMINED,UNDETERMINED,L3,,low,false,false,0.0,false,NOT_SCORED_UNDETERMINED,NOT_AVAILABLE_PENDING_FORMAL_GATE,NOT_AVAILABLE_PENDING_FORMAL_GATE,AI_PROVISIONAL,DEVELOPMENT_ONLY,false,NOT A FORMAL COMPETITION RESULT OR RANKING
P014,UNDETERMINED,UNDETERMINED,L3,,low,true,false,0.0,false,NOT_SCORED_UNDETERMINED,NOT_AVAILABLE_PENDING_FORMAL_GATE,NOT_AVAILABLE_PENDING_FORMAL_GATE,AI_PROVISIONAL,DEVELOPMENT_ONLY,false,NOT A FORMAL COMPETITION RESULT OR RANKING
P017,NO_EVIDENCE,NO_EVIDENCE,L6,,medium,true,false,0.0,false,NOT_SCORED_NO_EVIDENCE,NOT_AVAILABLE_PENDING_FORMAL_GATE,NOT_AVAILABLE_PENDING_FORMAL_GATE,AI_PROVISIONAL,DEVELOPMENT_ONLY,false,NOT A FORMAL COMPETITION RESULT OR RANKING
P018,UNDETERMINED,UNDETERMINED,L6,,low,true,true,0.0,false,NOT_SCORED_UNDETERMINED,NOT_AVAILABLE_PENDING_FORMAL_GATE,NOT_AVAILABLE_PENDING_FORMAL_GATE,AI_PROVISIONAL,DEVELOPMENT_ONLY,false,NOT A FORMAL COMPETITION RESULT OR RANKING
P020,UNDETERMINED,UNDETERMINED,L4,,low,true,true,0.0,false,NOT_SCORED_UNDETERMINED,NOT_AVAILABLE_PENDING_FORMAL_GATE,NOT_AVAILABLE_PENDING_FORMAL_GATE,AI_PROVISIONAL,DEVELOPMENT_ONLY,false,NOT A FORMAL COMPETITION RESULT OR RANKING
P023,UNDETERMINED,UNDETERMINED,L6,,low,true,true,0.0,false,NOT_SCORED_UNDETERMINED,NOT_AVAILABLE_PENDING_FORMAL_GATE,NOT_AVAILABLE_PENDING_FORMAL_GATE,AI_PROVISIONAL,DEVELOPMENT_ONLY,false,NOT A FORMAL COMPETITION RESULT OR RANKING
P024,READABLE_EVIDENCE,L2,L4,2,medium,true,false,0.75,true,IN_SCORE_DENOMINATOR,NOT_AVAILABLE_PENDING_FORMAL_GATE,NOT_AVAILABLE_PENDING_FORMAL_GATE,AI_PROVISIONAL,DEVELOPMENT_ONLY,false,NOT A FORMAL COMPETITION RESULT OR RANKING
P026,UNDETERMINED,UNDETERMINED,L5,,low,true,true,0.0,false,NOT_SCORED_UNDETERMINED,NOT_AVAILABLE_PENDING_FORMAL_GATE,NOT_AVAILABLE_PENDING_FORMAL_GATE,AI_PROVISIONAL,DEVELOPMENT_ONLY,false,NOT A FORMAL COMPETITION RESULT OR RANKING
P027,UNDETERMINED,UNDETERMINED,L6,,low,true,true,0.0,false,NOT_SCORED_UNDETERMINED,NOT_AVAILABLE_PENDING_FORMAL_GATE,NOT_AVAILABLE_PENDING_FORMAL_GATE,AI_PROVISIONAL,DEVELOPMENT_ONLY,false,NOT A FORMAL COMPETITION RESULT OR RANKING
P028,UNDETERMINED,UNDETERMINED,L4,,low,true,true,0.0,false,NOT_SCORED_UNDETERMINED,NOT_AVAILABLE_PENDING_FORMAL_GATE,NOT_AVAILABLE_PENDING_FORMAL_GATE,AI_PROVISIONAL,DEVELOPMENT_ONLY,false,NOT A FORMAL COMPETITION RESULT OR RANKING
P030,READABLE_EVIDENCE,L4,L4,4,medium,true,false,0.75,true,IN_SCORE_DENOMINATOR,NOT_AVAILABLE_PENDING_FORMAL_GATE,NOT_AVAILABLE_PENDING_FORMAL_GATE,AI_PROVISIONAL,DEVELOPMENT_ONLY,false,NOT A FORMAL COMPETITION RESULT OR RANKING
P031,NO_EVIDENCE,NO_EVIDENCE,L4,,low,false,false,0.0,false,NOT_SCORED_NO_EVIDENCE,NOT_AVAILABLE_PENDING_FORMAL_GATE,NOT_AVAILABLE_PENDING_FORMAL_GATE,AI_PROVISIONAL,DEVELOPMENT_ONLY,false,NOT A FORMAL COMPETITION RESULT OR RANKING
P032,UNDETERMINED,UNDETERMINED,L6,,low,true,true,0.0,false,NOT_SCORED_UNDETERMINED,NOT_AVAILABLE_PENDING_FORMAL_GATE,NOT_AVAILABLE_PENDING_FORMAL_GATE,AI_PROVISIONAL,DEVELOPMENT_ONLY,false,NOT A FORMAL COMPETITION RESULT OR RANKING
P033,READABLE_EVIDENCE,L6,L4,6,medium,true,false,0.75,true,IN_SCORE_DENOMINATOR,NOT_AVAILABLE_PENDING_FORMAL_GATE,NOT_AVAILABLE_PENDING_FORMAL_GATE,AI_PROVISIONAL,DEVELOPMENT_ONLY,false,NOT A FORMAL COMPETITION RESULT OR RANKING
P035,UNDETERMINED,UNDETERMINED,L6,,low,true,true,0.0,false,NOT_SCORED_UNDETERMINED,NOT_AVAILABLE_PENDING_FORMAL_GATE,NOT_AVAILABLE_PENDING_FORMAL_GATE,AI_PROVISIONAL,DEVELOPMENT_ONLY,false,NOT A FORMAL COMPETITION RESULT OR RANKING
P036,UNDETERMINED,UNDETERMINED,L4,,low,true,true,0.0,false,NOT_SCORED_UNDETERMINED,NOT_AVAILABLE_PENDING_FORMAL_GATE,NOT_AVAILABLE_PENDING_FORMAL_GATE,AI_PROVISIONAL,DEVELOPMENT_ONLY,false,NOT A FORMAL COMPETITION RESULT OR RANKING
P038,UNDETERMINED,UNDETERMINED,L6,,low,true,true,0.0,false,NOT_SCORED_UNDETERMINED,NOT_AVAILABLE_PENDING_FORMAL_GATE,NOT_AVAILABLE_PENDING_FORMAL_GATE,AI_PROVISIONAL,DEVELOPMENT_ONLY,false,NOT A FORMAL COMPETITION RESULT OR RANKING
P039,READABLE_EVIDENCE,L6,L5,6,medium,true,false,0.75,true,IN_SCORE_DENOMINATOR,NOT_AVAILABLE_PENDING_FORMAL_GATE,NOT_AVAILABLE_PENDING_FORMAL_GATE,AI_PROVISIONAL,DEVELOPMENT_ONLY,false,NOT A FORMAL COMPETITION RESULT OR RANKING
P040,READABLE_EVIDENCE,L2,L5,2,medium,true,false,0.75,true,IN_SCORE_DENOMINATOR,NOT_AVAILABLE_PENDING_FORMAL_GATE,NOT_AVAILABLE_PENDING_FORMAL_GATE,AI_PROVISIONAL,DEVELOPMENT_ONLY,false,NOT A FORMAL COMPETITION RESULT OR RANKING
P047,READABLE_EVIDENCE,L3,L4,3,medium,true,false,0.75,true,IN_SCORE_DENOMINATOR,NOT_AVAILABLE_PENDING_FORMAL_GATE,NOT_AVAILABLE_PENDING_FORMAL_GATE,AI_PROVISIONAL,DEVELOPMENT_ONLY,false,NOT A FORMAL COMPETITION RESULT OR RANKING
P050,READABLE_EVIDENCE,L2,L5,2,medium,true,false,0.75,true,IN_SCORE_DENOMINATOR,NOT_AVAILABLE_PENDING_FORMAL_GATE,NOT_AVAILABLE_PENDING_FORMAL_GATE,AI_PROVISIONAL,DEVELOPMENT_ONLY,false,NOT A FORMAL COMPETITION RESULT OR RANKING
P051,UNDETERMINED,UNDETERMINED,L6,,low,false,false,0.0,false,NOT_SCORED_UNDETERMINED,NOT_AVAILABLE_PENDING_FORMAL_GATE,NOT_AVAILABLE_PENDING_FORMAL_GATE,AI_PROVISIONAL,DEVELOPMENT_ONLY,false,NOT A FORMAL COMPETITION RESULT OR RANKING
P052,NO_EVIDENCE,NO_EVIDENCE,UNDETERMINED,,low,false,false,0.0,false,NOT_SCORED_NO_EVIDENCE,NOT_AVAILABLE_PENDING_FORMAL_GATE,NOT_AVAILABLE_PENDING_FORMAL_GATE,AI_PROVISIONAL,DEVELOPMENT_ONLY,false,NOT A FORMAL COMPETITION RESULT OR RANKING
P053,UNDETERMINED,UNDETERMINED,L6,,low,true,true,0.0,false,NOT_SCORED_UNDETERMINED,NOT_AVAILABLE_PENDING_FORMAL_GATE,NOT_AVAILABLE_PENDING_FORMAL_GATE,AI_PROVISIONAL,DEVELOPMENT_ONLY,false,NOT A FORMAL COMPETITION RESULT OR RANKING
P054,UNDETERMINED,UNDETERMINED,L6,,low,true,true,0.0,false,NOT_SCORED_UNDETERMINED,NOT_AVAILABLE_PENDING_FORMAL_GATE,NOT_AVAILABLE_PENDING_FORMAL_GATE,AI_PROVISIONAL,DEVELOPMENT_ONLY,false,NOT A FORMAL COMPETITION RESULT OR RANKING
P059,READABLE_EVIDENCE,L3,L6,3,medium,true,false,0.75,true,IN_SCORE_DENOMINATOR,NOT_AVAILABLE_PENDING_FORMAL_GATE,NOT_AVAILABLE_PENDING_FORMAL_GATE,AI_PROVISIONAL,DEVELOPMENT_ONLY,false,NOT A FORMAL COMPETITION RESULT OR RANKING
P061,NO_EVIDENCE,NO_EVIDENCE,L6,,medium,true,false,0.0,false,NOT_SCORED_NO_EVIDENCE,NOT_AVAILABLE_PENDING_FORMAL_GATE,NOT_AVAILABLE_PENDING_FORMAL_GATE,AI_PROVISIONAL,DEVELOPMENT_ONLY,false,NOT A FORMAL COMPETITION RESULT OR RANKING
P062,UNDETERMINED,UNDETERMINED,L4,,low,true,true,0.0,false,NOT_SCORED_UNDETERMINED,NOT_AVAILABLE_PENDING_FORMAL_GATE,NOT_AVAILABLE_PENDING_FORMAL_GATE,AI_PROVISIONAL,DEVELOPMENT_ONLY,false,NOT A FORMAL COMPETITION RESULT OR RANKING
P065,UNDETERMINED,UNDETERMINED,L6,,low,true,true,0.0,false,NOT_SCORED_UNDETERMINED,NOT_AVAILABLE_PENDING_FORMAL_GATE,NOT_AVAILABLE_PENDING_FORMAL_GATE,AI_PROVISIONAL,DEVELOPMENT_ONLY,false,NOT A FORMAL COMPETITION RESULT OR RANKING
P067,READABLE_EVIDENCE,L3,L4,3,medium,true,false,0.75,true,IN_SCORE_DENOMINATOR,NOT_AVAILABLE_PENDING_FORMAL_GATE,NOT_AVAILABLE_PENDING_FORMAL_GATE,AI_PROVISIONAL,DEVELOPMENT_ONLY,false,NOT A FORMAL COMPETITION RESULT OR RANKING
P068,UNDETERMINED,UNDETERMINED,L5,,low,true,true,0.0,false,NOT_SCORED_UNDETERMINED,NOT_AVAILABLE_PENDING_FORMAL_GATE,NOT_AVAILABLE_PENDING_FORMAL_GATE,AI_PROVISIONAL,DEVELOPMENT_ONLY,false,NOT A FORMAL COMPETITION RESULT OR RANKING
P069,UNDETERMINED,UNDETERMINED,L4,,low,true,true,0.0,false,NOT_SCORED_UNDETERMINED,NOT_AVAILABLE_PENDING_FORMAL_GATE,NOT_AVAILABLE_PENDING_FORMAL_GATE,AI_PROVISIONAL,DEVELOPMENT_ONLY,false,NOT A FORMAL COMPETITION RESULT OR RANKING
P071,UNDETERMINED,UNDETERMINED,L4,,low,false,false,0.0,false,NOT_SCORED_UNDETERMINED,NOT_AVAILABLE_PENDING_FORMAL_GATE,NOT_AVAILABLE_PENDING_FORMAL_GATE,AI_PROVISIONAL,DEVELOPMENT_ONLY,false,NOT A FORMAL COMPETITION RESULT OR RANKING
P072,UNDETERMINED,UNDETERMINED,L4,,low,true,true,0.0,false,NOT_SCORED_UNDETERMINED,NOT_AVAILABLE_PENDING_FORMAL_GATE,NOT_AVAILABLE_PENDING_FORMAL_GATE,AI_PROVISIONAL,DEVELOPMENT_ONLY,false,NOT A FORMAL COMPETITION RESULT OR RANKING
P074,UNDETERMINED,UNDETERMINED,L6,,low,true,true,0.0,false,NOT_SCORED_UNDETERMINED,NOT_AVAILABLE_PENDING_FORMAL_GATE,NOT_AVAILABLE_PENDING_FORMAL_GATE,AI_PROVISIONAL,DEVELOPMENT_ONLY,false,NOT A FORMAL COMPETITION RESULT OR RANKING
P076,READABLE_EVIDENCE,L3,L6,3,medium,true,false,0.75,true,IN_SCORE_DENOMINATOR,NOT_AVAILABLE_PENDING_FORMAL_GATE,NOT_AVAILABLE_PENDING_FORMAL_GATE,AI_PROVISIONAL,DEVELOPMENT_ONLY,false,NOT A FORMAL COMPETITION RESULT OR RANKING
P077,NO_EVIDENCE,NO_EVIDENCE,L4,,low,true,true,0.0,false,NOT_SCORED_NO_EVIDENCE,NOT_AVAILABLE_PENDING_FORMAL_GATE,NOT_AVAILABLE_PENDING_FORMAL_GATE,AI_PROVISIONAL,DEVELOPMENT_ONLY,false,NOT A FORMAL COMPETITION RESULT OR RANKING
P080,UNDETERMINED,UNDETERMINED,L4,,low,true,true,0.0,false,NOT_SCORED_UNDETERMINED,NOT_AVAILABLE_PENDING_FORMAL_GATE,NOT_AVAILABLE_PENDING_FORMAL_GATE,AI_PROVISIONAL,DEVELOPMENT_ONLY,false,NOT A FORMAL COMPETITION RESULT OR RANKING
P082,UNDETERMINED,UNDETERMINED,L4,,low,true,true,0.0,false,NOT_SCORED_UNDETERMINED,NOT_AVAILABLE_PENDING_FORMAL_GATE,NOT_AVAILABLE_PENDING_FORMAL_GATE,AI_PROVISIONAL,DEVELOPMENT_ONLY,false,NOT A FORMAL COMPETITION RESULT OR RANKING
P083,READABLE_EVIDENCE,L2,L4,2,medium,true,false,0.75,true,IN_SCORE_DENOMINATOR,NOT_AVAILABLE_PENDING_FORMAL_GATE,NOT_AVAILABLE_PENDING_FORMAL_GATE,AI_PROVISIONAL,DEVELOPMENT_ONLY,false,NOT A FORMAL COMPETITION RESULT OR RANKING
P088,NO_EVIDENCE,NO_EVIDENCE,L4,,medium,true,false,0.0,false,NOT_SCORED_NO_EVIDENCE,NOT_AVAILABLE_PENDING_FORMAL_GATE,NOT_AVAILABLE_PENDING_FORMAL_GATE,AI_PROVISIONAL,DEVELOPMENT_ONLY,false,NOT A FORMAL COMPETITION RESULT OR RANKING
P089,NO_EVIDENCE,NO_EVIDENCE,L4,,low,false,false,0.0,false,NOT_SCORED_NO_EVIDENCE,NOT_AVAILABLE_PENDING_FORMAL_GATE,NOT_AVAILABLE_PENDING_FORMAL_GATE,AI_PROVISIONAL,DEVELOPMENT_ONLY,false,NOT A FORMAL COMPETITION RESULT OR RANKING
P094,READABLE_EVIDENCE,L3,L3,3,medium,true,false,0.75,true,IN_SCORE_DENOMINATOR,NOT_AVAILABLE_PENDING_FORMAL_GATE,NOT_AVAILABLE_PENDING_FORMAL_GATE,AI_PROVISIONAL,DEVELOPMENT_ONLY,false,NOT A FORMAL COMPETITION RESULT OR RANKING
P096,NO_EVIDENCE,NO_EVIDENCE,L3,,low,false,false,0.0,false,NOT_SCORED_NO_EVIDENCE,NOT_AVAILABLE_PENDING_FORMAL_GATE,NOT_AVAILABLE_PENDING_FORMAL_GATE,AI_PROVISIONAL,DEVELOPMENT_ONLY,false,NOT A FORMAL COMPETITION RESULT OR RANKING
P097,NO_EVIDENCE,NO_EVIDENCE,L6,,low,true,true,0.0,false,NOT_SCORED_NO_EVIDENCE,NOT_AVAILABLE_PENDING_FORMAL_GATE,NOT_AVAILABLE_PENDING_FORMAL_GATE,AI_PROVISIONAL,DEVELOPMENT_ONLY,false,NOT A FORMAL COMPETITION RESULT OR RANKING
P100,READABLE_EVIDENCE,L5,L5,5,medium,true,false,0.75,true,IN_SCORE_DENOMINATOR,NOT_AVAILABLE_PENDING_FORMAL_GATE,NOT_AVAILABLE_PENDING_FORMAL_GATE,AI_PROVISIONAL,DEVELOPMENT_ONLY,false,NOT A FORMAL COMPETITION RESULT OR RANKING
P103,UNDETERMINED,UNDETERMINED,L6,,low,true,true,0.0,false,NOT_SCORED_UNDETERMINED,NOT_AVAILABLE_PENDING_FORMAL_GATE,NOT_AVAILABLE_PENDING_FORMAL_GATE,AI_PROVISIONAL,DEVELOPMENT_ONLY,false,NOT A FORMAL COMPETITION RESULT OR RANKING
P104,NO_EVIDENCE,NO_EVIDENCE,L6,,low,true,true,0.0,false,NOT_SCORED_NO_EVIDENCE,NOT_AVAILABLE_PENDING_FORMAL_GATE,NOT_AVAILABLE_PENDING_FORMAL_GATE,AI_PROVISIONAL,DEVELOPMENT_ONLY,false,NOT A FORMAL COMPETITION RESULT OR RANKING
P105,READABLE_EVIDENCE,L2,L5,2,medium,true,false,0.75,true,IN_SCORE_DENOMINATOR,NOT_AVAILABLE_PENDING_FORMAL_GATE,NOT_AVAILABLE_PENDING_FORMAL_GATE,AI_PROVISIONAL,DEVELOPMENT_ONLY,false,NOT A FORMAL COMPETITION RESULT OR RANKING
P106,NO_EVIDENCE,NO_EVIDENCE,L5,,low,true,true,0.0,false,NOT_SCORED_NO_EVIDENCE,NOT_AVAILABLE_PENDING_FORMAL_GATE,NOT_AVAILABLE_PENDING_FORMAL_GATE,AI_PROVISIONAL,DEVELOPMENT_ONLY,false,NOT A FORMAL COMPETITION RESULT OR RANKING
P107,UNDETERMINED,UNDETERMINED,L4,,low,true,true,0.0,false,NOT_SCORED_UNDETERMINED,NOT_AVAILABLE_PENDING_FORMAL_GATE,NOT_AVAILABLE_PENDING_FORMAL_GATE,AI_PROVISIONAL,DEVELOPMENT_ONLY,false,NOT A FORMAL COMPETITION RESULT OR RANKING
P108,READABLE_EVIDENCE,L6,L6,6,medium,true,false,0.75,true,IN_SCORE_DENOMINATOR,NOT_AVAILABLE_PENDING_FORMAL_GATE,NOT_AVAILABLE_PENDING_FORMAL_GATE,AI_PROVISIONAL,DEVELOPMENT_ONLY,false,NOT A FORMAL COMPETITION RESULT OR RANKING
P116,UNDETERMINED,UNDETERMINED,L6,,low,true,true,0.0,false,NOT_SCORED_UNDETERMINED,NOT_AVAILABLE_PENDING_FORMAL_GATE,NOT_AVAILABLE_PENDING_FORMAL_GATE,AI_PROVISIONAL,DEVELOPMENT_ONLY,false,NOT A FORMAL COMPETITION RESULT OR RANKING
P118,READABLE_EVIDENCE,L5,L5,5,medium,true,false,0.75,true,IN_SCORE_DENOMINATOR,NOT_AVAILABLE_PENDING_FORMAL_GATE,NOT_AVAILABLE_PENDING_FORMAL_GATE,AI_PROVISIONAL,DEVELOPMENT_ONLY,false,NOT A FORMAL COMPETITION RESULT OR RANKING
P121,NO_EVIDENCE,NO_EVIDENCE,L3,,low,false,false,0.0,false,NOT_SCORED_NO_EVIDENCE,NOT_AVAILABLE_PENDING_FORMAL_GATE,NOT_AVAILABLE_PENDING_FORMAL_GATE,AI_PROVISIONAL,DEVELOPMENT_ONLY,false,NOT A FORMAL COMPETITION RESULT OR RANKING
P127,NO_EVIDENCE,NO_EVIDENCE,L2,,low,false,false,0.0,false,NOT_SCORED_NO_EVIDENCE,NOT_AVAILABLE_PENDING_FORMAL_GATE,NOT_AVAILABLE_PENDING_FORMAL_GATE,AI_PROVISIONAL,DEVELOPMENT_ONLY,false,NOT A FORMAL COMPETITION RESULT OR RANKING
P131,NO_EVIDENCE,NO_EVIDENCE,L4,,low,false,false,0.0,false,NOT_SCORED_NO_EVIDENCE,NOT_AVAILABLE_PENDING_FORMAL_GATE,NOT_AVAILABLE_PENDING_FORMAL_GATE,AI_PROVISIONAL,DEVELOPMENT_ONLY,false,NOT A FORMAL COMPETITION RESULT OR RANKING
P133,UNDETERMINED,UNDETERMINED,L5,,low,true,true,0.0,false,NOT_SCORED_UNDETERMINED,NOT_AVAILABLE_PENDING_FORMAL_GATE,NOT_AVAILABLE_PENDING_FORMAL_GATE,AI_PROVISIONAL,DEVELOPMENT_ONLY,false,NOT A FORMAL COMPETITION RESULT OR RANKING
P137,UNDETERMINED,UNDETERMINED,L6,,low,true,false,0.0,false,NOT_SCORED_UNDETERMINED,NOT_AVAILABLE_PENDING_FORMAL_GATE,NOT_AVAILABLE_PENDING_FORMAL_GATE,AI_PROVISIONAL,DEVELOPMENT_ONLY,false,NOT A FORMAL COMPETITION RESULT OR RANKING
P138,UNDETERMINED,UNDETERMINED,L6,,low,true,false,0.0,false,NOT_SCORED_UNDETERMINED,NOT_AVAILABLE_PENDING_FORMAL_GATE,NOT_AVAILABLE_PENDING_FORMAL_GATE,AI_PROVISIONAL,DEVELOPMENT_ONLY,false,NOT A FORMAL COMPETITION RESULT OR RANKING
P139,NO_EVIDENCE,NO_EVIDENCE,UNDETERMINED,,low,true,false,0.0,false,NOT_SCORED_NO_EVIDENCE,NOT_AVAILABLE_PENDING_FORMAL_GATE,NOT_AVAILABLE_PENDING_FORMAL_GATE,AI_PROVISIONAL,DEVELOPMENT_ONLY,false,NOT A FORMAL COMPETITION RESULT OR RANKING
P140,NO_EVIDENCE,NO_EVIDENCE,UNDETERMINED,,low,true,false,0.0,false,NOT_SCORED_NO_EVIDENCE,NOT_AVAILABLE_PENDING_FORMAL_GATE,NOT_AVAILABLE_PENDING_FORMAL_GATE,AI_PROVISIONAL,DEVELOPMENT_ONLY,false,NOT A FORMAL COMPETITION RESULT OR RANKING
